customerID,gender,SeniorCitizen,Partner,Dependents,tenure,InternetService,OnlineSecurity,TechSupport,Contract,PaperlessBilling,PaymentMethod,MonthlyCharges,TotalCharges,Churn
0000-LMNO61,Female,0,Yes,No,29.0,Fiber optic,No,No,One year,No,Electronic check,67.89,1970.52,No
0001-ABCD24,Male,0,No,No,9.0,No,No internet service,No internet service,Month-to-month,No,Mailed check,33.95,298.63,No
0002-LMNO81,Female,0,No,No,33.0,No,No internet service,No internet service,One year,No,Bank transfer (automatic),18.0,597.73,No
0003-ABCD30,Male,0,Yes,Yes,11.0,Fiber optic,No,No,Month-to-month,Yes,Mailed check,64.31,701.25,Yes
0004-LMNO92,Female,0,Yes,Yes,24.0,No,No internet service,No internet service,Month-to-month,Yes,Mailed check,23.03,557.13,No
0005-LMNO84,Female,0,Yes,No,50.0,Fiber optic,Yes,Yes,Two year,No,Bank transfer (automatic),84.36,4216.66,No
0006-LMNO97,Female,0,No,No,1.0,Fiber optic,No,No,Month-to-month,Yes,Electronic check,79.21,89.51,Yes
0007-ABCD33,Female,1,No,Yes,46.0,DSL,No,Yes,One year,No,Mailed check,37.05,1709.21,No
0008-LMNO31,Female,0,Yes,Yes,2.0,Fiber optic,No,No,Month-to-month,Yes,Mailed check,70.18,145.3,Yes
0009-ABCD11,Female,1,No,No,36.0,Fiber optic,No,No,One year,No,Electronic check,74.09,2667.96,No
0010-WXYZ47,Male,0,Yes,Yes,1.0,No,No internet service,No internet service,Month-to-month,Yes,Mailed check,18.0,23.05,No
0011-WXYZ73,Male,0,No,No,1.0,DSL,Yes,Yes,Month-to-month,Yes,Bank transfer (automatic),53.04,56.84,No
0012-ABCD42,Male,0,No,No,56.0,No,No internet service,No internet service,Two year,Yes,Bank transfer (automatic),27.24,1515.76,No
0013-WXYZ31,Male,0,Yes,Yes,7.0,Fiber optic,No,No,Month-to-month,No,Electronic check,65.8,456.25,Yes
0014-ABCD98,Male,0,No,No,43.0,Fiber optic,Yes,Yes,One year,Yes,Credit card (automatic),90.22,3874.81,No
0015-ABCD68,Female,0,No,No,29.0,Fiber optic,No,No,One year,No,Bank transfer (automatic),65.38,1892.13,Yes
0016-LMNO51,Male,0,Yes,No,59.0,No,No internet service,No internet service,One year,Yes,Mailed check,18.41,1084.91,No
0017-LMNO71,Female,0,Yes,No,50.0,Fiber optic,No,No,One year,Yes,Electronic check,73.79,,No
0018-WXYZ56,Male,1,No,No,7.0,Fiber optic,No,No,Month-to-month,No,Bank transfer (automatic),71.77,508.26,Yes
0019-WXYZ60,Male,1,Yes,No,3.0,Fiber optic,Yes,No,Month-to-month,Yes,Credit card (automatic),80.34,244.05,Yes
0020-LMNO73,Female,0,Yes,No,72.0,DSL,Yes,No,Two year,Yes,Mailed check,62.65,4517.0,No
0021-ABCD12,Female,0,Yes,No,62.0,Fiber optic,No,Yes,Two year,Yes,Bank transfer (automatic),59.14,,No
0022-ABCD60,Female,0,No,No,5.0,Fiber optic,Yes,Yes,Month-to-month,No,Mailed check,79.0,392.48,Yes
0023-LMNO30,Female,0,No,No,8.0,Fiber optic,No,Yes,Month-to-month,No,Mailed check,78.73,628.54,Yes
0024-ABCD48,Male,0,No,No,53.0,Fiber optic,No,No,Two year,Yes,Electronic check,69.15,3661.61,No
0025-WXYZ13,Female,0,No,No,58.0,Fiber optic,No,No,Two year,Yes,Bank transfer (automatic),73.59,4262.61,No
0026-ABCD69,Male,0,Yes,No,35.0,Fiber optic,Yes,No,Two year,Yes,Mailed check,88.44,3097.35,No
0027-WXYZ18,Male,1,No,Yes,62.0,No,No internet service,No internet service,Two year,No,Electronic check,18.28,1129.84,No
0028-WXYZ62,Male,0,No,No,14.0,Fiber optic,Yes,Yes,Month-to-month,Yes,Mailed check,85.59,1202.29,Yes
0029-WXYZ93,Male,0,Yes,No,64.0,Fiber optic,No,No,Two year,No,Credit card (automatic),64.14,4098.85,No
0030-LMNO69,Male,0,Yes,Yes,69.0,Fiber optic,Yes,No,Two year,Yes,Bank transfer (automatic),85.65,5914.17,No
0031-LMNO53,Female,0,Yes,No,27.0,No,No internet service,No internet service,Month-to-month,No,Electronic check,18.0,487.07,No
0032-ABCD17,Female,0,No,No,8.0,Fiber optic,Yes,No,Month-to-month,Yes,Credit card (automatic),95.46,764.76,No
0033-LMNO44,Male,0,No,No,9.0,No,No internet service,No internet service,Month-to-month,No,Electronic check,18.0,163.22,No
0034-WXYZ90,Male,0,No,Yes,23.0,No,No internet service,No internet service,One year,Yes,Electronic check,22.57,518.7,No
0035-WXYZ13,Male,1,No,No,1.0,Fiber optic,No,No,Month-to-month,Yes,Electronic check,68.63,68.31,No
0036-WXYZ15,Male,0,Yes,No,3.0,Fiber optic,No,No,Month-to-month,No,Electronic check,74.07,220.86,Yes
0037-WXYZ13,Female,0,No,No,3.0,DSL,No,No,Month-to-month,No,Electronic check,38.22,116.16,Yes
0038-WXYZ72,Male,0,No,No,4.0,DSL,No,Yes,Month-to-month,Yes,Bank transfer (automatic),44.34,180.12,No
0039-WXYZ53,Female,0,Yes,No,34.0,DSL,Yes,Yes,Month-to-month,No,Bank transfer (automatic),62.96,2138.38,No
0040-WXYZ83,Male,0,No,No,67.0,No,No internet service,No internet service,Two year,Yes,Bank transfer (automatic),21.18,1426.0,No
0041-WXYZ23,Female,0,Yes,No,19.0,Fiber optic,No,Yes,Month-to-month,Yes,Bank transfer (automatic),72.48,1375.29,Yes
0042-LMNO57,Male,0,No,No,41.0,DSL,Yes,Yes,Two year,Yes,Bank transfer (automatic),55.85,2286.34,No
0043-LMNO81,Female,1,No,No,52.0,Fiber optic,No,No,Two year,Yes,Electronic check,68.27,3549.28,No
0044-WXYZ96,Male,0,No,No,66.0,DSL,No,Yes,Two year,No,Bank transfer (automatic),44.91,2960.23,No
0045-ABCD71,Female,0,No,No,37.0,DSL,No,No,One year,Yes,Bank transfer (automatic),48.9,1811.63,No
0046-ABCD89,Male,0,Yes,No,7.0,Fiber optic,No,No,Month-to-month,Yes,Credit card (automatic),76.98,538.15,No
0047-ABCD91,Male,0,No,No,8.0,Fiber optic,No,No,Month-to-month,Yes,Electronic check,60.71,489.35,No
0048-LMNO62,Female,0,Yes,No,1.0,Fiber optic,No,No,Month-to-month,Yes,Electronic check,68.4,68.1,Yes
0049-WXYZ98,Female,0,No,No,37.0,Fiber optic,Yes,Yes,Two year,No,Bank transfer (automatic),81.71,3022.8,No
0050-ABCD50,Female,0,No,No,,No,No internet service,No internet service,Month-to-month,No,Bank transfer (automatic),18.0,87.96,No
0051-ABCD24,Female,0,No,No,20.0,DSL,No,No,One year,Yes,Electronic check,46.33,930.73,Yes
0052-ABCD74,Female,0,Yes,No,56.0,DSL,No,No,Two year,Yes,Bank transfer (automatic),45.16,2527.74,No
0053-ABCD80,Male,0,No,No,62.0,Fiber optic,No,Yes,Two year,No,Electronic check,64.39,3993.5,No
0054-ABCD97,Male,0,No,Yes,25.0,Fiber optic,Yes,No,One year,Yes,Credit card (automatic),79.15,1983.98,No
0055-ABCD17,Male,0,No,No,43.0,Fiber optic,No,No,One year,Yes,Electronic check,72.31,3108.89,Yes
0056-LMNO20,Female,0,Yes,Yes,12.0,Fiber optic,No,No,Month-to-month,Yes,Electronic check,64.54,773.98,No
0057-LMNO90,Male,0,Yes,Yes,31.0,DSL,No,No,One year,Yes,Electronic check,41.53,1286.28,No
0058-LMNO44,Male,0,Yes,No,2.0,No,No internet service,No internet service,Month-to-month,No,Mailed check,24.62,50.19,No
0059-ABCD14,Female,0,No,Yes,48.0,Fiber optic,No,Yes,Two year,Yes,Electronic check,70.86,3405.31,No
0060-WXYZ50,Female,0,No,No,1.0,DSL,No,No,Month-to-month,No,Bank transfer (automatic),52.74,56.63,Yes
0061-LMNO82,Male,0,No,No,13.0,Fiber optic,No,No,Month-to-month,Yes,Credit card (automatic),69.47,905.57,Yes
0062-WXYZ42,Male,0,Yes,Yes,62.0,Fiber optic,No,No,Two year,Yes,Electronic check,81.16,5037.97,No
0063-LMNO32,Male,0,Yes,No,23.0,Fiber optic,Yes,No,Month-to-month,No,Bank transfer (automatic),84.08,1934.25,No
0064-WXYZ97,Male,0,No,No,44.0,DSL,Yes,No,Two year,No,Electronic check,65.99,2910.58,No
0065-ABCD53,Male,0,No,Yes,47.0,DSL,No,No,Two year,No,Mailed check,40.8,1922.85,No
0066-WXYZ44,Female,0,No,No,59.0,Fiber optic,No,Yes,Two year,Yes,Electronic check,66.75,3934.98,No
0067-ABCD56,Female,0,No,No,10.0,DSL,Yes,No,Month-to-month,No,Electronic check,68.46,688.54,No
0068-WXYZ12,Female,0,Yes,No,6.0,DSL,No,Yes,Month-to-month,Yes,Bank transfer (automatic),41.52,239.84,No
0069-ABCD14,Male,0,No,No,43.0,Fiber optic,Yes,No,Two year,Yes,Electronic check,83.91,3614.14,No
0070-WXYZ23,Female,0,No,No,44.0,DSL,Yes,Yes,Two year,No,Credit card (automatic),56.69,2494.0,No
0071-LMNO36,Male,0,No,No,31.0,DSL,No,No,Month-to-month,No,Bank transfer (automatic),50.62,1565.33,No
0072-ABCD88,Male,0,Yes,Yes,16.0,Fiber optic,No,No,Month-to-month,No,Bank transfer (automatic),63.95,1014.46,Yes
0073-LMNO51,Female,0,Yes,No,1.0,DSL,No,No,Month-to-month,No,Credit card (automatic),51.54,50.86,No
0074-ABCD60,Male,1,Yes,Yes,36.0,Fiber optic,Yes,Yes,Two year,Yes,Credit card (automatic),86.22,3110.0,No
0075-LMNO61,Male,0,No,No,45.0,DSL,Yes,Yes,Month-to-month,Yes,Mailed check,60.93,2743.06,No
0076-ABCD13,Female,0,Yes,No,45.0,No,No internet service,No internet service,Month-to-month,No,Mailed check,19.71,884.97,No
0077-WXYZ32,Male,1,Yes,Yes,32.0,DSL,No,No,One year,Yes,Electronic check,51.25,1639.05,No
0078-LMNO24,Female,0,Yes,No,4.0,Fiber optic,No,No,Month-to-month,Yes,Bank transfer (automatic),68.9,282.25,No
0079-LMNO38,Male,0,No,No,67.0,Fiber optic,No,No,Two year,Yes,Mailed check,66.45,4455.64,No
0080-ABCD41,Female,0,Yes,Yes,7.0,Fiber optic,Yes,No,Month-to-month,Yes,Credit card (automatic),87.6,612.99,No
0081-LMNO68,Male,0,No,No,2.0,Fiber optic,No,Yes,Month-to-month,No,Electronic check,69.57,143.81,No
0082-LMNO95,Male,0,Yes,No,12.0,DSL,Yes,Yes,Month-to-month,Yes,Electronic check,69.8,841.57,No
0083-WXYZ51,Female,1,Yes,No,4.0,Fiber optic,No,Yes,Month-to-month,Yes,Electronic check,74.56,293.79,Yes
0084-ABCD71,Male,0,No,No,12.0,Fiber optic,No,No,Month-to-month,No,Credit card (automatic),71.73,859.03,Yes
0085-ABCD15,Male,0,Yes,Yes,5.0,DSL,Yes,No,Month-to-month,Yes,Electronic check,67.17,342.95,Yes
0086-WXYZ71,Male,0,Yes,No,14.0,DSL,No,No,Month-to-month,No,Mailed check,37.75,531.88,No
0087-LMNO98,Male,0,Yes,No,39.0,Fiber optic,No,Yes,Two year,Yes,Mailed check,72.81,2848.45,No
0088-LMNO71,Male,0,No,No,13.0,DSL,No,No,Month-to-month,No,Electronic check,45.51,594.63,No
0089-ABCD10,Male,1,No,No,72.0,No,No internet service,No internet service,Two year,Yes,Mailed check,18.98,1363.01,No
0090-ABCD36,Female,1,Yes,No,36.0,Fiber optic,Yes,No,One year,Yes,Mailed check,83.6,3009.5,No
0091-WXYZ86,Male,0,Yes,Yes,7.0,Fiber optic,Yes,Yes,Month-to-month,Yes,Electronic check,90.57,637.93,Yes
0092-ABCD12,Male,1,No,No,1.0,DSL,Yes,Yes,Month-to-month,Yes,Mailed check,50.69,50.65,No
0093-LMNO79,Male,0,No,No,2.0,DSL,No,No,Month-to-month,No,Credit card (automatic),47.36,95.02,No
0094-LMNO18,Male,0,Yes,No,3.0,Fiber optic,No,Yes,Month-to-month,Yes,Credit card (automatic),62.85,198.73,No
0095-WXYZ46,Female,0,No,No,1.0,Fiber optic,No,Yes,Month-to-month,No,Mailed check,68.78,67.59,Yes
0096-ABCD60,Male,0,No,No,14.0,No,No internet service,No internet service,Month-to-month,Yes,Mailed check,19.75,278.11,Yes
0097-WXYZ53,Female,0,No,No,26.0,No,No internet service,No internet service,One year,No,Electronic check,28.08,731.38,No
0098-LMNO68,Male,0,Yes,No,33.0,DSL,No,No,One year,No,Credit card (automatic),42.33,1401.46,No
0099-WXYZ41,Female,0,Yes,No,20.0,No,No internet service,No internet service,Month-to-month,Yes,Electronic check,20.27,406.7,Yes
0100-ABCD61,Female,0,Yes,Yes,13.0,DSL,Yes,No,Month-to-month,Yes,Mailed check,53.86,700.83,No
0101-ABCD71,Female,0,No,No,39.0,No,No internet service,No internet service,Two year,No,Electronic check,22.53,888.75,No
0102-ABCD67,Female,1,No,No,1.0,DSL,No,No,Month-to-month,Yes,Mailed check,38.34,37.83,No
0103-WXYZ48,Female,0,Yes,No,52.0,No,No internet service,No internet service,Two year,Yes,Electronic check,18.0,939.67,No
0104-WXYZ12,Male,0,No,No,48.0,Fiber optic,No,No,One year,No,Bank transfer (automatic),62.46,2991.64,No
0105-ABCD65,Male,0,No,No,54.0,No,No internet service,No internet service,Two year,No,Mailed check,18.58,1003.33,No
0106-ABCD68,Female,0,No,No,2.0,Fiber optic,No,No,Month-to-month,No,Bank transfer (automatic),68.83,137.18,Yes
0107-ABCD11,Male,0,No,No,61.0,Fiber optic,Yes,No,Two year,No,Electronic check,90.67,5530.51,No
0108-WXYZ63,Male,0,No,No,36.0,DSL,Yes,No,One year,Yes,Credit card (automatic),67.61,2425.36,No
0109-LMNO10,Female,0,Yes,No,25.0,Fiber optic,No,No,One year,No,Electronic check,77.49,1935.48,No
0110-LMNO11,Male,0,No,No,15.0,Fiber optic,No,No,Month-to-month,Yes,Electronic check,75.75,1131.91,No
0111-ABCD53,Female,0,No,No,20.0,No,No internet service,No internet service,Month-to-month,Yes,Bank transfer (automatic),30.38,613.03,No
0112-WXYZ41,Female,0,Yes,Yes,72.0,DSL,Yes,No,Two year,No,Credit card (automatic),62.28,4479.83,No
0113-WXYZ41,Female,0,Yes,No,48.0,No,No internet service,No internet service,One year,Yes,Electronic check,22.35,1075.94,No
0114-LMNO77,Female,0,No,No,8.0,No,No internet service,No internet service,Month-to-month,Yes,Mailed check,29.14,236.5,Yes
0115-LMNO84,Male,0,Yes,Yes,21.0,Fiber optic,No,No,Month-to-month,No,Mailed check,64.43,1350.05,No
0116-LMNO26,Male,0,No,No,36.0,Fiber optic,Yes,No,Month-to-month,Yes,Credit card (automatic),89.7,3224.95,Yes
0117-LMNO47,Male,0,Yes,No,38.0,Fiber optic,No,Yes,One year,Yes,Electronic check,69.76,2649.47,No
0118-ABCD79,Male,1,Yes,No,65.0,DSL,Yes,Yes,One year,Yes,Mailed check,66.67,4331.56,No
0119-WXYZ20,Female,0,Yes,Yes,11.0,DSL,Yes,No,Month-to-month,Yes,Electronic check,65.91,720.09,No
0120-LMNO25,Female,0,Yes,No,18.0,DSL,No,Yes,Month-to-month,No,Electronic check,44.18,793.76,Yes
0121-ABCD82,Male,0,No,No,20.0,Fiber optic,No,No,Month-to-month,Yes,Electronic check,63.98,1281.16,Yes
0122-LMNO79,Male,0,No,No,1.0,Fiber optic,Yes,No,Month-to-month,Yes,Credit card (automatic),91.75,85.8,No
0123-ABCD12,Female,0,Yes,No,15.0,DSL,No,Yes,Month-to-month,Yes,Electronic check,42.63,638.47,No
0124-LMNO45,Male,1,Yes,No,18.0,Fiber optic,Yes,No,Month-to-month,No,Credit card (automatic),85.61,1538.35,Yes
0125-LMNO76,Male,1,Yes,Yes,14.0,No,No internet service,No internet service,Month-to-month,No,Electronic check,18.0,252.47,No
0126-LMNO28,Male,0,Yes,No,,Fiber optic,No,No,Two year,Yes,Credit card (automatic),68.2,3828.62,No
0127-LMNO61,Female,0,No,No,51.0,Fiber optic,No,No,One year,Yes,Bank transfer (automatic),75.08,3821.5,No
0128-ABCD42,Female,0,Yes,No,53.0,Fiber optic,No,Yes,Two year,No,Electronic check,71.93,3811.76,No
0129-LMNO91,Female,0,Yes,Yes,32.0,DSL,No,No,Month-to-month,Yes,Bank transfer (automatic),41.24,1321.08,Yes
0130-ABCD20,Female,0,No,Yes,60.0,Fiber optic,Yes,No,Two year,Yes,Electronic check,75.61,4534.05,No
0131-ABCD98,Male,0,Yes,No,18.0,Fiber optic,No,No,One year,Yes,Mailed check,73.44,1323.76,No
0132-WXYZ32,Male,0,Yes,Yes,19.0,DSL,No,Yes,Month-to-month,Yes,Mailed check,42.92,808.18,No
0133-LMNO51,Female,0,Yes,Yes,16.0,No,No internet service,No internet service,Month-to-month,No,Mailed check,20.87,332.17,No
0134-LMNO16,Male,0,No,No,33.0,No,No internet service,No internet service,One year,No,Bank transfer (automatic),19.32,624.22,No
0135-WXYZ69,Female,0,No,No,56.0,Fiber optic,Yes,No,Two year,No,Bank transfer (automatic),82.87,4639.51,No
0136-ABCD11,Female,0,No,No,15.0,DSL,No,No,Month-to-month,No,Electronic check,48.1,715.34,No
0137-ABCD57,Female,0,Yes,Yes,17.0,Fiber optic,Yes,No,Month-to-month,No,Credit card (automatic),80.66,1372.79,Yes
0138-WXYZ21,Female,1,Yes,No,47.0,Fiber optic,Yes,No,One year,No,Credit card (automatic),85.75,4037.32,No
0139-ABCD46,Female,0,No,No,63.0,DSL,Yes,No,Two year,Yes,Electronic check,62.07,3911.79,No
0140-LMNO18,Female,0,No,No,37.0,Fiber optic,No,No,One year,Yes,Electronic check,76.74,2839.01,No
0141-ABCD28,Male,0,No,No,17.0,No,No internet service,No internet service,Month-to-month,No,Mailed check,20.26,341.82,No
0142-LMNO29,Male,0,Yes,Yes,10.0,No,No internet service,No internet service,Month-to-month,Yes,Bank transfer (automatic),18.0,178.6,No
0143-WXYZ42,Male,0,Yes,No,32.0,Fiber optic,No,No,Month-to-month,Yes,Electronic check,73.37,2346.52,Yes
0144-LMNO81,Female,0,No,No,55.0,Fiber optic,No,No,Two year,Yes,Electronic check,65.56,3605.88,No
0145-WXYZ93,Male,1,No,No,67.0,Fiber optic,No,No,Two year,Yes,Bank transfer (automatic),66.65,4467.93,No
0146-WXYZ98,Female,0,No,No,67.0,DSL,No,No,One year,Yes,Bank transfer (automatic),42.5,2843.66,No
0147-LMNO34,Male,0,No,No,4.0,No,No internet service,No internet service,Month-to-month,Yes,Electronic check,19.08,82.06,No
0148-ABCD27,Female,0,No,Yes,56.0,No,No internet service,No internet service,Two year,Yes,Credit card (automatic),26.46,1480.69,No
0149-WXYZ91,Male,1,No,No,16.0,DSL,Yes,No,One year,No,Bank transfer (automatic),63.26,1012.23,No
0150-WXYZ63,Female,0,No,No,40.0,Fiber optic,No,No,Two year,No,Mailed check,64.5,2586.43,No
0151-LMNO89,Female,1,No,No,41.0,No,No internet service,No internet service,One year,No,Bank transfer (automatic),27.56,1119.32,No
0152-ABCD50,Male,1,No,No,57.0,Fiber optic,No,No,Two year,No,Electronic check,75.31,4279.94,No
0153-ABCD77,Male,0,Yes,No,63.0,No,No internet service,No internet service,Two year,Yes,Mailed check,22.08,1392.99,No
0154-ABCD23,Female,0,Yes,Yes,8.0,Fiber optic,No,Yes,Month-to-month,Yes,Electronic check,58.41,467.32,Yes
0155-ABCD57,Male,1,No,No,49.0,DSL,No,No,Two year,Yes,Electronic check,40.78,2005.65,No
0156-LMNO76,Male,0,Yes,Yes,25.0,Fiber optic,No,No,Month-to-month,No,Electronic check,70.05,1745.62,No
0157-ABCD42,Female,0,No,No,55.0,Fiber optic,No,Yes,Two year,Yes,Electronic check,78.28,4307.83,No
0158-LMNO95,Female,0,Yes,Yes,66.0,DSL,No,No,Two year,No,Bank transfer (automatic),51.63,3405.78,No
0159-LMNO31,Female,0,Yes,No,11.0,DSL,Yes,Yes,Month-to-month,Yes,Bank transfer (automatic),55.17,611.61,Yes
0160-WXYZ39,Male,0,No,No,19.0,No,No internet service,No internet service,One year,No,Electronic check,18.0,331.07,Yes
0161-WXYZ60,Male,0,Yes,No,45.0,DSL,No,Yes,One year,Yes,Electronic check,44.09,1982.73,No
0162-WXYZ17,Female,0,Yes,Yes,72.0,Fiber optic,Yes,No,Two year,No,Credit card (automatic),85.7,6174.04,No
0163-LMNO36,Female,0,Yes,No,50.0,No,No internet service,No internet service,Two year,Yes,Electronic check,18.0,896.03,No
0164-WXYZ30,Female,0,No,Yes,25.0,No,No internet service,No internet service,One year,Yes,Mailed check,18.0,449.73,No
0165-WXYZ37,Male,1,Yes,Yes,70.0,Fiber optic,No,No,Two year,No,Mailed check,80.58,5640.85,No
0166-LMNO73,Male,0,No,Yes,6.0,No,No internet service,No internet service,Month-to-month,No,Credit card (automatic),18.13,110.46,No
0167-ABCD78,Male,0,Yes,No,2.0,No,No internet service,No internet service,Month-to-month,Yes,Credit card (automatic),18.5,31.55,No
0168-ABCD57,Male,0,No,No,1.0,DSL,No,No,Month-to-month,No,Bank transfer (automatic),59.13,56.71,No
0169-LMNO13,Male,0,Yes,Yes,37.0,Fiber optic,No,No,One year,No,Electronic check,68.31,2529.94,No
0170-LMNO73,Male,1,Yes,Yes,13.0,DSL,No,Yes,Month-to-month,No,Bank transfer (automatic),39.94,522.94,Yes
0171-ABCD26,Female,0,Yes,No,23.0,Fiber optic,No,No,One year,Yes,Electronic check,66.45,1529.21,No
0172-WXYZ55,Male,0,Yes,No,13.0,DSL,No,Yes,Month-to-month,Yes,Electronic check,46.46,602.26,Yes
0173-ABCD15,Female,1,No,No,53.0,DSL,No,No,Two year,Yes,Mailed check,42.63,2259.86,No
0174-LMNO46,Female,1,Yes,Yes,2.0,No,No internet service,No internet service,Month-to-month,No,Bank transfer (automatic),19.35,42.91,Yes
0175-ABCD55,Female,0,Yes,No,12.0,DSL,Yes,No,One year,No,Electronic check,59.79,718.49,No
0176-ABCD69,Male,0,No,No,37.0,Fiber optic,No,No,One year,No,Electronic check,85.74,3166.48,No
0177-ABCD72,Female,0,Yes,No,61.0,DSL,No,No,Two year,Yes,Bank transfer (automatic),48.56,2956.54,No
0178-ABCD94,Female,0,Yes,Yes,34.0,Fiber optic,No,No,One year,Yes,Credit card (automatic),65.24,2218.34,No
0179-LMNO42,Female,0,No,No,66.0,Fiber optic,No,No,Two year,No,Bank transfer (automatic),69.13,4554.29,No
0180-LMNO27,Female,0,No,No,42.0,Fiber optic,No,Yes,Two year,Yes,Mailed check,74.02,3112.8,No
0181-ABCD63,Female,0,Yes,Yes,27.0,Fiber optic,No,No,One year,No,Credit card (automatic),75.41,2031.43,No
0182-WXYZ76,Female,0,Yes,Yes,11.0,No,No internet service,No internet service,Month-to-month,Yes,Bank transfer (automatic),18.0,192.22,No
0183-WXYZ33,Male,0,No,No,52.0,DSL,Yes,No,Two year,Yes,Bank transfer (automatic),52.91,2759.76,No
0184-WXYZ41,Female,1,Yes,No,34.0,DSL,No,No,One year,No,Electronic check,47.35,1607.34,No
0185-LMNO95,Male,0,No,No,11.0,Fiber optic,Yes,Yes,Month-to-month,Yes,Electronic check,81.81,,No
0186-LMNO75,Female,1,Yes,Yes,46.0,DSL,Yes,No,One year,Yes,Mailed check,56.11,2584.05,No
0187-LMNO36,Male,1,No,No,42.0,DSL,Yes,Yes,Two year,No,Electronic check,60.94,2566.74,No
0188-WXYZ11,Male,0,Yes,Yes,72.0,Fiber optic,Yes,No,Two year,No,Electronic check,88.95,6401.44,No
0189-WXYZ26,Female,0,No,Yes,41.0,No,No internet service,No internet service,Two year,No,Mailed check,18.81,772.1,No
0190-ABCD18,Female,0,Yes,No,5.0,DSL,Yes,Yes,Month-to-month,No,Electronic check,50.28,250.8,Yes
0191-LMNO57,Male,0,No,No,7.0,DSL,Yes,Yes,Month-to-month,Yes,Credit card (automatic),57.36,413.51,Yes
0192-LMNO51,Male,0,Yes,Yes,23.0,Fiber optic,Yes,No,Month-to-month,Yes,Electronic check,79.2,1811.49,Yes
0193-LMNO35,Female,0,Yes,Yes,5.0,Fiber optic,No,Yes,Month-to-month,Yes,Mailed check,72.81,363.25,Yes
0194-LMNO59,Male,1,No,No,62.0,No,No internet service,No internet service,Two year,Yes,Bank transfer (automatic),30.25,1875.41,No
0195-ABCD33,Female,0,No,No,12.0,DSL,No,No,Month-to-month,Yes,Mailed check,46.44,556.73,No
0196-ABCD69,Male,0,No,No,27.0,DSL,Yes,Yes,One year,No,Mailed check,62.21,1672.45,No
0197-WXYZ16,Female,0,Yes,No,26.0,No,No internet service,No internet service,One year,Yes,Mailed check,24.07,616.55,No
0198-ABCD45,Female,0,No,No,68.0,DSL,No,No,Two year,No,Credit card (automatic),51.74,3510.62,No
0199-ABCD29,Male,1,Yes,Yes,7.0,DSL,Yes,Yes,Month-to-month,Yes,Credit card (automatic),57.09,403.94,No
0200-ABCD17,Male,0,No,No,4.0,Fiber optic,No,No,Month-to-month,Yes,Bank transfer (automatic),69.74,278.88,No
0201-WXYZ25,Male,0,No,No,28.0,DSL,No,No,Month-to-month,Yes,Credit card (automatic),49.74,1383.92,No
0202-WXYZ85,Female,0,Yes,No,1.0,Fiber optic,Yes,Yes,Month-to-month,No,Electronic check,80.29,87.45,Yes
0203-LMNO96,Female,0,No,No,63.0,Fiber optic,No,No,Two year,Yes,Credit card (automatic),62.45,3944.17,No
0204-LMNO75,Female,0,No,No,65.0,No,No internet service,No internet service,Two year,Yes,Credit card (automatic),18.0,1171.51,No
0205-LMNO72,Male,0,Yes,Yes,14.0,Fiber optic,Yes,No,Month-to-month,No,Bank transfer (automatic),91.28,1280.06,Yes
0206-WXYZ60,Male,0,No,Yes,67.0,Fiber optic,No,Yes,Two year,Yes,Bank transfer (automatic),70.7,4737.34,No
0207-ABCD67,Male,1,Yes,Yes,32.0,Fiber optic,No,No,Month-to-month,Yes,Mailed check,67.67,2162.3,No
0208-LMNO71,Male,1,No,No,46.0,Fiber optic,No,No,Two year,No,Electronic check,75.08,3444.53,No
0209-ABCD31,Female,0,Yes,Yes,5.0,Fiber optic,Yes,No,Month-to-month,Yes,Credit card (automatic),87.77,433.44,No
0210-WXYZ67,Female,1,Yes,Yes,66.0,Fiber optic,No,Yes,Two year,Yes,Bank transfer (automatic),66.12,,No
0211-WXYZ58,Female,0,Yes,Yes,5.0,DSL,No,Yes,Month-to-month,No,Bank transfer (automatic),44.05,223.13,No
0212-WXYZ79,Male,0,No,No,1.0,DSL,Yes,No,Month-to-month,No,Bank transfer (automatic),54.88,53.72,Yes
0213-LMNO63,Female,0,No,No,29.0,DSL,Yes,No,Month-to-month,Yes,Credit card (automatic),60.72,1760.41,No
0214-LMNO69,Female,0,No,No,1.0,No,No internet service,No internet service,Month-to-month,Yes,Bank transfer (automatic),23.18,23.4,No
0215-ABCD17,Female,0,Yes,Yes,48.0,DSL,No,Yes,One year,Yes,Electronic check,32.71,1570.61,No
0216-ABCD69,Female,0,Yes,No,22.0,Fiber optic,No,No,Month-to-month,Yes,Mailed check,64.9,1424.87,No
0217-ABCD77,Male,0,No,No,47.0,Fiber optic,No,No,One year,Yes,Credit card (automatic),78.39,3686.39,No
0218-WXYZ56,Male,0,No,No,56.0,DSL,No,Yes,One year,Yes,Mailed check,43.32,2420.36,No
0219-LMNO64,Female,0,Yes,Yes,40.0,DSL,Yes,No,One year,Yes,Credit card (automatic),68.29,2733.13,No
0220-ABCD39,Male,0,Yes,Yes,66.0,Fiber optic,Yes,No,Two year,No,Credit card (automatic),78.62,5181.33,No
0221-LMNO26,Male,1,No,Yes,5.0,Fiber optic,No,Yes,Month-to-month,No,Bank transfer (automatic),67.34,330.73,Yes
0222-LMNO28,Female,0,Yes,No,25.0,DSL,Yes,Yes,One year,No,Mailed check,61.09,1523.66,Yes
0223-WXYZ64,Female,0,No,No,55.0,DSL,No,No,Two year,Yes,Electronic check,43.41,2388.52,No
0224-WXYZ71,Female,0,No,Yes,12.0,DSL,Yes,Yes,One year,Yes,Bank transfer (automatic),66.33,797.14,No
0225-LMNO18,Male,0,No,No,44.0,Fiber optic,Yes,Yes,One year,Yes,Mailed check,84.41,3709.79,No
0226-ABCD10,Male,0,No,No,45.0,DSL,No,No,One year,No,Credit card (automatic),48.56,2178.11,No
0227-WXYZ10,Female,0,Yes,No,2.0,DSL,Yes,No,Month-to-month,Yes,Bank transfer (automatic),54.54,115.11,Yes
0228-LMNO43,Female,1,No,No,30.0,No,No internet service,No internet service,One year,Yes,Electronic check,21.32,639.93,Yes
0229-WXYZ57,Female,0,No,No,48.0,DSL,Yes,Yes,Two year,Yes,Bank transfer (automatic),58.43,2803.95,No
0230-ABCD10,Female,1,Yes,Yes,7.0,DSL,Yes,No,Month-to-month,Yes,Mailed check,54.99,386.75,Yes
0231-ABCD73,Female,0,No,No,32.0,DSL,No,Yes,Two year,Yes,Electronic check,47.33,1509.79,No
0232-LMNO78,Female,0,Yes,Yes,13.0,DSL,Yes,Yes,Month-to-month,Yes,Mailed check,66.81,873.88,No
0233-WXYZ76,Male,0,No,Yes,6.0,Fiber optic,Yes,No,Month-to-month,Yes,Credit card (automatic),82.02,495.0,Yes
0234-WXYZ25,Female,0,Yes,No,69.0,No,No internet service,No internet service,Two year,No,Mailed check,22.11,1524.17,No
0235-LMNO95,Female,0,No,No,69.0,DSL,Yes,No,Two year,Yes,Electronic check,58.92,4065.17,No
0236-ABCD38,Female,0,Yes,Yes,71.0,DSL,Yes,No,Two year,No,Mailed check,60.54,4297.14,No
0237-WXYZ78,Male,0,Yes,Yes,49.0,No,No internet service,No internet service,Two year,Yes,Electronic check,24.2,1192.47,No
0238-LMNO71,Female,0,No,No,5.0,No,No internet service,No internet service,Month-to-month,Yes,Mailed check,27.21,138.21,Yes
0239-ABCD85,Male,0,No,Yes,16.0,DSL,No,No,One year,Yes,Electronic check,51.21,822.07,Yes
0240-WXYZ57,Female,0,Yes,Yes,2.0,Fiber optic,Yes,Yes,Month-to-month,Yes,Credit card (automatic),81.25,162.85,Yes
0241-ABCD48,Male,1,Yes,Yes,7.0,Fiber optic,Yes,No,Month-to-month,Yes,Electronic check,78.28,547.96,Yes
0242-ABCD32,Female,0,Yes,Yes,5.0,No,No internet service,No internet service,Month-to-month,Yes,Bank transfer (automatic),18.0,99.4,Yes
0243-WXYZ19,Male,0,No,No,33.0,Fiber optic,Yes,Yes,One year,Yes,Electronic check,88.17,2907.8,Yes
0244-WXYZ78,Male,0,No,Yes,6.0,No,No internet service,No internet service,Month-to-month,Yes,Credit card (automatic),18.0,109.1,No
0245-WXYZ61,Male,0,No,No,43.0,Fiber optic,No,Yes,Two year,Yes,Mailed check,75.31,3248.64,No
0246-LMNO19,Female,0,No,No,52.0,DSL,No,No,One year,Yes,Credit card (automatic),39.83,2077.8,No
0247-WXYZ28,Male,0,No,No,33.0,DSL,No,No,Month-to-month,Yes,Bank transfer (automatic),47.23,1560.49,Yes
0248-WXYZ10,Male,0,Yes,Yes,47.0,Fiber optic,Yes,Yes,One year,Yes,Bank transfer (automatic),76.15,3571.5,No
0249-ABCD13,Female,0,Yes,Yes,1.0,No,No internet service,No internet service,Month-to-month,No,Credit card (automatic),22.52,,No
0250-LMNO11,Male,0,No,No,1.0,DSL,Yes,Yes,Month-to-month,Yes,Electronic check,61.96,60.76,Yes
0251-ABCD41,Female,0,No,No,56.0,Fiber optic,Yes,No,Two year,Yes,Bank transfer (automatic),79.5,4452.42,No
0252-LMNO93,Female,1,No,No,11.0,Fiber optic,Yes,Yes,Month-to-month,No,Electronic check,85.96,950.72,Yes
0253-WXYZ44,Female,0,No,No,49.0,DSL,No,Yes,Two year,No,Bank transfer (automatic),55.35,2711.12,No
0254-ABCD42,Male,1,No,No,51.0,Fiber optic,Yes,Yes,One year,No,Credit card (automatic),88.44,4511.5,No
0255-ABCD60,Female,0,No,No,30.0,No,No internet service,No internet service,One year,No,Credit card (automatic),34.78,1043.72,No
0256-LMNO21,Male,0,Yes,Yes,33.0,Fiber optic,No,No,One year,No,Electronic check,70.77,2333.59,No
0257-LMNO74,Male,1,Yes,Yes,9.0,Fiber optic,No,Yes,Month-to-month,No,Mailed check,72.89,657.77,Yes
0258-ABCD49,Male,1,No,No,4.0,Fiber optic,No,Yes,Month-to-month,Yes,Mailed check,67.62,,No
0259-WXYZ52,Female,0,No,No,3.0,Fiber optic,No,No,Month-to-month,No,Electronic check,71.23,208.01,No
0260-ABCD22,Male,0,Yes,Yes,1.0,Fiber optic,No,No,Month-to-month,No,Electronic check,65.12,67.82,Yes
0261-LMNO55,Female,0,Yes,Yes,4.0,No,No internet service,No internet service,Month-to-month,No,Mailed check,24.53,104.38,Yes
0262-WXYZ44,Female,0,Yes,Yes,60.0,Fiber optic,Yes,No,Two year,No,Credit card (automatic),80.97,4854.49,No
0263-LMNO90,Male,0,Yes,Yes,11.0,Fiber optic,No,Yes,Month-to-month,Yes,Mailed check,78.33,859.0,No
0264-WXYZ17,Male,0,No,No,36.0,Fiber optic,No,No,One year,Yes,Bank transfer (automatic),63.27,2277.74,No
0265-ABCD35,Female,1,Yes,Yes,9.0,DSL,No,No,Month-to-month,No,Mailed check,43.48,391.35,No
0266-WXYZ43,Female,0,No,No,1.0,DSL,Yes,Yes,Month-to-month,Yes,Bank transfer (automatic),58.76,48.9,Yes
0267-LMNO16,Female,0,Yes,No,21.0,DSL,Yes,No,Month-to-month,No,Credit card (automatic),54.41,1140.49,No
0268-WXYZ84,Male,0,No,No,41.0,Fiber optic,No,Yes,One year,Yes,Bank transfer (automatic),71.17,2926.95,Yes
0269-ABCD45,Male,0,Yes,Yes,1.0,DSL,No,Yes,Month-to-month,No,Electronic check,42.33,49.32,Yes
0270-ABCD30,Male,0,No,No,28.0,DSL,No,No,Month-to-month,No,Mailed check,52.02,1465.08,Yes
0271-ABCD45,Male,0,No,No,20.0,DSL,No,No,One year,Yes,Credit card (automatic),40.94,821.89,No
0272-WXYZ82,Male,0,No,No,57.0,Fiber optic,No,No,Two year,Yes,Mailed check,72.11,4107.61,No
0273-LMNO58,Female,1,Yes,Yes,7.0,No,No internet service,No internet service,Month-to-month,Yes,Bank transfer (automatic),19.57,138.27,Yes
0274-LMNO45,Male,0,Yes,No,50.0,Fiber optic,No,No,Two year,No,Electronic check,68.93,3449.49,No
0275-WXYZ33,Male,0,Yes,No,31.0,Fiber optic,No,No,One year,No,Electronic check,70.46,2182.61,No
0276-LMNO71,Female,0,Yes,No,26.0,Fiber optic,Yes,No,One year,Yes,Credit card (automatic),88.54,2293.42,No
0277-ABCD21,Female,1,No,No,17.0,Fiber optic,Yes,Yes,Month-to-month,Yes,Electronic check,75.56,1289.05,Yes
0278-ABCD64,Male,0,No,No,30.0,Fiber optic,Yes,Yes,Month-to-month,No,Electronic check,85.24,2554.96,Yes
0279-ABCD32,Female,0,No,No,32.0,DSL,Yes,No,Month-to-month,No,Mailed check,55.87,1790.97,No
0280-ABCD39,Male,0,No,Yes,57.0,No,No internet service,No internet service,Two year,Yes,Credit card (automatic),18.0,1018.09,No
0281-ABCD71,Male,1,Yes,Yes,1.0,DSL,No,Yes,Month-to-month,Yes,Electronic check,46.22,43.01,Yes
0282-ABCD95,Male,0,Yes,No,47.0,DSL,No,Yes,Two year,No,Credit card (automatic),50.5,2375.44,No
0283-ABCD68,Female,0,Yes,Yes,10.0,No,No internet service,No internet service,Month-to-month,Yes,Mailed check,27.76,280.76,No
0284-LMNO58,Male,1,No,No,20.0,DSL,Yes,No,Month-to-month,No,Credit card (automatic),57.09,1145.54,No
0285-ABCD28,Male,0,No,No,9.0,Fiber optic,No,Yes,Month-to-month,Yes,Credit card (automatic),55.76,501.5,No
0286-ABCD80,Male,0,Yes,Yes,24.0,DSL,Yes,Yes,Month-to-month,No,Mailed check,60.35,1449.36,Yes
0287-WXYZ61,Female,0,Yes,No,57.0,DSL,No,Yes,Two year,Yes,Electronic check,35.91,2048.82,No
0288-LMNO25,Male,0,No,No,49.0,Fiber optic,No,No,Two year,No,Electronic check,72.21,3539.89,No
0289-ABCD78,Male,0,No,No,46.0,Fiber optic,No,No,One year,Yes,Bank transfer (automatic),65.5,3015.86,No
0290-LMNO21,Male,0,No,No,19.0,Fiber optic,No,No,One year,Yes,Electronic check,71.71,1356.73,No
0291-ABCD61,Male,0,Yes,No,29.0,No,No internet service,No internet service,One year,Yes,Electronic check,18.0,531.32,No
0292-LMNO94,Female,0,Yes,Yes,54.0,Fiber optic,No,Yes,Two year,No,Electronic check,64.18,,No
0293-ABCD32,Female,1,No,No,12.0,Fiber optic,No,Yes,Month-to-month,Yes,Mailed check,64.3,771.13,No
0294-ABCD48,Male,0,No,No,62.0,DSL,No,Yes,Two year,Yes,Electronic check,46.99,2911.92,No
0295-ABCD62,Male,0,Yes,No,46.0,No,No internet service,No internet service,One year,Yes,Credit card (automatic),18.0,829.16,No
0296-WXYZ67,Male,0,No,No,63.0,Fiber optic,Yes,Yes,Two year,Yes,Credit card (automatic),87.73,5519.78,No
0297-LMNO23,Male,0,No,No,46.0,DSL,No,Yes,Two year,Yes,Mailed check,53.89,2476.5,No
0298-LMNO14,Male,0,Yes,Yes,66.0,DSL,Yes,Yes,Two year,Yes,Bank transfer (automatic),68.36,4502.22,No
0299-LMNO96,Female,0,Yes,No,41.0,DSL,Yes,No,One year,No,Bank transfer (automatic),52.02,2130.48,No
0300-ABCD84,Female,1,Yes,No,10.0,No,No internet service,No internet service,Month-to-month,No,Bank transfer (automatic),18.0,180.79,No
0301-WXYZ85,Female,0,Yes,No,1.0,Fiber optic,No,Yes,Month-to-month,No,Mailed check,72.41,75.26,Yes
0302-ABCD83,Female,1,No,No,58.0,No,No internet service,No internet service,One year,No,Mailed check,18.0,1043.7,No
0303-WXYZ26,Female,1,Yes,No,57.0,No,No internet service,No internet service,Two year,Yes,Bank transfer (automatic),23.09,1317.56,No
0304-ABCD16,Female,0,No,No,4.0,No,No internet service,No internet service,Month-to-month,No,Bank transfer (automatic),18.0,63.57,No
0305-WXYZ22,Male,0,No,No,6.0,No,No internet service,No internet service,Month-to-month,Yes,Mailed check,19.64,118.62,No
0306-WXYZ18,Female,1,Yes,No,2.0,No,No internet service,No internet service,Month-to-month,Yes,Electronic check,24.72,55.73,No
0307-WXYZ36,Male,1,Yes,Yes,54.0,Fiber optic,No,No,Two year,Yes,Electronic check,62.24,3363.28,Yes
0308-WXYZ75,Male,0,No,No,1.0,Fiber optic,No,No,Month-to-month,Yes,Mailed check,69.42,65.69,No
0309-ABCD38,Female,0,No,No,39.0,Fiber optic,Yes,No,One year,Yes,Mailed check,84.35,3290.5,No
0310-ABCD47,Male,0,No,No,,Fiber optic,No,No,Month-to-month,Yes,Mailed check,73.03,2197.72,Yes
0311-LMNO17,Male,1,Yes,Yes,4.0,DSL,No,Yes,Month-to-month,No,Mailed check,41.66,169.49,No
0312-ABCD74,Female,0,Yes,Yes,41.0,Fiber optic,Yes,No,Two year,Yes,Credit card (automatic),77.86,3195.24,No
0313-WXYZ26,Male,0,No,No,4.0,Fiber optic,Yes,No,Month-to-month,Yes,Electronic check,72.38,285.59,Yes
0314-LMNO80,Male,1,No,No,9.0,DSL,No,Yes,Month-to-month,Yes,Bank transfer (automatic),51.63,462.86,No
0315-ABCD54,Female,0,Yes,No,5.0,No,No internet service,No internet service,Month-to-month,Yes,Bank transfer (automatic),24.17,120.51,Yes
0316-WXYZ40,Female,0,No,No,28.0,DSL,Yes,Yes,Month-to-month,Yes,Mailed check,59.88,1685.67,No
0317-LMNO70,Female,0,Yes,No,33.0,No,No internet service,No internet service,One year,Yes,Mailed check,19.74,646.86,No
0318-WXYZ48,Male,1,No,No,9.0,DSL,Yes,Yes,Month-to-month,Yes,Credit card (automatic),62.13,560.47,No
0319-LMNO83,Male,0,No,No,7.0,No,No internet service,No internet service,One year,No,Electronic check,24.83,177.18,No
0320-WXYZ28,Female,0,Yes,Yes,18.0,DSL,Yes,Yes,Month-to-month,No,Credit card (automatic),49.91,902.09,No
0321-LMNO76,Female,0,No,No,40.0,No,No internet service,No internet service,Two year,Yes,Credit card (automatic),18.0,718.76,No
0322-ABCD22,Female,0,Yes,No,59.0,Fiber optic,Yes,Yes,Two year,Yes,Bank transfer (automatic),75.37,4445.2,No
0323-WXYZ67,Male,0,Yes,Yes,59.0,No,No internet service,No internet service,Two year,No,Bank transfer (automatic),18.27,1087.57,No
0324-ABCD48,Male,0,Yes,No,68.0,DSL,No,No,Two year,Yes,Bank transfer (automatic),45.91,3120.54,No
0325-ABCD12,Female,0,Yes,Yes,8.0,DSL,Yes,Yes,Month-to-month,Yes,Mailed check,65.06,518.39,No
0326-ABCD71,Male,0,Yes,No,1.0,DSL,No,Yes,Month-to-month,Yes,Credit card (automatic),30.45,35.1,Yes
0327-ABCD72,Female,0,No,No,28.0,No,No internet service,No internet service,One year,No,Electronic check,18.0,504.64,No
0328-ABCD34,Male,0,No,Yes,15.0,No,No internet service,No internet service,Month-to-month,No,Electronic check,20.65,303.25,No
0329-ABCD47,Female,0,Yes,No,1.0,Fiber optic,No,No,Month-to-month,No,Electronic check,71.27,76.17,Yes
0330-ABCD15,Female,0,No,No,19.0,Fiber optic,Yes,No,Month-to-month,Yes,Bank transfer (automatic),84.0,1594.01,No
0331-WXYZ53,Female,0,No,No,1.0,Fiber optic,No,No,Month-to-month,Yes,Electronic check,64.37,62.33,Yes
0332-ABCD41,Male,0,No,No,43.0,Fiber optic,Yes,No,One year,Yes,Credit card (automatic),81.5,3517.8,No
0333-ABCD70,Female,0,No,No,3.0,Fiber optic,No,No,Month-to-month,No,Mailed check,69.32,206.79,Yes
0334-LMNO30,Female,0,Yes,No,3.0,DSL,No,No,Month-to-month,No,Credit card (automatic),36.42,109.6,Yes
0335-WXYZ94,Male,0,Yes,Yes,35.0,DSL,No,Yes,One year,Yes,Electronic check,40.73,1430.12,No
0336-LMNO45,Female,0,No,No,4.0,DSL,No,No,Month-to-month,Yes,Electronic check,38.1,147.74,No
0337-LMNO28,Female,0,Yes,Yes,43.0,DSL,No,No,Two year,Yes,Electronic check,47.51,2045.72,No
0338-ABCD27,Female,0,Yes,No,60.0,DSL,Yes,No,Month-to-month,Yes,Electronic check,55.43,3330.42,No
0339-LMNO58,Female,0,Yes,Yes,55.0,Fiber optic,Yes,No,One year,Yes,Mailed check,78.46,4321.93,No
0340-WXYZ24,Male,0,Yes,No,2.0,DSL,Yes,No,Month-to-month,Yes,Credit card (automatic),57.41,118.12,Yes
0341-LMNO10,Male,0,Yes,No,6.0,DSL,No,No,Month-to-month,No,Mailed check,48.76,287.04,No
0342-ABCD63,Male,0,No,No,1.0,Fiber optic,No,No,Month-to-month,Yes,Bank transfer (automatic),69.89,72.07,Yes
0343-WXYZ12,Female,0,Yes,Yes,17.0,Fiber optic,Yes,No,Month-to-month,Yes,Mailed check,90.51,1531.94,No
0344-LMNO66,Female,0,No,No,72.0,Fiber optic,No,No,Two year,Yes,Electronic check,74.74,5387.43,No
0345-LMNO21,Female,0,No,No,50.0,No,No internet service,No internet service,One year,Yes,Mailed check,18.0,905.37,No
0346-WXYZ25,Male,0,Yes,Yes,5.0,DSL,No,No,Month-to-month,Yes,Electronic check,45.67,229.47,Yes
0347-WXYZ85,Male,0,Yes,Yes,53.0,DSL,Yes,No,Month-to-month,No,Credit card (automatic),65.49,3471.89,No
0348-ABCD17,Female,0,Yes,Yes,2.0,Fiber optic,Yes,Yes,Month-to-month,Yes,Bank transfer (automatic),82.59,165.14,No
0349-WXYZ45,Male,0,Yes,Yes,1.0,Fiber optic,No,No,Month-to-month,No,Mailed check,71.2,71.07,Yes
0350-WXYZ17,Male,1,Yes,Yes,10.0,Fiber optic,Yes,No,Month-to-month,Yes,Bank transfer (automatic),80.49,809.74,Yes
0351-WXYZ69,Female,0,Yes,No,,Fiber optic,Yes,No,Two year,Yes,Electronic check,83.87,4024.2,No
0352-WXYZ37,Male,0,No,No,,Fiber optic,No,Yes,Month-to-month,Yes,Bank transfer (automatic),68.71,2484.52,Yes
0353-ABCD50,Male,0,No,No,27.0,Fiber optic,No,No,One year,No,Credit card (automatic),73.14,1975.65,No
0354-LMNO72,Male,0,Yes,Yes,38.0,DSL,No,Yes,One year,Yes,Credit card (automatic),43.08,1643.25,No
0355-ABCD82,Male,0,Yes,No,64.0,Fiber optic,Yes,Yes,Two year,Yes,Electronic check,86.08,5500.85,No
0356-ABCD93,Female,0,No,No,1.0,DSL,Yes,No,Month-to-month,Yes,Electronic check,61.91,59.02,Yes
0357-ABCD38,Male,0,No,No,37.0,DSL,No,No,One year,No,Mailed check,41.05,1523.43,No
0358-ABCD55,Male,0,No,Yes,60.0,DSL,Yes,No,Two year,Yes,Credit card (automatic),57.99,3481.01,No
0359-LMNO15,Male,0,No,No,26.0,DSL,No,Yes,Month-to-month,Yes,Credit card (automatic),47.32,1230.46,No
0360-WXYZ78,Female,0,Yes,No,14.0,Fiber optic,No,Yes,Month-to-month,Yes,Mailed check,79.19,1113.96,Yes
0361-LMNO34,Male,1,Yes,No,51.0,No,No internet service,No internet service,Two year,Yes,Bank transfer (automatic),18.0,928.6,No
0362-WXYZ19,Female,0,No,No,72.0,No,No internet service,No internet service,Two year,Yes,Credit card (automatic),22.63,1623.58,No
0363-WXYZ14,Male,0,Yes,Yes,14.0,Fiber optic,Yes,Yes,Month-to-month,Yes,Electronic check,91.07,1279.98,Yes
0364-LMNO42,Male,0,No,No,41.0,Fiber optic,No,Yes,One year,No,Credit card (automatic),70.48,2887.47,No
0365-WXYZ74,Male,0,No,No,18.0,No,No internet service,No internet service,Month-to-month,Yes,Electronic check,18.0,328.27,No
0366-WXYZ58,Female,0,No,No,29.0,No,No internet service,No internet service,Month-to-month,No,Mailed check,19.74,570.19,No
0367-LMNO94,Female,0,Yes,No,5.0,Fiber optic,No,No,Month-to-month,No,Electronic check,65.16,328.45,Yes
0368-WXYZ72,Male,0,No,No,1.0,Fiber optic,No,Yes,Month-to-month,Yes,Mailed check,67.49,70.59,Yes
0369-ABCD95,Female,0,No,No,52.0,No,No internet service,No internet service,One year,Yes,Credit card (automatic),21.93,1136.88,No
0370-LMNO36,Female,0,Yes,No,44.0,Fiber optic,No,No,Two year,No,Mailed check,69.7,3064.42,No
0371-ABCD86,Male,0,Yes,No,62.0,No,No internet service,No internet service,Two year,No,Electronic check,20.98,1299.82,No
0372-ABCD10,Female,0,No,Yes,,Fiber optic,No,No,Month-to-month,No,Electronic check,64.15,120.17,Yes
0373-ABCD64,Male,0,No,Yes,50.0,No,No internet service,No internet service,Two year,No,Mailed check,18.0,902.27,No
0374-WXYZ90,Female,0,Yes,No,1.0,Fiber optic,Yes,Yes,Month-to-month,Yes,Bank transfer (automatic),88.07,95.43,Yes
0375-ABCD14,Female,0,Yes,No,8.0,Fiber optic,No,No,Month-to-month,No,Bank transfer (automatic),61.63,486.74,No
0376-WXYZ12,Female,0,No,No,47.0,No,No internet service,No internet service,Two year,Yes,Electronic check,18.0,849.29,No
0377-ABCD32,Female,0,No,No,16.0,Fiber optic,Yes,Yes,Month-to-month,Yes,Bank transfer (automatic),83.47,1337.24,No
0378-ABCD62,Male,0,No,No,6.0,Fiber optic,Yes,No,Month-to-month,Yes,Credit card (automatic),82.41,491.01,Yes
0379-ABCD83,Female,0,No,No,2.0,No,No internet service,No internet service,Month-to-month,No,Mailed check,23.85,57.9,No
0380-WXYZ92,Male,0,Yes,No,1.0,Fiber optic,Yes,Yes,Month-to-month,Yes,Bank transfer (automatic),73.03,78.78,Yes
0381-ABCD94,Male,0,No,No,69.0,Fiber optic,No,No,Two year,No,Credit card (automatic),69.59,4807.9,No
0382-WXYZ82,Female,0,Yes,No,47.0,Fiber optic,No,No,Two year,No,Bank transfer (automatic),76.85,3612.15,No
0383-WXYZ10,Female,0,No,No,71.0,DSL,No,No,Two year,No,Bank transfer (automatic),46.64,3303.88,No
0384-LMNO54,Female,0,No,Yes,56.0,DSL,Yes,No,Two year,No,Bank transfer (automatic),52.33,2931.34,No
0385-ABCD13,Male,0,Yes,No,46.0,No,No internet service,No internet service,One year,Yes,Electronic check,32.14,1477.81,No
0386-WXYZ74,Female,0,Yes,No,42.0,DSL,Yes,Yes,Two year,No,Bank transfer (automatic),57.27,,No
0387-ABCD41,Female,1,No,No,1.0,Fiber optic,Yes,No,Month-to-month,No,Credit card (automatic),72.83,69.87,Yes
0388-WXYZ81,Male,0,Yes,Yes,42.0,Fiber optic,No,No,Two year,No,Electronic check,74.06,3117.19,No
0389-LMNO35,Male,0,Yes,No,10.0,No,No internet service,No internet service,Month-to-month,No,Credit card (automatic),18.0,176.89,No
0390-WXYZ43,Male,0,No,No,69.0,DSL,No,Yes,Two year,Yes,Bank transfer (automatic),54.36,3754.37,No
0391-WXYZ12,Male,1,Yes,Yes,2.0,No,No internet service,No internet service,Month-to-month,Yes,Mailed check,23.61,43.49,Yes
0392-LMNO59,Female,0,No,No,40.0,No,No internet service,No internet service,One year,Yes,Bank transfer (automatic),30.66,1226.21,No
0393-ABCD63,Female,0,Yes,No,29.0,Fiber optic,Yes,No,One year,No,Mailed check,79.73,2305.51,No
0394-ABCD66,Female,0,No,Yes,53.0,DSL,Yes,Yes,Two year,Yes,Credit card (automatic),66.39,3519.03,No
0395-ABCD56,Female,0,Yes,Yes,49.0,DSL,No,No,Two year,No,Mailed check,40.93,2000.53,No
0396-LMNO88,Male,0,Yes,No,39.0,Fiber optic,Yes,No,Month-to-month,Yes,Credit card (automatic),86.72,3384.85,No
0397-ABCD94,Female,0,No,No,15.0,Fiber optic,No,Yes,One year,No,Mailed check,70.86,1066.38,No
0398-WXYZ75,Male,0,No,Yes,12.0,No,No internet service,No internet service,Month-to-month,No,Bank transfer (automatic),26.94,323.22,No
0399-LMNO60,Female,0,Yes,Yes,18.0,DSL,No,Yes,Month-to-month,Yes,Credit card (automatic),49.05,879.63,Yes
0400-LMNO47,Male,0,Yes,No,4.0,DSL,Yes,Yes,Month-to-month,No,Electronic check,57.68,232.75,Yes
0401-WXYZ47,Female,0,No,Yes,1.0,DSL,No,No,Month-to-month,No,Bank transfer (automatic),50.44,55.19,No
0402-WXYZ91,Male,0,No,No,3.0,DSL,No,Yes,Month-to-month,Yes,Electronic check,44.54,132.77,No
0403-WXYZ88,Male,0,No,Yes,61.0,Fiber optic,Yes,No,Two year,Yes,Credit card (automatic),88.47,5394.52,No
0404-LMNO60,Female,0,No,No,40.0,DSL,No,No,Two year,Yes,Bank transfer (automatic),46.48,1852.9,No
0405-LMNO61,Male,1,No,Yes,5.0,DSL,Yes,No,Month-to-month,No,Credit card (automatic),58.93,295.74,No
0406-ABCD47,Female,1,Yes,Yes,23.0,No,No internet service,No internet service,Month-to-month,Yes,Credit card (automatic),18.0,419.3,No
0407-ABCD97,Male,0,No,Yes,53.0,DSL,No,Yes,Month-to-month,Yes,Electronic check,46.02,2446.21,No
0408-LMNO39,Female,0,No,No,5.0,No,No internet service,No internet service,Month-to-month,Yes,Electronic check,18.0,91.19,No
0409-LMNO60,Male,1,Yes,No,14.0,Fiber optic,No,No,Month-to-month,Yes,Bank transfer (automatic),63.85,886.89,No
0410-ABCD14,Male,0,Yes,Yes,12.0,No,No internet service,No internet service,Month-to-month,No,Mailed check,24.15,287.45,Yes
0411-ABCD13,Male,0,Yes,Yes,43.0,No,No internet service,No internet service,One year,No,Electronic check,18.0,779.85,No
0412-WXYZ65,Male,0,Yes,No,26.0,DSL,Yes,No,One year,Yes,Electronic check,50.97,1329.33,Yes
0413-ABCD83,Male,0,Yes,No,5.0,Fiber optic,No,Yes,Month-to-month,No,Mailed check,70.01,344.88,Yes
0414-ABCD93,Male,0,No,Yes,5.0,Fiber optic,Yes,No,Month-to-month,No,Electronic check,84.24,431.08,No
0415-ABCD43,Male,1,No,No,49.0,DSL,Yes,No,One year,Yes,Credit card (automatic),59.69,2919.4,No
0416-WXYZ62,Male,0,No,Yes,54.0,DSL,No,No,Two year,Yes,Credit card (automatic),44.69,2411.31,No
0417-WXYZ86,Female,0,Yes,No,1.0,Fiber optic,No,Yes,Month-to-month,No,Bank transfer (automatic),64.97,67.49,No
0418-WXYZ52,Female,0,Yes,No,1.0,DSL,No,Yes,Month-to-month,No,Electronic check,43.0,42.6,No
0419-LMNO32,Male,0,No,No,6.0,DSL,Yes,No,Month-to-month,No,Electronic check,65.2,389.57,Yes
0420-LMNO89,Female,0,Yes,No,1.0,Fiber optic,No,No,Month-to-month,Yes,Mailed check,74.27,74.34,Yes
0421-LMNO84,Female,0,No,No,13.0,Fiber optic,No,No,Month-to-month,No,Credit card (automatic),68.23,892.12,No
0422-WXYZ25,Male,0,No,No,17.0,Fiber optic,No,Yes,Month-to-month,Yes,Mailed check,72.93,1249.43,Yes
0423-ABCD76,Female,0,Yes,Yes,23.0,Fiber optic,No,Yes,Month-to-month,No,Mailed check,70.47,1622.33,Yes
0424-LMNO36,Male,0,Yes,No,16.0,Fiber optic,Yes,Yes,Month-to-month,No,Electronic check,83.35,1330.46,No
0425-ABCD41,Female,0,Yes,No,38.0,No,No internet service,No internet service,One year,No,Bank transfer (automatic),26.23,997.27,No
0426-WXYZ70,Male,1,No,No,33.0,Fiber optic,Yes,No,Month-to-month,No,Bank transfer (automatic),80.53,2667.36,No
0427-WXYZ60,Female,0,No,No,39.0,Fiber optic,No,Yes,One year,Yes,Electronic check,71.53,2793.73,No
0428-LMNO30,Female,0,No,No,2.0,DSL,No,No,Month-to-month,No,Mailed check,36.68,80.06,No
0429-ABCD91,Male,0,Yes,No,8.0,No,No internet service,No internet service,Month-to-month,Yes,Bank transfer (automatic),21.8,178.55,No
0430-WXYZ70,Male,0,No,No,59.0,Fiber optic,No,No,Two year,No,Mailed check,66.7,3940.0,No
0431-WXYZ30,Female,0,Yes,No,44.0,No,No internet service,No internet service,One year,Yes,Bank transfer (automatic),18.09,796.19,No
0432-WXYZ10,Male,0,Yes,Yes,2.0,Fiber optic,Yes,Yes,Month-to-month,No,Credit card (automatic),83.54,174.28,Yes
0433-ABCD21,Female,0,No,No,38.0,Fiber optic,No,No,One year,Yes,Bank transfer (automatic),58.91,2224.42,No
0434-WXYZ55,Female,0,No,No,43.0,DSL,Yes,No,One year,No,Bank transfer (automatic),51.93,2235.84,No
0435-WXYZ58,Female,0,Yes,No,30.0,DSL,No,Yes,Month-to-month,Yes,Credit card (automatic),49.15,1476.89,No
0436-WXYZ54,Female,0,Yes,No,7.0,DSL,No,No,Month-to-month,Yes,Credit card (automatic),45.52,314.3,Yes
0437-LMNO82,Female,0,Yes,No,55.0,No,No internet service,No internet service,Two year,No,Mailed check,27.29,1502.67,No
0438-WXYZ56,Female,0,Yes,Yes,2.0,Fiber optic,Yes,No,Month-to-month,No,Electronic check,78.16,159.29,Yes
0439-ABCD95,Male,0,Yes,No,1.0,DSL,No,No,Month-to-month,Yes,Credit card (automatic),49.26,40.6,No
0440-LMNO65,Male,0,No,Yes,61.0,DSL,Yes,No,Month-to-month,Yes,Electronic check,62.3,3802.12,No
0441-WXYZ72,Male,0,No,No,63.0,No,No internet service,No internet service,Two year,Yes,Credit card (automatic),25.82,1633.16,No
0442-ABCD90,Female,0,No,No,46.0,Fiber optic,Yes,Yes,Two year,No,Electronic check,84.46,3893.57,No
0443-WXYZ45,Female,0,No,No,51.0,Fiber optic,Yes,No,Two year,No,Credit card (automatic),85.57,4367.21,No
0444-ABCD17,Male,0,No,No,56.0,DSL,No,No,Two year,No,Bank transfer (automatic),40.61,2273.75,No
0445-ABCD61,Female,1,No,No,65.0,No,No internet service,No internet service,Two year,Yes,Bank transfer (automatic),18.65,1217.14,No
0446-LMNO56,Male,1,No,No,43.0,Fiber optic,No,No,One year,Yes,Mailed check,67.54,2900.04,No
0447-LMNO65,Male,0,Yes,No,38.0,Fiber optic,Yes,No,One year,No,Credit card (automatic),78.37,2982.04,No
0448-WXYZ23,Female,0,No,No,68.0,Fiber optic,No,Yes,Two year,Yes,Electronic check,70.68,4806.07,No
0449-WXYZ37,Male,0,No,No,4.0,DSL,Yes,No,Month-to-month,Yes,Electronic check,64.71,264.8,Yes
0450-LMNO87,Female,0,No,Yes,36.0,Fiber optic,Yes,Yes,One year,Yes,Electronic check,90.9,3270.08,No
0451-WXYZ35,Male,0,No,No,46.0,Fiber optic,No,No,One year,No,Credit card (automatic),65.95,3042.35,No
0452-WXYZ68,Female,0,Yes,No,68.0,DSL,Yes,No,Two year,No,Mailed check,59.82,4073.89,No
0453-LMNO16,Female,0,No,No,51.0,Fiber optic,No,No,Two year,Yes,Bank transfer (automatic),69.33,3537.73,No
0454-LMNO32,Male,1,Yes,Yes,43.0,Fiber optic,No,No,Two year,No,Bank transfer (automatic),77.37,3328.4,No
0455-WXYZ27,Female,0,No,No,49.0,Fiber optic,No,No,Two year,Yes,Credit card (automatic),78.93,3876.15,No
0456-WXYZ47,Female,0,Yes,No,10.0,Fiber optic,Yes,Yes,Month-to-month,Yes,Bank transfer (automatic),78.48,795.64,No
0457-LMNO24,Male,0,Yes,Yes,60.0,Fiber optic,No,Yes,Month-to-month,Yes,Mailed check,72.43,4344.16,No
0458-ABCD37,Male,0,Yes,No,9.0,Fiber optic,Yes,Yes,Month-to-month,Yes,Bank transfer (automatic),87.66,787.51,Yes
0459-WXYZ48,Female,0,No,No,9.0,Fiber optic,No,No,Month-to-month,Yes,Bank transfer (automatic),69.0,627.61,No
0460-ABCD26,Male,0,Yes,No,1.0,No,No internet service,No internet service,Month-to-month,No,Electronic check,18.0,6.31,No
0461-LMNO95,Male,0,No,No,1.0,Fiber optic,Yes,No,Month-to-month,Yes,Electronic check,88.53,75.86,Yes
0462-WXYZ53,Male,0,Yes,No,8.0,DSL,Yes,No,Month-to-month,Yes,Electronic check,66.08,525.03,No
0463-ABCD26,Male,0,No,No,53.0,Fiber optic,No,No,Two year,Yes,Mailed check,67.27,,No
0464-ABCD93,Female,0,No,No,50.0,Fiber optic,Yes,No,Month-to-month,Yes,Mailed check,90.98,4543.68,No
0465-ABCD77,Male,1,Yes,Yes,52.0,No,No internet service,No internet service,Two year,Yes,Bank transfer (automatic),20.02,1035.0,No
0466-WXYZ76,Male,0,Yes,Yes,64.0,Fiber optic,Yes,No,Two year,Yes,Credit card (automatic),92.11,5892.87,No
0467-ABCD27,Male,1,No,No,9.0,Fiber optic,No,No,Month-to-month,No,Electronic check,77.1,700.96,Yes
0468-LMNO95,Male,0,No,No,9.0,No,No internet service,No internet service,Month-to-month,No,Bank transfer (automatic),19.88,177.21,Yes
0469-WXYZ17,Female,0,No,Yes,67.0,DSL,No,No,Two year,No,Mailed check,47.09,,No
0470-ABCD92,Male,0,Yes,Yes,49.0,DSL,Yes,Yes,One year,Yes,Electronic check,56.49,2768.79,No
0471-WXYZ50,Female,0,No,Yes,18.0,DSL,No,Yes,Month-to-month,No,Bank transfer (automatic),36.88,671.85,No
0472-ABCD15,Male,1,No,No,1.0,Fiber optic,Yes,Yes,Month-to-month,Yes,Credit card (automatic),86.25,85.31,Yes
0473-WXYZ73,Male,0,Yes,No,34.0,No,No internet service,No internet service,Month-to-month,Yes,Electronic check,18.0,614.36,No
0474-WXYZ68,Female,0,Yes,No,1.0,No,No internet service,No internet service,Month-to-month,Yes,Mailed check,30.47,31.86,No
0475-LMNO79,Male,0,Yes,No,7.0,Fiber optic,Yes,Yes,Month-to-month,Yes,Electronic check,90.69,634.42,No
0476-ABCD42,Female,0,No,No,30.0,No,No internet service,No internet service,Month-to-month,No,Electronic check,19.24,581.49,No
0477-ABCD31,Female,0,No,No,27.0,Fiber optic,No,No,One year,Yes,Bank transfer (automatic),83.34,2253.92,No
0478-ABCD79,Male,0,Yes,Yes,55.0,DSL,No,Yes,Two year,Yes,Credit card (automatic),41.85,2303.21,No
0479-WXYZ13,Male,0,Yes,No,41.0,Fiber optic,No,No,One year,Yes,Bank transfer (automatic),68.04,2780.35,Yes
0480-WXYZ84,Female,0,Yes,No,41.0,DSL,No,No,Two year,No,Mailed check,42.98,1756.61,No
0481-WXYZ71,Male,1,Yes,No,54.0,Fiber optic,No,No,Two year,No,Credit card (automatic),69.68,3758.39,No
0482-WXYZ33,Male,0,Yes,No,26.0,DSL,Yes,Yes,One year,Yes,Electronic check,58.45,1521.19,Yes
0483-LMNO18,Male,0,No,No,4.0,Fiber optic,No,Yes,Month-to-month,No,Bank transfer (automatic),72.28,289.23,Yes
0484-LMNO12,Male,0,Yes,No,20.0,DSL,Yes,No,Month-to-month,No,Mailed check,55.01,1096.76,No
0485-LMNO40,Female,0,Yes,No,59.0,DSL,No,Yes,Two year,Yes,Credit card (automatic),45.64,2688.95,No
0486-ABCD45,Male,0,No,No,48.0,No,No internet service,No internet service,Two year,No,Credit card (automatic),18.0,867.77,No
0487-LMNO15,Male,0,No,No,6.0,Fiber optic,No,No,Month-to-month,Yes,Credit card (automatic),70.31,418.54,Yes
0488-WXYZ93,Female,0,No,No,10.0,No,No internet service,No internet service,Month-to-month,Yes,Electronic check,18.0,167.95,Yes
0489-LMNO13,Male,0,Yes,Yes,60.0,Fiber optic,No,No,Two year,No,Bank transfer (automatic),65.68,3941.9,No
0490-LMNO15,Male,0,Yes,No,13.0,No,No internet service,No internet service,Month-to-month,Yes,Bank transfer (automatic),30.63,395.78,No
0491-WXYZ60,Female,0,No,No,1.0,DSL,No,No,Month-to-month,Yes,Bank transfer (automatic),40.39,44.48,No
0492-WXYZ66,Male,0,No,No,43.0,No,No internet service,No internet service,Two year,No,Mailed check,22.62,969.19,No
0493-WXYZ88,Female,0,Yes,No,20.0,DSL,No,No,Month-to-month,Yes,Electronic check,42.32,845.52,No
0494-LMNO17,Female,1,No,No,54.0,DSL,No,No,One year,Yes,Electronic check,39.91,2156.82,No
0495-WXYZ60,Male,0,No,No,72.0,Fiber optic,No,Yes,Two year,Yes,Electronic check,70.32,5052.35,No
0496-ABCD53,Female,1,Yes,No,1.0,No,No internet service,No internet service,Month-to-month,Yes,Credit card (automatic),18.0,15.26,Yes
0497-ABCD79,Male,0,No,No,5.0,No,No internet service,No internet service,Month-to-month,Yes,Credit card (automatic),22.59,109.35,No
0498-WXYZ77,Male,0,No,No,41.0,Fiber optic,Yes,No,Month-to-month,No,Electronic check,84.38,3457.44,Yes
0499-LMNO93,Female,0,Yes,No,9.0,Fiber optic,Yes,No,Month-to-month,Yes,Credit card (automatic),91.68,822.78,Yes
0500-ABCD29,Female,0,No,No,57.0,DSL,Yes,No,Two year,No,Electronic check,53.47,3048.02,No
0501-ABCD21,Male,0,No,No,1.0,No,No internet service,No internet service,Month-to-month,Yes,Mailed check,21.38,22.54,Yes
0502-LMNO10,Female,0,No,Yes,1.0,Fiber optic,No,No,Month-to-month,No,Electronic check,71.85,75.22,No
0503-WXYZ23,Female,1,Yes,Yes,15.0,No,No internet service,No internet service,Month-to-month,No,Credit card (automatic),18.0,272.77,No
0504-WXYZ46,Female,0,Yes,Yes,9.0,Fiber optic,Yes,No,Month-to-month,Yes,Bank transfer (automatic),81.68,741.29,Yes
0505-WXYZ20,Female,0,No,No,1.0,No,No internet service,No internet service,Month-to-month,No,Mailed check,18.0,23.07,No
0506-LMNO86,Male,0,Yes,No,41.0,DSL,Yes,No,One year,No,Bank transfer (automatic),52.2,2147.38,No
0507-LMNO12,Male,0,Yes,Yes,11.0,Fiber optic,No,No,Month-to-month,Yes,Electronic check,69.41,769.86,No
0508-ABCD15,Female,0,Yes,No,19.0,Fiber optic,Yes,No,Month-to-month,Yes,Mailed check,89.03,1689.21,No
0509-WXYZ19,Male,0,Yes,No,16.0,DSL,Yes,Yes,Month-to-month,No,Mailed check,59.34,948.13,No
0510-ABCD32,Female,0,No,No,47.0,DSL,No,No,Two year,No,Electronic check,44.55,2092.92,No
0511-WXYZ53,Male,0,Yes,No,41.0,No,No internet service,No internet service,Month-to-month,Yes,Credit card (automatic),18.0,744.11,No
0512-WXYZ22,Male,1,No,No,25.0,DSL,No,Yes,One year,Yes,Bank transfer (automatic),34.49,861.34,No
0513-WXYZ93,Male,0,Yes,Yes,31.0,DSL,No,No,One year,Yes,Electronic check,46.71,1452.19,No
0514-ABCD72,Female,0,No,No,44.0,No,No internet service,No internet service,One year,Yes,Electronic check,18.0,782.86,No
0515-ABCD82,Male,1,Yes,Yes,20.0,DSL,No,No,Month-to-month,No,Electronic check,36.0,709.84,No
0516-ABCD18,Female,0,No,No,51.0,No,No internet service,No internet service,Two year,Yes,Mailed check,18.0,924.82,No
0517-LMNO24,Male,0,No,No,30.0,No,No internet service,No internet service,One year,Yes,Mailed check,21.25,640.38,No
0518-WXYZ44,Male,0,Yes,No,58.0,No,No internet service,No internet service,Two year,No,Electronic check,22.01,1282.93,No
0519-WXYZ58,Male,0,No,No,3.0,Fiber optic,No,No,Month-to-month,Yes,Bank transfer (automatic),70.99,205.72,Yes
0520-ABCD71,Female,0,Yes,Yes,49.0,DSL,No,No,One year,Yes,Mailed check,41.52,2035.76,No
0521-WXYZ87,Male,0,No,No,59.0,DSL,No,Yes,Two year,Yes,Electronic check,47.97,2823.22,No
0522-ABCD84,Male,0,No,No,1.0,DSL,No,No,Month-to-month,Yes,Credit card (automatic),44.9,49.81,No
0523-ABCD43,Male,0,No,No,12.0,DSL,No,No,Month-to-month,Yes,Electronic check,40.62,488.03,No
0524-LMNO44,Male,0,No,No,41.0,No,No internet service,No internet service,One year,Yes,Mailed check,18.0,737.84,No
0525-ABCD49,Female,1,Yes,No,15.0,Fiber optic,Yes,No,Month-to-month,Yes,Mailed check,85.98,1294.53,Yes
0526-WXYZ69,Female,0,Yes,No,47.0,DSL,No,Yes,One year,No,Electronic check,49.34,2318.97,No
0527-ABCD81,Male,0,Yes,No,2.0,Fiber optic,No,No,Month-to-month,No,Electronic check,72.97,145.77,Yes
0528-LMNO23,Female,0,No,No,4.0,Fiber optic,Yes,No,Month-to-month,Yes,Electronic check,85.82,336.5,Yes
0529-WXYZ44,Female,1,No,No,47.0,DSL,No,Yes,One year,No,Credit card (automatic),48.17,2271.19,No
0530-ABCD46,Male,0,Yes,No,22.0,Fiber optic,No,No,Month-to-month,No,Bank transfer (automatic),81.86,1801.94,Yes
0531-ABCD92,Female,0,No,No,53.0,Fiber optic,Yes,Yes,Two year,Yes,Bank transfer (automatic),86.44,4584.42,No
0532-LMNO87,Female,1,Yes,No,61.0,DSL,Yes,Yes,Two year,No,Mailed check,60.79,3701.84,No
0533-WXYZ71,Male,0,Yes,No,17.0,Fiber optic,No,Yes,One year,No,Mailed check,72.72,1243.65,No
0534-ABCD51,Male,1,No,No,45.0,Fiber optic,No,No,Two year,Yes,Electronic check,73.75,3320.01,No
0535-ABCD27,Female,0,Yes,Yes,46.0,No,No internet service,No internet service,Two year,Yes,Electronic check,18.0,837.02,No
0536-LMNO23,Female,0,No,No,5.0,No,No internet service,No internet service,Month-to-month,Yes,Electronic check,20.89,109.86,No
0537-LMNO47,Male,1,Yes,Yes,38.0,Fiber optic,Yes,No,Two year,Yes,Mailed check,90.02,3408.93,No
0538-ABCD32,Male,0,No,No,10.0,Fiber optic,No,No,Month-to-month,No,Electronic check,78.73,791.57,Yes
0539-LMNO24,Male,0,Yes,No,1.0,No,No internet service,No internet service,Month-to-month,No,Electronic check,20.1,25.06,Yes
0540-ABCD34,Female,0,Yes,No,22.0,Fiber optic,Yes,Yes,One year,Yes,Electronic check,82.73,1823.57,Yes
0541-ABCD75,Female,1,No,No,43.0,DSL,Yes,Yes,One year,No,Mailed check,60.82,2616.64,No
0542-WXYZ62,Female,0,No,No,1.0,DSL,No,Yes,Month-to-month,Yes,Mailed check,41.78,41.13,Yes
0543-LMNO48,Male,0,Yes,Yes,1.0,No,No internet service,No internet service,Month-to-month,Yes,Electronic check,27.85,28.0,No
0544-LMNO79,Female,0,Yes,Yes,36.0,No,No internet service,No internet service,One year,No,Electronic check,22.4,813.7,No
0545-WXYZ76,Female,0,No,No,59.0,Fiber optic,Yes,No,Month-to-month,No,Electronic check,84.74,5007.32,No
0546-LMNO60,Male,0,Yes,No,35.0,Fiber optic,Yes,Yes,Two year,Yes,Electronic check,90.57,3169.34,No
0547-WXYZ73,Male,0,No,No,48.0,DSL,No,No,One year,Yes,Electronic check,39.23,1879.4,No
0548-LMNO38,Female,0,No,No,14.0,No,No internet service,No internet service,Month-to-month,Yes,Electronic check,18.0,258.61,No
0549-ABCD36,Female,0,Yes,Yes,2.0,No,No internet service,No internet service,Month-to-month,Yes,Bank transfer (automatic),22.11,49.11,Yes
0550-ABCD47,Male,0,Yes,Yes,4.0,DSL,Yes,No,One year,Yes,Mailed check,65.37,262.78,No
0551-ABCD36,Female,0,No,Yes,32.0,No,No internet service,No internet service,Month-to-month,Yes,Electronic check,19.29,612.7,No
0552-LMNO42,Male,0,Yes,No,9.0,Fiber optic,No,No,Month-to-month,Yes,Electronic check,66.6,591.24,No
0553-WXYZ77,Female,1,No,No,3.0,Fiber optic,No,Yes,Month-to-month,No,Electronic check,65.22,199.67,Yes
0554-WXYZ75,Female,0,Yes,No,32.0,Fiber optic,No,No,Month-to-month,Yes,Electronic check,63.83,2040.01,Yes
0555-WXYZ14,Female,0,No,No,11.0,Fiber optic,No,No,Month-to-month,Yes,Credit card (automatic),73.33,803.95,No
0556-LMNO83,Female,0,Yes,Yes,7.0,DSL,No,No,Month-to-month,No,Credit card (automatic),49.09,345.99,Yes
0557-ABCD47,Female,0,No,No,71.0,No,No internet service,No internet service,Two year,No,Electronic check,24.59,1743.41,No
0558-ABCD40,Male,0,Yes,Yes,41.0,DSL,No,No,One year,Yes,Bank transfer (automatic),45.04,1844.37,No
0559-LMNO97,Female,0,Yes,No,56.0,DSL,No,Yes,Two year,Yes,Electronic check,39.22,2192.93,No
0560-LMNO38,Male,0,No,No,13.0,Fiber optic,Yes,No,Month-to-month,No,Electronic check,81.43,1062.14,No
0561-ABCD38,Male,1,Yes,Yes,23.0,DSL,Yes,No,Month-to-month,Yes,Bank transfer (automatic),62.99,1444.07,No
0562-LMNO77,Male,0,Yes,No,42.0,DSL,Yes,Yes,One year,Yes,Electronic check,54.81,2294.66,No
0563-ABCD11,Male,0,Yes,Yes,26.0,DSL,No,Yes,One year,Yes,Mailed check,44.49,1151.99,No
0564-LMNO45,Female,0,Yes,No,57.0,Fiber optic,Yes,No,One year,Yes,Bank transfer (automatic),79.91,4562.07,No
0565-WXYZ52,Male,1,No,No,38.0,DSL,No,Yes,One year,Yes,Mailed check,41.52,1574.86,No
0566-LMNO78,Female,0,No,No,60.0,Fiber optic,No,Yes,One year,Yes,Credit card (automatic),64.24,3856.86,No
0567-LMNO83,Female,0,Yes,No,1.0,DSL,No,No,Month-to-month,No,Bank transfer (automatic),45.08,43.54,No
0568-WXYZ15,Male,0,No,Yes,39.0,Fiber optic,No,No,One year,No,Bank transfer (automatic),62.68,2443.53,No
0569-LMNO56,Female,0,No,Yes,52.0,Fiber optic,No,No,One year,No,Mailed check,66.2,3449.27,No
0570-WXYZ55,Male,0,No,No,51.0,Fiber optic,Yes,Yes,Two year,Yes,Electronic check,89.26,4552.89,No
0571-LMNO21,Male,0,Yes,No,40.0,DSL,No,Yes,One year,Yes,Bank transfer (automatic),50.24,2017.94,No
0572-WXYZ22,Female,0,No,No,54.0,DSL,No,Yes,One year,No,Credit card (automatic),48.35,2620.59,No
0573-WXYZ91,Male,0,No,No,53.0,No,No internet service,No internet service,Month-to-month,Yes,Mailed check,27.08,1443.16,No
0574-ABCD69,Male,0,No,No,58.0,DSL,No,No,Two year,Yes,Credit card (automatic),38.4,2224.6,No
0575-LMNO85,Female,0,Yes,No,62.0,Fiber optic,Yes,No,Two year,Yes,Electronic check,84.54,5242.36,No
0576-ABCD46,Female,0,Yes,No,51.0,No,No internet service,No internet service,Two year,Yes,Electronic check,20.38,1046.79,No
0577-LMNO40,Male,0,No,No,30.0,DSL,No,No,One year,Yes,Electronic check,54.76,1646.78,No
0578-WXYZ18,Female,0,Yes,No,1.0,Fiber optic,Yes,No,Month-to-month,Yes,Mailed check,83.81,,Yes
0579-WXYZ60,Female,0,No,No,30.0,DSL,No,No,One year,No,Credit card (automatic),49.01,1476.55,No
0580-ABCD87,Female,0,Yes,Yes,31.0,Fiber optic,Yes,Yes,One year,Yes,Mailed check,93.47,2904.09,No
0581-ABCD95,Male,0,No,Yes,50.0,Fiber optic,No,Yes,Two year,No,Credit card (automatic),70.65,3527.59,Yes
0582-LMNO32,Female,0,No,No,10.0,DSL,No,Yes,Month-to-month,No,Mailed check,42.65,426.24,Yes
0583-ABCD55,Female,1,No,No,33.0,DSL,Yes,No,One year,Yes,Mailed check,58.09,1913.76,No
0584-ABCD30,Female,0,No,No,9.0,No,No internet service,No internet service,Month-to-month,No,Bank transfer (automatic),18.0,161.44,No
0585-WXYZ45,Female,0,No,No,65.0,Fiber optic,No,No,Two year,No,Electronic check,67.7,4401.58,No
0586-WXYZ96,Male,0,Yes,No,2.0,No,No internet service,No internet service,Month-to-month,Yes,Bank transfer (automatic),18.0,36.54,Yes
0587-ABCD10,Male,0,No,No,28.0,DSL,No,No,One year,Yes,Electronic check,48.91,1366.55,No
0588-LMNO63,Male,0,Yes,No,6.0,No,No internet service,No internet service,Month-to-month,Yes,Electronic check,18.0,101.69,No
0589-LMNO49,Male,0,No,Yes,10.0,DSL,No,No,Month-to-month,No,Bank transfer (automatic),46.96,462.0,Yes
0590-LMNO30,Female,1,Yes,Yes,31.0,DSL,No,No,One year,Yes,Credit card (automatic),50.69,1580.55,No
0591-LMNO82,Male,0,No,No,4.0,Fiber optic,No,No,Month-to-month,Yes,Bank transfer (automatic),73.64,300.77,Yes
0592-ABCD18,Female,1,No,No,28.0,DSL,Yes,Yes,One year,Yes,Bank transfer (automatic),57.58,1613.96,No
0593-WXYZ61,Female,0,Yes,No,61.0,DSL,Yes,No,Two year,Yes,Bank transfer (automatic),63.82,3878.74,No
0594-ABCD35,Male,0,Yes,No,44.0,Fiber optic,Yes,No,Two year,Yes,Electronic check,85.05,3738.1,No
0595-ABCD44,Male,0,No,No,29.0,DSL,No,No,Month-to-month,Yes,Credit card (automatic),42.71,1241.1,No
0596-LMNO34,Female,0,Yes,Yes,39.0,DSL,Yes,No,Two year,No,Mailed check,58.18,2273.26,No
0597-WXYZ84,Female,0,Yes,Yes,12.0,DSL,Yes,No,Month-to-month,No,Electronic check,62.21,744.97,No
0598-WXYZ11,Male,0,Yes,Yes,49.0,Fiber optic,No,Yes,Two year,No,Mailed check,62.22,3051.56,No
0599-LMNO91,Male,0,No,No,45.0,Fiber optic,Yes,Yes,Two year,No,Electronic check,82.48,3711.13,No
0600-LMNO43,Female,1,No,No,7.0,Fiber optic,Yes,Yes,Month-to-month,No,Electronic check,86.87,613.77,Yes
0601-LMNO26,Female,0,No,No,21.0,DSL,No,No,Month-to-month,Yes,Electronic check,42.44,891.06,No
0602-LMNO68,Male,0,No,No,4.0,Fiber optic,No,No,Month-to-month,Yes,Electronic check,63.54,253.81,Yes
0603-LMNO60,Female,1,Yes,No,40.0,Fiber optic,No,Yes,Two year,No,Bank transfer (automatic),65.54,2619.11,No
0604-WXYZ33,Male,0,No,No,1.0,No,No internet service,No internet service,Month-to-month,Yes,Bank transfer (automatic),20.86,24.64,Yes
0605-ABCD80,Male,0,Yes,No,22.0,Fiber optic,Yes,No,One year,Yes,Bank transfer (automatic),87.41,1925.1,No
0606-WXYZ97,Male,0,Yes,Yes,27.0,DSL,No,Yes,One year,Yes,Mailed check,50.42,1355.56,No
0607-ABCD58,Male,0,Yes,Yes,52.0,No,No internet service,No internet service,Two year,Yes,Bank transfer (automatic),23.9,1244.74,No
0608-ABCD72,Male,0,No,No,63.0,DSL,No,Yes,Two year,No,Electronic check,48.85,3078.48,No
0609-LMNO31,Male,0,No,No,1.0,No,No internet service,No internet service,Month-to-month,Yes,Bank transfer (automatic),18.0,22.82,No
0610-WXYZ37,Male,0,Yes,No,35.0,No,No internet service,No internet service,One year,No,Electronic check,23.76,831.15,No
0611-WXYZ94,Male,0,No,No,52.0,No,No internet service,No internet service,Two year,Yes,Mailed check,18.0,931.13,No
0612-ABCD80,Male,0,Yes,No,55.0,DSL,No,No,Two year,Yes,Electronic check,37.79,2076.19,No
0613-ABCD93,Female,0,Yes,No,17.0,Fiber optic,No,Yes,Month-to-month,Yes,Credit card (automatic),72.79,1246.6,No
0614-ABCD58,Male,0,Yes,Yes,12.0,DSL,Yes,No,Month-to-month,No,Credit card (automatic),60.89,729.62,Yes
0615-WXYZ95,Male,0,No,Yes,14.0,No,No internet service,No internet service,Month-to-month,No,Bank transfer (automatic),24.42,347.05,No
0616-LMNO70,Female,0,No,No,7.0,No,No internet service,No internet service,Month-to-month,Yes,Electronic check,18.0,119.15,No
0617-ABCD80,Female,0,Yes,Yes,28.0,No,No internet service,No internet service,Month-to-month,Yes,Electronic check,19.97,561.14,No
0618-ABCD22,Male,0,No,No,6.0,DSL,No,Yes,Month-to-month,No,Credit card (automatic),36.0,208.33,Yes
0619-WXYZ96,Female,0,Yes,Yes,59.0,DSL,No,No,One year,Yes,Mailed check,54.8,3233.55,No
0620-LMNO65,Female,1,No,No,8.0,Fiber optic,Yes,No,Month-to-month,Yes,Credit card (automatic),78.31,622.78,Yes
0621-LMNO71,Female,0,No,Yes,37.0,Fiber optic,Yes,No,One year,Yes,Mailed check,80.95,2990.53,Yes
0622-WXYZ38,Male,0,Yes,Yes,2.0,DSL,No,No,Month-to-month,Yes,Credit card (automatic),39.85,74.49,No
0623-ABCD54,Female,0,No,No,49.0,Fiber optic,Yes,No,Two year,Yes,Credit card (automatic),86.03,4214.4,No
0624-ABCD39,Male,0,No,Yes,53.0,Fiber optic,Yes,No,Two year,Yes,Bank transfer (automatic),80.76,4270.78,No
0625-LMNO27,Female,0,Yes,No,59.0,No,No internet service,No internet service,One year,No,Electronic check,25.39,1490.81,No
0626-ABCD87,Female,0,No,Yes,43.0,Fiber optic,No,No,Two year,No,Mailed check,71.57,3077.98,No
0627-LMNO56,Male,0,No,No,1.0,No,No internet service,No internet service,Month-to-month,No,Credit card (automatic),18.0,9.26,No
0628-WXYZ75,Female,1,Yes,Yes,64.0,Fiber optic,Yes,No,Two year,Yes,Credit card (automatic),88.9,5681.99,No
0629-WXYZ47,Male,0,Yes,No,4.0,No,No internet service,No internet service,Month-to-month,No,Electronic check,24.56,107.17,Yes
0630-LMNO72,Female,0,Yes,No,3.0,DSL,Yes,No,Month-to-month,No,Mailed check,56.36,176.94,No
0631-ABCD17,Male,0,No,No,26.0,Fiber optic,Yes,No,Month-to-month,No,Credit card (automatic),79.28,2057.12,Yes
0632-ABCD64,Male,0,No,No,39.0,DSL,Yes,Yes,One year,Yes,Bank transfer (automatic),61.99,2419.26,No
0633-LMNO12,Male,1,No,No,14.0,No,No internet service,No internet service,Month-to-month,Yes,Credit card (automatic),23.29,,No
0634-WXYZ83,Female,1,Yes,Yes,33.0,Fiber optic,Yes,Yes,One year,No,Credit card (automatic),79.98,2635.43,No
0635-LMNO43,Male,0,Yes,Yes,13.0,DSL,No,No,Month-to-month,No,Credit card (automatic),49.62,629.38,No
0636-ABCD96,Male,1,Yes,Yes,47.0,No,No internet service,No internet service,Two year,No,Electronic check,18.0,853.64,No
0637-LMNO41,Male,0,No,No,58.0,Fiber optic,Yes,Yes,One year,No,Electronic check,90.92,5276.13,No
0638-WXYZ16,Female,1,No,No,10.0,No,No internet service,No internet service,Month-to-month,Yes,Electronic check,18.0,183.71,No
0639-ABCD17,Female,0,No,No,19.0,Fiber optic,No,No,Month-to-month,Yes,Credit card (automatic),66.33,1262.93,No
0640-ABCD66,Male,0,Yes,Yes,67.0,Fiber optic,No,No,Two year,No,Mailed check,68.96,4619.32,No
0641-LMNO76,Male,0,No,No,4.0,Fiber optic,No,No,Month-to-month,Yes,Electronic check,65.04,257.73,No
0642-LMNO68,Male,0,No,No,14.0,DSL,No,Yes,Month-to-month,Yes,Electronic check,44.84,627.59,No
0643-LMNO81,Male,0,Yes,Yes,27.0,Fiber optic,Yes,Yes,One year,No,Mailed check,83.27,2255.62,Yes
0644-WXYZ76,Male,0,No,No,3.0,Fiber optic,No,No,Month-to-month,Yes,Credit card (automatic),68.95,206.97,Yes
0645-LMNO17,Female,0,Yes,No,32.0,DSL,No,Yes,Month-to-month,No,Bank transfer (automatic),42.98,1385.07,No
0646-WXYZ44,Male,0,Yes,Yes,1.0,DSL,No,Yes,Month-to-month,No,Bank transfer (automatic),38.55,34.67,No
0647-WXYZ41,Male,0,Yes,Yes,2.0,DSL,No,No,Month-to-month,Yes,Electronic check,44.89,82.33,Yes
0648-WXYZ25,Male,1,Yes,Yes,7.0,DSL,No,No,Month-to-month,Yes,Credit card (automatic),44.37,305.98,No
0649-ABCD63,Female,0,Yes,Yes,6.0,Fiber optic,No,No,Month-to-month,Yes,Electronic check,64.96,388.96,Yes
0650-ABCD23,Female,1,Yes,Yes,11.0,No,No internet service,No internet service,Month-to-month,No,Bank transfer (automatic),26.25,295.69,No
0651-LMNO64,Female,0,Yes,Yes,2.0,Fiber optic,Yes,Yes,Month-to-month,Yes,Electronic check,86.57,170.72,Yes
0652-WXYZ16,Male,0,No,No,63.0,Fiber optic,No,No,Two year,Yes,Electronic check,73.6,4629.51,No
0653-WXYZ16,Male,0,No,No,33.0,DSL,No,Yes,One year,No,Electronic check,40.96,1351.75,No
0654-ABCD32,Male,0,No,No,49.0,DSL,No,No,Two year,Yes,Mailed check,33.46,1645.65,No
0655-ABCD28,Male,0,Yes,No,8.0,Fiber optic,No,No,Month-to-month,Yes,Bank transfer (automatic),78.72,629.74,Yes
0656-ABCD28,Female,0,Yes,Yes,9.0,Fiber optic,No,No,Month-to-month,Yes,Electronic check,70.84,638.57,Yes
0657-ABCD69,Female,0,Yes,No,66.0,No,No internet service,No internet service,Two year,Yes,Electronic check,21.82,1439.98,No
0658-WXYZ11,Female,0,Yes,Yes,62.0,DSL,No,No,One year,No,Credit card (automatic),46.6,2888.15,No
0659-ABCD56,Female,0,No,No,3.0,Fiber optic,No,No,Month-to-month,Yes,Electronic check,72.0,228.0,Yes
0660-ABCD29,Male,0,No,No,17.0,No,No internet service,No internet service,Month-to-month,Yes,Electronic check,18.0,312.57,No
0661-LMNO11,Female,0,No,No,1.0,Fiber optic,No,Yes,Month-to-month,No,Mailed check,64.86,74.23,Yes
0662-LMNO96,Male,0,No,Yes,62.0,DSL,Yes,Yes,Two year,No,Credit card (automatic),54.87,3416.36,No
0663-LMNO21,Male,0,Yes,Yes,3.0,Fiber optic,No,Yes,Month-to-month,Yes,Electronic check,72.76,224.71,Yes
0664-ABCD46,Female,0,Yes,Yes,26.0,Fiber optic,No,Yes,One year,No,Credit card (automatic),63.93,1659.83,No
0665-WXYZ18,Male,0,No,No,11.0,Fiber optic,Yes,Yes,One year,No,Mailed check,77.36,855.37,No
0666-WXYZ62,Male,0,Yes,Yes,55.0,DSL,No,Yes,Two year,Yes,Mailed check,41.79,2308.01,No
0667-LMNO95,Male,0,Yes,Yes,34.0,Fiber optic,Yes,No,Two year,No,Electronic check,83.64,2846.43,No
0668-ABCD83,Female,0,Yes,Yes,61.0,DSL,No,No,Month-to-month,No,Bank transfer (automatic),44.75,2728.02,No
0669-WXYZ68,Female,0,Yes,Yes,37.0,No,No internet service,No internet service,One year,Yes,Electronic check,18.0,672.87,Yes
0670-WXYZ96,Male,0,Yes,No,69.0,No,No internet service,No internet service,Two year,No,Bank transfer (automatic),22.42,1540.61,No
0671-ABCD90,Female,0,No,No,18.0,Fiber optic,No,No,One year,No,Electronic check,75.83,1365.65,Yes
0672-WXYZ18,Male,0,No,No,58.0,Fiber optic,No,No,Two year,No,Mailed check,70.25,4078.29,No
0673-WXYZ34,Male,0,Yes,No,64.0,DSL,Yes,Yes,Two year,Yes,Credit card (automatic),65.81,4211.3,No
0674-LMNO82,Female,0,Yes,No,10.0,Fiber optic,Yes,No,Month-to-month,Yes,Bank transfer (automatic),87.75,880.63,Yes
0675-WXYZ31,Female,0,No,No,10.0,No,No internet service,No internet service,Month-to-month,No,Electronic check,18.0,183.26,No
0676-LMNO13,Female,0,Yes,Yes,69.0,No,No internet service,No internet service,Two year,Yes,Bank transfer (automatic),18.0,1244.8,No
0677-WXYZ67,Male,0,Yes,No,1.0,Fiber optic,No,No,Month-to-month,No,Bank transfer (automatic),65.51,64.57,No
0678-ABCD96,Female,1,Yes,Yes,25.0,Fiber optic,No,No,Month-to-month,Yes,Electronic check,69.05,1724.24,Yes
0679-ABCD84,Female,0,Yes,No,10.0,No,No internet service,No internet service,Month-to-month,Yes,Mailed check,18.61,185.52,No
0680-WXYZ27,Female,0,No,No,55.0,No,No internet service,No internet service,Two year,No,Electronic check,22.97,1256.49,No
0681-ABCD51,Male,0,No,No,22.0,DSL,No,No,Month-to-month,Yes,Mailed check,44.22,979.72,No
0682-ABCD47,Female,0,Yes,No,40.0,Fiber optic,No,Yes,One year,Yes,Bank transfer (automatic),71.24,2852.31,No
0683-WXYZ26,Female,0,Yes,No,6.0,DSL,No,No,Month-to-month,Yes,Electronic check,39.16,235.8,No
0684-ABCD34,Male,0,Yes,Yes,13.0,No,No internet service,No internet service,Month-to-month,No,Electronic check,21.21,272.34,No
0685-WXYZ85,Male,0,Yes,Yes,11.0,Fiber optic,No,No,Month-to-month,No,Electronic check,67.61,744.35,Yes
0686-LMNO95,Male,0,No,Yes,2.0,No,No internet service,No internet service,Month-to-month,No,Credit card (automatic),18.0,36.54,No
0687-ABCD36,Female,0,No,No,49.0,Fiber optic,Yes,Yes,Two year,Yes,Bank transfer (automatic),81.77,4004.55,No
0688-ABCD40,Female,1,No,No,38.0,No,No internet service,No internet service,Two year,Yes,Electronic check,27.56,1052.53,No
0689-WXYZ49,Female,0,No,No,37.0,DSL,Yes,No,One year,No,Mailed check,54.1,1996.05,No
0690-WXYZ21,Female,1,No,No,9.0,Fiber optic,No,No,Month-to-month,No,Electronic check,73.38,655.87,Yes
0691-ABCD62,Female,1,No,Yes,16.0,Fiber optic,No,Yes,Month-to-month,Yes,Bank transfer (automatic),69.77,1121.88,Yes
0692-LMNO19,Male,0,Yes,Yes,1.0,DSL,Yes,No,Month-to-month,No,Mailed check,53.2,60.72,No
0693-ABCD26,Male,0,Yes,No,8.0,Fiber optic,No,No,Month-to-month,Yes,Credit card (automatic),68.51,549.47,Yes
0694-WXYZ94,Male,0,No,Yes,11.0,DSL,No,Yes,Month-to-month,Yes,Electronic check,33.32,361.58,Yes
0695-WXYZ55,Male,0,Yes,Yes,37.0,Fiber optic,Yes,No,One year,No,Bank transfer (automatic),93.6,3469.81,No
0696-WXYZ63,Male,0,No,No,8.0,Fiber optic,Yes,No,Month-to-month,Yes,Bank transfer (automatic),83.16,666.34,Yes
0697-LMNO74,Female,0,No,No,2.0,DSL,No,No,Month-to-month,Yes,Credit card (automatic),50.58,101.78,No
0698-LMNO62,Male,0,No,Yes,55.0,DSL,No,No,Two year,Yes,Mailed check,51.73,2852.87,No
0699-LMNO35,Male,0,Yes,No,1.0,DSL,No,No,Month-to-month,Yes,Bank transfer (automatic),42.16,46.33,Yes
0700-ABCD30,Male,0,No,No,34.0,DSL,Yes,No,Two year,No,Electronic check,60.15,2043.26,No
0701-LMNO49,Male,0,Yes,No,63.0,DSL,No,No,Two year,Yes,Mailed check,45.93,2885.74,No
0702-LMNO45,Female,0,No,No,2.0,DSL,No,No,Month-to-month,No,Credit card (automatic),54.5,107.42,Yes
0703-ABCD68,Female,0,Yes,No,1.0,Fiber optic,Yes,No,Month-to-month,Yes,Credit card (automatic),84.04,86.41,No
0704-LMNO63,Female,0,No,No,72.0,Fiber optic,No,No,Two year,No,Bank transfer (automatic),69.73,5023.75,Yes
0705-WXYZ64,Male,0,No,No,1.0,Fiber optic,Yes,No,Month-to-month,Yes,Mailed check,78.0,71.87,No
0706-LMNO33,Female,0,Yes,No,11.0,DSL,No,No,Month-to-month,No,Credit card (automatic),40.53,442.58,Yes
0707-WXYZ31,Female,0,Yes,No,69.0,DSL,Yes,No,Two year,No,Electronic check,57.5,3952.73,No
0708-ABCD65,Female,0,No,No,36.0,Fiber optic,Yes,No,Month-to-month,No,Electronic check,91.51,3296.09,No
0709-ABCD45,Male,0,Yes,Yes,45.0,No,No internet service,No internet service,Month-to-month,No,Bank transfer (automatic),29.47,1317.58,No
0710-LMNO29,Female,0,No,No,37.0,Fiber optic,Yes,No,One year,Yes,Electronic check,87.51,3235.58,No
0711-LMNO90,Female,0,Yes,No,37.0,DSL,No,No,One year,Yes,Credit card (automatic),46.75,1725.26,No
0712-WXYZ82,Female,1,No,No,2.0,Fiber optic,Yes,Yes,Month-to-month,No,Mailed check,88.42,180.2,Yes
0713-WXYZ75,Female,0,No,No,2.0,DSL,No,No,Month-to-month,No,Mailed check,41.58,85.08,Yes
0714-ABCD82,Male,0,Yes,Yes,7.0,DSL,No,No,Month-to-month,Yes,Bank transfer (automatic),51.95,359.98,No
0715-ABCD49,Female,0,Yes,No,11.0,No,No internet service,No internet service,Month-to-month,Yes,Bank transfer (automatic),18.0,198.77,No
0716-ABCD10,Male,0,No,No,51.0,No,No internet service,No internet service,Two year,Yes,Mailed check,18.0,,No
0717-ABCD70,Female,0,Yes,No,42.0,DSL,No,No,One year,No,Electronic check,48.27,2028.86,No
0718-LMNO51,Male,0,Yes,Yes,62.0,No,No internet service,No internet service,One year,No,Bank transfer (automatic),18.0,1099.12,No
0719-ABCD48,Male,1,No,No,7.0,Fiber optic,No,Yes,Month-to-month,Yes,Electronic check,82.34,587.92,No
0720-LMNO12,Male,0,Yes,No,7.0,Fiber optic,No,Yes,Month-to-month,Yes,Electronic check,73.34,516.07,Yes
0721-WXYZ53,Female,0,Yes,No,3.0,No,No internet service,No internet service,Month-to-month,Yes,Bank transfer (automatic),24.92,80.38,No
0722-LMNO21,Male,0,No,No,51.0,No,No internet service,No internet service,Month-to-month,Yes,Electronic check,18.0,914.39,Yes
0723-LMNO53,Female,0,Yes,Yes,7.0,DSL,No,No,Month-to-month,No,Credit card (automatic),49.82,344.07,Yes
0724-LMNO58,Female,0,Yes,No,9.0,Fiber optic,Yes,Yes,Month-to-month,No,Bank transfer (automatic),89.05,798.8,No
0725-ABCD26,Male,0,Yes,Yes,2.0,No,No internet service,No internet service,Month-to-month,Yes,Credit card (automatic),27.82,65.64,No
0726-WXYZ66,Male,0,No,No,32.0,Fiber optic,No,Yes,One year,Yes,Electronic check,59.04,1887.69,No
0727-LMNO56,Male,0,No,No,39.0,Fiber optic,No,Yes,Two year,Yes,Credit card (automatic),66.1,2577.58,No
0728-WXYZ89,Female,1,No,No,37.0,DSL,Yes,Yes,One year,No,Electronic check,61.68,2291.44,No
0729-LMNO17,Female,0,Yes,Yes,2.0,Fiber optic,Yes,No,Month-to-month,Yes,Electronic check,86.83,171.86,Yes
0730-LMNO30,Male,0,Yes,Yes,36.0,Fiber optic,Yes,Yes,Two year,Yes,Electronic check,84.77,3051.8,No
0731-ABCD96,Male,0,Yes,No,68.0,No,No internet service,No internet service,Two year,No,Mailed check,18.0,1217.37,No
0732-ABCD89,Female,0,Yes,No,27.0,Fiber optic,Yes,Yes,Month-to-month,No,Electronic check,85.98,2331.19,Yes
0733-WXYZ81,Female,1,No,Yes,41.0,No,No internet service,No internet service,One year,No,Mailed check,21.54,879.34,No
0734-ABCD91,Female,0,Yes,Yes,,No,No internet service,No internet service,Two year,Yes,Electronic check,19.98,1217.92,No
0735-ABCD21,Female,0,Yes,No,4.0,No,No internet service,No internet service,Month-to-month,Yes,Electronic check,19.82,62.57,No
0736-LMNO68,Male,0,Yes,Yes,13.0,No,No internet service,No internet service,Month-to-month,Yes,Bank transfer (automatic),24.71,320.38,No
0737-WXYZ35,Male,0,No,No,8.0,DSL,No,No,Month-to-month,No,Electronic check,44.23,353.45,Yes
0738-LMNO41,Male,0,No,No,28.0,DSL,Yes,Yes,Month-to-month,No,Bank transfer (automatic),53.75,1502.92,No
0739-WXYZ25,Male,1,No,No,1.0,No,No internet service,No internet service,Month-to-month,No,Bank transfer (automatic),27.02,18.33,Yes
0740-LMNO26,Male,0,No,No,51.0,DSL,No,Yes,Two year,Yes,Credit card (automatic),51.74,2641.47,No
0741-LMNO35,Male,0,No,No,41.0,Fiber optic,No,No,One year,No,Mailed check,69.8,2852.3,No
0742-ABCD95,Male,0,Yes,Yes,5.0,DSL,Yes,Yes,Month-to-month,Yes,Credit card (automatic),64.38,313.62,No
0743-WXYZ16,Female,0,Yes,No,43.0,DSL,Yes,No,One year,Yes,Bank transfer (automatic),52.38,2251.04,No
0744-WXYZ88,Female,0,No,No,,DSL,Yes,No,One year,Yes,Credit card (automatic),59.28,1428.78,No
0745-ABCD16,Female,0,No,No,13.0,DSL,No,Yes,Month-to-month,No,Electronic check,36.43,473.35,No
0746-ABCD57,Female,1,No,No,9.0,DSL,Yes,No,Month-to-month,Yes,Bank transfer (automatic),65.62,592.07,Yes
0747-WXYZ68,Male,1,No,No,65.0,DSL,Yes,Yes,Two year,No,Credit card (automatic),52.52,3410.44,No
0748-LMNO91,Female,0,No,No,52.0,DSL,No,Yes,One year,No,Electronic check,42.94,2229.51,No
0749-LMNO48,Male,0,No,No,17.0,Fiber optic,No,Yes,Month-to-month,Yes,Bank transfer (automatic),71.08,1212.77,No
0750-LMNO27,Female,0,No,Yes,3.0,No,No internet service,No internet service,Month-to-month,No,Credit card (automatic),24.12,78.52,Yes
0751-LMNO26,Male,1,No,No,6.0,Fiber optic,No,No,Month-to-month,Yes,Mailed check,72.64,441.39,No
0752-WXYZ40,Female,1,Yes,Yes,1.0,No,No internet service,No internet service,Month-to-month,Yes,Electronic check,25.71,28.79,Yes
0753-LMNO69,Male,0,No,No,6.0,No,No internet service,No internet service,Month-to-month,No,Bank transfer (automatic),24.02,145.76,No
0754-ABCD12,Male,0,No,No,48.0,DSL,Yes,Yes,One year,No,Electronic check,66.54,3186.75,No
0755-ABCD52,Female,0,Yes,Yes,14.0,No,No internet service,No internet service,Month-to-month,Yes,Credit card (automatic),18.0,249.16,Yes
0756-WXYZ64,Male,0,No,No,4.0,DSL,Yes,No,Month-to-month,No,Electronic check,57.58,226.75,Yes
0757-LMNO48,Female,0,No,Yes,13.0,Fiber optic,No,Yes,Month-to-month,No,Electronic check,72.26,939.74,Yes
0758-LMNO13,Female,0,Yes,No,5.0,DSL,No,No,Month-to-month,Yes,Electronic check,52.87,268.24,No
0759-ABCD95,Female,0,No,Yes,67.0,Fiber optic,No,No,Two year,Yes,Bank transfer (automatic),67.47,4518.8,No
0760-ABCD22,Female,0,Yes,No,34.0,Fiber optic,No,No,Month-to-month,No,Credit card (automatic),79.83,2701.75,No
0761-WXYZ42,Female,1,No,No,,DSL,No,Yes,One year,Yes,Electronic check,46.77,2298.04,No
0762-ABCD51,Male,0,No,No,16.0,DSL,Yes,No,Month-to-month,No,Electronic check,56.44,898.55,Yes
0763-WXYZ75,Female,0,Yes,No,28.0,DSL,No,Yes,Month-to-month,No,Mailed check,39.23,1094.23,Yes
0764-LMNO51,Female,0,Yes,No,39.0,DSL,No,No,Two year,Yes,Credit card (automatic),48.68,1901.74,No
0765-WXYZ39,Female,0,No,No,6.0,Fiber optic,Yes,Yes,Month-to-month,No,Mailed check,81.8,488.22,No
0766-LMNO22,Male,0,Yes,Yes,24.0,DSL,Yes,No,One year,Yes,Electronic check,58.64,1407.48,No
0767-ABCD27,Female,0,Yes,No,4.0,Fiber optic,Yes,Yes,Month-to-month,No,Mailed check,85.81,344.9,Yes
0768-LMNO48,Female,0,No,Yes,12.0,Fiber optic,No,Yes,One year,Yes,Electronic check,71.0,852.75,No
0769-WXYZ38,Female,0,Yes,Yes,61.0,DSL,No,No,Two year,No,Mailed check,54.56,3326.91,No
0770-WXYZ71,Male,0,Yes,Yes,38.0,Fiber optic,Yes,Yes,One year,Yes,Electronic check,86.97,3305.48,No
0771-ABCD66,Male,0,No,No,38.0,Fiber optic,No,No,One year,No,Credit card (automatic),66.98,2556.86,No
0772-LMNO19,Male,0,No,No,45.0,Fiber optic,No,No,Two year,Yes,Credit card (automatic),66.27,2988.63,No
0773-WXYZ34,Female,0,No,No,67.0,DSL,No,Yes,Two year,Yes,Bank transfer (automatic),53.34,3578.58,No
0774-LMNO93,Female,0,No,No,27.0,No,No internet service,No internet service,Month-to-month,Yes,Mailed check,18.0,488.4,No
0775-ABCD74,Male,0,Yes,Yes,35.0,No,No internet service,No internet service,One year,No,Mailed check,22.92,810.66,No
0776-WXYZ58,Male,0,Yes,No,8.0,DSL,No,Yes,Month-to-month,Yes,Electronic check,45.96,372.52,Yes
0777-LMNO54,Male,0,Yes,No,1.0,Fiber optic,Yes,Yes,Month-to-month,No,Bank transfer (automatic),87.1,94.07,Yes
0778-WXYZ39,Male,1,No,No,1.0,Fiber optic,No,No,Month-to-month,No,Bank transfer (automatic),76.99,84.14,Yes
0779-WXYZ77,Female,0,No,No,46.0,Fiber optic,Yes,Yes,Two year,No,Credit card (automatic),86.41,3978.71,No
0780-WXYZ71,Female,0,No,No,1.0,DSL,Yes,Yes,Month-to-month,Yes,Electronic check,64.09,67.2,Yes
0781-ABCD34,Male,0,No,No,38.0,DSL,No,No,One year,No,Bank transfer (automatic),46.53,1766.97,No
0782-ABCD62,Female,0,No,No,17.0,DSL,No,No,Month-to-month,Yes,Bank transfer (automatic),42.73,736.54,No
0783-WXYZ88,Male,0,Yes,Yes,16.0,Fiber optic,No,Yes,Month-to-month,No,Electronic check,72.47,1159.67,Yes
0784-ABCD24,Female,0,Yes,Yes,60.0,Fiber optic,No,No,Two year,No,Bank transfer (automatic),66.75,3999.84,No
0785-ABCD97,Male,0,Yes,Yes,15.0,Fiber optic,No,No,Month-to-month,Yes,Credit card (automatic),64.18,964.94,Yes
0786-LMNO46,Male,1,Yes,No,19.0,No,No internet service,No internet service,Month-to-month,Yes,Credit card (automatic),22.91,434.7,No
0787-ABCD52,Male,0,No,No,54.0,Fiber optic,No,Yes,Month-to-month,Yes,Bank transfer (automatic),72.32,3900.59,No
0788-WXYZ48,Female,0,Yes,Yes,30.0,DSL,Yes,No,One year,Yes,Electronic check,61.81,1849.9,No
0789-LMNO55,Female,1,No,No,23.0,Fiber optic,No,No,Month-to-month,No,Credit card (automatic),69.89,1607.99,Yes
0790-LMNO71,Female,0,No,No,8.0,DSL,Yes,No,Month-to-month,Yes,Bank transfer (automatic),59.64,477.95,No
0791-ABCD34,Male,0,Yes,Yes,43.0,Fiber optic,No,No,One year,No,Electronic check,64.58,2770.14,No
0792-LMNO61,Male,0,Yes,Yes,12.0,Fiber optic,No,No,Month-to-month,Yes,Electronic check,60.69,726.56,Yes
0793-LMNO81,Male,0,Yes,No,14.0,Fiber optic,No,No,One year,No,Electronic check,74.44,1047.17,No
0794-ABCD72,Female,0,Yes,No,4.0,Fiber optic,No,Yes,Month-to-month,No,Electronic check,74.37,284.73,No
0795-WXYZ83,Male,0,No,No,17.0,Fiber optic,No,No,Month-to-month,No,Bank transfer (automatic),68.75,1167.54,Yes
0796-LMNO66,Female,0,Yes,Yes,37.0,No,No internet service,No internet service,One year,Yes,Electronic check,27.36,1012.48,No
0797-WXYZ50,Female,0,No,No,54.0,Fiber optic,No,No,Two year,Yes,Electronic check,72.5,3918.31,No
0798-ABCD12,Female,0,No,No,55.0,Fiber optic,Yes,No,Two year,Yes,Mailed check,86.69,4766.91,No
0799-WXYZ14,Male,0,No,Yes,29.0,DSL,No,No,One year,Yes,Mailed check,55.09,1595.67,No
0800-ABCD63,Male,0,No,No,23.0,DSL,Yes,Yes,Month-to-month,No,Electronic check,53.73,1238.85,Yes
0801-LMNO96,Male,1,Yes,Yes,1.0,Fiber optic,No,Yes,Month-to-month,No,Electronic check,69.76,69.5,Yes
0802-ABCD18,Female,0,Yes,Yes,8.0,DSL,No,Yes,Month-to-month,Yes,Electronic check,40.74,334.76,Yes
0803-LMNO29,Female,0,Yes,Yes,59.0,DSL,No,No,Two year,Yes,Bank transfer (automatic),43.16,2549.55,No
0804-WXYZ70,Male,0,Yes,Yes,61.0,Fiber optic,No,Yes,Two year,Yes,Electronic check,69.66,4253.33,No
0805-LMNO44,Male,0,No,No,50.0,DSL,Yes,Yes,Two year,Yes,Mailed check,59.78,2989.38,No
0806-WXYZ91,Female,0,No,No,8.0,Fiber optic,No,No,Month-to-month,Yes,Electronic check,64.63,526.44,No
0807-WXYZ26,Female,0,Yes,No,10.0,Fiber optic,No,No,Month-to-month,No,Electronic check,70.34,700.6,Yes
0808-LMNO41,Male,1,Yes,Yes,24.0,No,No internet service,No internet service,One year,Yes,Mailed check,18.0,426.25,No
0809-LMNO22,Female,1,Yes,No,27.0,Fiber optic,No,Yes,One year,No,Electronic check,75.98,2050.99,No
0810-ABCD98,Male,1,No,No,44.0,Fiber optic,Yes,No,One year,Yes,Electronic check,88.82,3906.77,No
0811-ABCD77,Male,1,No,No,55.0,No,No internet service,No internet service,Two year,No,Mailed check,21.72,1193.91,No
0812-WXYZ20,Female,0,No,No,2.0,DSL,Yes,No,Month-to-month,Yes,Electronic check,57.62,125.13,No
0813-ABCD65,Female,0,No,No,14.0,DSL,Yes,Yes,Month-to-month,No,Bank transfer (automatic),60.77,846.82,No
0814-LMNO38,Female,1,Yes,No,10.0,DSL,No,No,Month-to-month,Yes,Electronic check,48.53,484.99,Yes
0815-ABCD76,Male,0,Yes,Yes,16.0,DSL,No,No,Month-to-month,Yes,Credit card (automatic),43.3,684.64,No
0816-ABCD85,Female,1,Yes,Yes,1.0,DSL,Yes,Yes,Month-to-month,Yes,Credit card (automatic),52.05,61.51,Yes
0817-WXYZ18,Male,0,Yes,Yes,40.0,Fiber optic,No,No,Month-to-month,No,Bank transfer (automatic),73.6,2932.38,No
0818-LMNO49,Male,0,No,No,1.0,Fiber optic,Yes,No,Month-to-month,No,Electronic check,87.65,88.37,Yes
0819-ABCD14,Female,0,No,No,22.0,Fiber optic,No,Yes,One year,Yes,Credit card (automatic),71.61,1568.71,No
0820-LMNO68,Male,1,No,No,67.0,Fiber optic,No,No,Two year,Yes,Electronic check,66.21,4429.11,No
0821-WXYZ97,Female,0,No,No,44.0,Fiber optic,Yes,No,Two year,Yes,Electronic check,89.8,3946.78,No
0822-LMNO47,Female,0,Yes,Yes,1.0,DSL,No,No,Month-to-month,Yes,Electronic check,50.74,45.23,No
0823-LMNO14,Male,0,Yes,No,1.0,Fiber optic,No,Yes,Month-to-month,No,Credit card (automatic),71.41,72.76,Yes
0824-WXYZ27,Male,0,No,Yes,1.0,Fiber optic,Yes,No,Month-to-month,No,Electronic check,83.02,76.64,Yes
0825-WXYZ46,Male,0,No,No,65.0,DSL,No,Yes,Two year,No,Credit card (automatic),43.12,2808.0,No
0826-ABCD37,Male,0,Yes,No,9.0,DSL,Yes,No,Month-to-month,No,Electronic check,58.02,528.84,No
0827-ABCD86,Female,0,No,No,11.0,No,No internet service,No internet service,Month-to-month,No,Credit card (automatic),18.0,206.27,Yes
0828-ABCD49,Female,0,No,No,57.0,No,No internet service,No internet service,Two year,Yes,Credit card (automatic),18.23,1031.46,No
0829-ABCD71,Male,0,Yes,Yes,5.0,No,No internet service,No internet service,Month-to-month,Yes,Credit card (automatic),21.62,104.19,Yes
0830-ABCD67,Male,0,No,No,59.0,DSL,No,Yes,Two year,Yes,Mailed check,49.48,2916.91,No
0831-LMNO65,Female,0,Yes,Yes,5.0,DSL,No,Yes,Month-to-month,Yes,Credit card (automatic),52.26,258.48,Yes
0832-WXYZ49,Female,0,No,No,15.0,No,No internet service,No internet service,Month-to-month,No,Credit card (automatic),18.0,274.01,No
0833-LMNO86,Male,1,No,No,5.0,No,No internet service,No internet service,Month-to-month,No,Electronic check,18.0,91.59,Yes
0834-ABCD42,Male,0,No,No,57.0,DSL,Yes,Yes,Two year,No,Mailed check,64.22,3655.9,No
0835-WXYZ97,Female,0,Yes,No,46.0,DSL,No,No,Two year,Yes,Bank transfer (automatic),40.44,1858.83,No
0836-LMNO89,Male,0,Yes,No,28.0,Fiber optic,No,Yes,One year,Yes,Electronic check,64.21,1797.71,Yes
0837-ABCD68,Male,0,Yes,Yes,20.0,No,No internet service,No internet service,Month-to-month,No,Bank transfer (automatic),18.0,359.14,No
0838-LMNO57,Female,0,Yes,No,3.0,DSL,No,Yes,Month-to-month,No,Electronic check,44.12,128.68,No
0839-ABCD22,Female,0,No,No,47.0,No,No internet service,No internet service,Two year,Yes,Mailed check,28.18,1318.91,No
0840-LMNO54,Female,0,No,No,14.0,Fiber optic,No,No,One year,No,Electronic check,69.36,974.8,Yes
0841-ABCD62,Female,0,Yes,Yes,66.0,Fiber optic,Yes,Yes,Two year,No,Electronic check,86.37,5694.51,No
0842-WXYZ72,Female,0,Yes,No,4.0,Fiber optic,No,No,Month-to-month,Yes,Electronic check,64.01,259.58,Yes
0843-LMNO47,Male,0,Yes,No,3.0,No,No internet service,No internet service,Month-to-month,Yes,Credit card (automatic),25.37,77.3,No
0844-LMNO14,Male,0,Yes,Yes,6.0,No,No internet service,No internet service,Month-to-month,No,Electronic check,24.36,141.88,Yes
0845-LMNO54,Male,0,Yes,No,30.0,Fiber optic,Yes,No,One year,No,Credit card (automatic),82.66,2482.35,No
0846-WXYZ40,Male,0,Yes,No,55.0,DSL,Yes,Yes,Two year,Yes,Credit card (automatic),56.56,3107.22,No
0847-LMNO51,Female,1,No,No,5.0,Fiber optic,No,No,Month-to-month,No,Mailed check,74.79,376.78,Yes
0848-WXYZ41,Female,0,Yes,No,5.0,Fiber optic,Yes,Yes,Month-to-month,No,Electronic check,83.87,415.41,Yes
0849-LMNO62,Female,0,No,No,3.0,DSL,No,No,Month-to-month,No,Electronic check,41.68,125.59,No
0850-WXYZ48,Female,0,No,No,12.0,DSL,No,No,Month-to-month,Yes,Mailed check,43.17,517.8,Yes
0851-LMNO91,Male,1,Yes,No,56.0,No,No internet service,No internet service,Two year,No,Electronic check,21.19,1183.55,No
0852-WXYZ87,Male,0,No,No,4.0,Fiber optic,No,Yes,Month-to-month,Yes,Mailed check,73.66,293.07,No
0853-ABCD21,Female,0,No,No,57.0,DSL,No,Yes,Two year,No,Credit card (automatic),46.62,2654.12,No
0854-LMNO75,Female,0,No,No,65.0,DSL,No,No,One year,No,Electronic check,46.36,3019.25,No
0855-ABCD55,Female,1,Yes,No,48.0,Fiber optic,No,No,Two year,Yes,Bank transfer (automatic),68.8,3298.9,No
0856-LMNO26,Female,0,Yes,No,47.0,No,No internet service,No internet service,Two year,Yes,Credit card (automatic),20.73,973.95,No
0857-LMNO69,Female,1,No,No,54.0,No,No internet service,No internet service,One year,No,Credit card (automatic),18.04,963.71,No
0858-ABCD44,Female,0,No,No,66.0,Fiber optic,No,No,Two year,No,Credit card (automatic),68.65,4527.46,No
0859-WXYZ92,Male,0,Yes,Yes,2.0,DSL,No,No,Month-to-month,Yes,Credit card (automatic),52.11,107.39,No
0860-WXYZ80,Female,0,Yes,No,38.0,Fiber optic,No,Yes,One year,Yes,Electronic check,70.21,2670.35,No
0861-WXYZ72,Female,0,Yes,No,56.0,DSL,No,Yes,Two year,Yes,Credit card (automatic),43.16,2419.14,No
0862-LMNO46,Male,1,Yes,No,,DSL,No,No,Month-to-month,Yes,Credit card (automatic),41.63,41.49,Yes
0863-ABCD31,Female,0,No,No,56.0,Fiber optic,Yes,Yes,One year,No,Mailed check,74.0,4145.26,No
0864-WXYZ77,Male,0,Yes,No,55.0,No,No internet service,No internet service,Two year,No,Mailed check,30.43,1680.87,No
0865-LMNO73,Female,0,Yes,Yes,51.0,DSL,No,Yes,Two year,No,Mailed check,55.98,2850.36,No
0866-ABCD21,Male,0,No,No,1.0,No,No internet service,No internet service,Month-to-month,Yes,Electronic check,23.14,29.27,No
0867-WXYZ26,Female,0,Yes,No,49.0,Fiber optic,No,No,One year,No,Electronic check,64.82,3171.77,No
0868-WXYZ74,Male,0,No,No,8.0,No,No internet service,No internet service,Month-to-month,Yes,Bank transfer (automatic),33.67,270.87,Yes
0869-WXYZ91,Female,0,No,No,36.0,No,No internet service,No internet service,One year,No,Mailed check,18.0,643.72,No
0870-WXYZ23,Male,0,Yes,No,1.0,Fiber optic,No,Yes,Month-to-month,Yes,Mailed check,71.97,76.21,Yes
0871-LMNO38,Male,0,No,No,26.0,Fiber optic,Yes,No,One year,Yes,Electronic check,76.43,1980.74,Yes
0872-LMNO61,Male,0,No,No,15.0,No,No internet service,No internet service,Month-to-month,Yes,Credit card (automatic),18.0,264.98,No
0873-ABCD85,Female,0,Yes,No,8.0,DSL,No,No,Month-to-month,Yes,Electronic check,46.16,368.72,No
0874-LMNO38,Male,0,Yes,No,7.0,Fiber optic,Yes,Yes,Month-to-month,No,Electronic check,86.8,603.66,Yes
0875-LMNO42,Male,0,No,No,2.0,No,No internet service,No internet service,Month-to-month,No,Bank transfer (automatic),20.59,37.63,Yes
0876-WXYZ88,Female,0,No,No,22.0,Fiber optic,Yes,No,One year,No,Mailed check,92.47,2033.75,No
0877-LMNO84,Female,0,No,No,51.0,DSL,No,No,Two year,No,Electronic check,44.76,2276.5,No
0878-WXYZ96,Female,0,Yes,Yes,15.0,DSL,No,No,Month-to-month,Yes,Mailed check,49.06,736.54,No
0879-WXYZ55,Male,1,No,No,2.0,DSL,No,No,Month-to-month,Yes,Bank transfer (automatic),41.09,84.02,Yes
0880-WXYZ38,Female,0,Yes,Yes,11.0,Fiber optic,No,No,Month-to-month,No,Bank transfer (automatic),76.48,,No
0881-ABCD22,Male,1,No,No,46.0,DSL,Yes,Yes,One year,Yes,Mailed check,66.9,3078.62,No
0882-ABCD48,Male,0,No,Yes,9.0,DSL,No,No,Month-to-month,Yes,Electronic check,43.73,394.59,No
0883-LMNO38,Female,1,No,No,6.0,DSL,No,No,Month-to-month,No,Bank transfer (automatic),46.88,283.46,No
0884-ABCD84,Female,0,No,No,13.0,DSL,No,No,Month-to-month,Yes,Credit card (automatic),41.51,540.21,No
0885-WXYZ56,Female,0,No,No,6.0,Fiber optic,No,Yes,Month-to-month,Yes,Bank transfer (automatic),68.9,415.16,Yes
0886-WXYZ93,Male,0,No,No,20.0,No,No internet service,No internet service,Month-to-month,Yes,Credit card (automatic),23.69,475.54,No
0887-WXYZ84,Male,0,Yes,No,15.0,DSL,Yes,No,Month-to-month,Yes,Mailed check,62.42,937.53,No
0888-LMNO76,Male,1,No,Yes,20.0,No,No internet service,No internet service,One year,Yes,Bank transfer (automatic),18.0,361.86,No
0889-ABCD65,Female,0,No,No,48.0,Fiber optic,Yes,Yes,One year,Yes,Credit card (automatic),79.31,3814.59,No
0890-ABCD30,Male,0,Yes,No,21.0,Fiber optic,Yes,No,Month-to-month,Yes,Bank transfer (automatic),82.06,1729.81,No
0891-LMNO89,Male,1,No,No,37.0,Fiber optic,No,No,One year,Yes,Credit card (automatic),71.1,2630.13,No
0892-ABCD68,Male,0,Yes,No,9.0,DSL,No,No,Month-to-month,Yes,Mailed check,40.41,360.57,No
0893-WXYZ28,Female,0,No,No,57.0,Fiber optic,Yes,Yes,Two year,No,Credit card (automatic),77.93,4448.36,No
0894-ABCD78,Male,0,No,No,5.0,DSL,Yes,Yes,Month-to-month,Yes,Bank transfer (automatic),46.85,245.69,Yes
0895-LMNO10,Female,1,Yes,No,27.0,No,No internet service,No internet service,One year,Yes,Credit card (automatic),30.43,821.47,No
0896-WXYZ47,Male,0,No,Yes,61.0,Fiber optic,Yes,Yes,One year,Yes,Electronic check,86.01,5249.11,No
0897-LMNO43,Female,0,Yes,Yes,12.0,Fiber optic,Yes,No,Month-to-month,Yes,Bank transfer (automatic),77.79,931.85,Yes
0898-ABCD44,Male,0,No,No,61.0,No,No internet service,No internet service,Two year,Yes,Credit card (automatic),25.17,1538.03,No
0899-ABCD34,Female,0,Yes,Yes,13.0,Fiber optic,No,No,Month-to-month,Yes,Electronic check,77.47,997.2,No
0900-WXYZ24,Female,0,Yes,No,27.0,Fiber optic,No,Yes,One year,No,Bank transfer (automatic),71.07,,No
0901-LMNO81,Male,1,Yes,Yes,2.0,Fiber optic,No,No,Month-to-month,No,Credit card (automatic),73.12,149.86,Yes
0902-WXYZ98,Female,1,Yes,Yes,11.0,Fiber optic,Yes,Yes,Month-to-month,No,Electronic check,91.54,1002.57,Yes
0903-ABCD62,Male,0,No,No,39.0,Fiber optic,No,No,One year,Yes,Mailed check,73.03,2850.94,No
0904-LMNO36,Female,0,No,No,6.0,DSL,No,Yes,Month-to-month,Yes,Mailed check,48.16,291.56,No
0905-WXYZ59,Female,0,Yes,Yes,17.0,DSL,No,No,Month-to-month,Yes,Mailed check,37.33,637.51,Yes
0906-LMNO12,Male,0,Yes,Yes,1.0,No,No internet service,No internet service,Month-to-month,No,Electronic check,18.0,15.46,No
0907-ABCD73,Male,0,Yes,Yes,39.0,Fiber optic,No,No,One year,Yes,Electronic check,74.31,2901.92,No
0908-ABCD33,Male,1,No,No,8.0,DSL,Yes,Yes,Month-to-month,Yes,Electronic check,58.88,480.28,Yes
0909-WXYZ12,Male,1,No,No,3.0,Fiber optic,Yes,No,Month-to-month,Yes,Electronic check,82.73,245.74,No
0910-WXYZ24,Male,0,Yes,Yes,19.0,No,No internet service,No internet service,One year,No,Electronic check,24.87,469.18,No
0911-ABCD87,Male,0,No,No,6.0,DSL,Yes,No,Month-to-month,No,Bank transfer (automatic),55.23,330.53,Yes
0912-LMNO26,Male,0,Yes,Yes,1.0,Fiber optic,No,Yes,Month-to-month,No,Bank transfer (automatic),69.82,71.2,Yes
0913-WXYZ93,Female,0,No,No,1.0,Fiber optic,No,No,Month-to-month,Yes,Bank transfer (automatic),70.29,65.14,Yes
0914-ABCD47,Male,0,No,No,1.0,Fiber optic,No,No,Month-to-month,Yes,Electronic check,73.45,71.18,No
0915-ABCD69,Male,1,No,Yes,10.0,Fiber optic,No,Yes,Month-to-month,No,Mailed check,71.71,724.38,Yes
0916-LMNO95,Female,1,No,No,51.0,DSL,No,No,Two year,Yes,Electronic check,46.71,2387.89,No
0917-WXYZ11,Male,0,No,No,1.0,Fiber optic,No,No,Month-to-month,Yes,Credit card (automatic),67.98,63.03,No
0918-LMNO73,Male,1,No,No,14.0,No,No internet service,No internet service,Month-to-month,No,Bank transfer (automatic),18.11,262.87,No
0919-ABCD90,Male,0,No,Yes,23.0,Fiber optic,Yes,Yes,Month-to-month,No,Credit card (automatic),86.7,1991.95,No
0920-ABCD27,Female,0,Yes,No,1.0,No,No internet service,No internet service,Month-to-month,No,Electronic check,18.0,19.68,Yes
0921-WXYZ73,Female,0,Yes,No,43.0,Fiber optic,No,Yes,One year,Yes,Bank transfer (automatic),65.86,2832.19,No
0922-WXYZ47,Male,0,Yes,No,5.0,Fiber optic,No,No,Month-to-month,Yes,Mailed check,76.43,386.74,No
0923-LMNO54,Female,1,No,No,,No,No internet service,No internet service,Month-to-month,Yes,Credit card (automatic),18.0,30.28,No
0924-ABCD42,Female,0,Yes,Yes,1.0,No,No internet service,No internet service,Month-to-month,No,Mailed check,18.0,15.36,No
0925-WXYZ50,Female,0,Yes,Yes,58.0,DSL,No,No,Two year,No,Mailed check,51.13,2960.96,No
0926-LMNO95,Female,0,Yes,No,13.0,DSL,No,No,Month-to-month,No,Electronic check,41.55,534.87,Yes
0927-LMNO97,Female,0,Yes,No,50.0,No,No internet service,No internet service,Month-to-month,No,Bank transfer (automatic),21.61,1076.79,No
0928-ABCD26,Male,0,No,No,37.0,DSL,No,Yes,One year,No,Electronic check,47.05,1736.67,No
0929-ABCD55,Male,0,No,No,6.0,Fiber optic,Yes,No,Month-to-month,Yes,Electronic check,84.55,510.51,Yes
0930-LMNO89,Male,0,No,No,54.0,Fiber optic,No,Yes,Two year,No,Electronic check,68.06,3673.3,No
0931-WXYZ95,Female,0,No,No,37.0,DSL,Yes,Yes,One year,No,Credit card (automatic),54.37,2010.42,No
0932-ABCD83,Female,0,No,No,1.0,DSL,No,Yes,Month-to-month,Yes,Mailed check,48.14,38.96,No
0933-WXYZ11,Female,0,No,No,14.0,DSL,Yes,Yes,Month-to-month,Yes,Credit card (automatic),65.51,922.08,Yes
0934-ABCD42,Female,0,Yes,No,41.0,Fiber optic,No,No,Two year,No,Credit card (automatic),74.98,3065.62,Yes
0935-ABCD86,Male,0,No,No,23.0,No,No internet service,No internet service,One year,Yes,Credit card (automatic),21.85,503.03,No
0936-WXYZ42,Female,1,Yes,No,44.0,DSL,No,Yes,Two year,No,Credit card (automatic),35.12,1551.92,No
0937-ABCD35,Female,0,Yes,No,10.0,DSL,No,Yes,Month-to-month,Yes,Credit card (automatic),48.85,496.19,No
0938-WXYZ75,Female,0,No,No,4.0,Fiber optic,Yes,No,Month-to-month,No,Electronic check,84.46,330.92,No
0939-WXYZ55,Female,0,Yes,No,68.0,No,No internet service,No internet service,Two year,Yes,Electronic check,18.0,1223.1,No
0940-WXYZ24,Female,0,Yes,No,18.0,DSL,No,No,Month-to-month,Yes,Bank transfer (automatic),48.29,873.07,No
0941-WXYZ53,Male,0,Yes,No,59.0,DSL,No,Yes,Two year,Yes,Mailed check,46.13,2719.64,No
0942-ABCD84,Female,0,Yes,Yes,1.0,No,No internet service,No internet service,Month-to-month,Yes,Electronic check,25.04,30.44,No
0943-ABCD76,Male,0,Yes,Yes,36.0,No,No internet service,No internet service,Two year,Yes,Bank transfer (automatic),21.7,771.01,No
0944-LMNO15,Female,0,Yes,No,18.0,Fiber optic,No,Yes,Month-to-month,Yes,Mailed check,68.67,1236.82,No
0945-ABCD15,Female,0,No,Yes,11.0,No,No internet service,No internet service,Month-to-month,No,Credit card (automatic),18.26,203.1,No
0946-ABCD41,Male,0,No,No,50.0,DSL,Yes,Yes,Two year,Yes,Bank transfer (automatic),63.06,3147.27,No
0947-ABCD85,Female,0,Yes,Yes,3.0,Fiber optic,No,No,Month-to-month,No,Bank transfer (automatic),63.31,193.93,Yes
0948-WXYZ71,Male,0,No,Yes,10.0,Fiber optic,Yes,Yes,Month-to-month,No,Mailed check,82.49,819.78,No
0949-WXYZ16,Male,0,Yes,No,9.0,Fiber optic,No,No,Month-to-month,No,Mailed check,59.03,539.39,No
0950-LMNO93,Male,0,Yes,Yes,28.0,DSL,No,Yes,One year,Yes,Credit card (automatic),47.11,1317.47,No
0951-WXYZ67,Female,0,Yes,No,65.0,DSL,No,No,Two year,Yes,Electronic check,48.23,3134.15,No
0952-WXYZ35,Female,0,No,No,26.0,Fiber optic,No,Yes,Month-to-month,Yes,Mailed check,66.15,1714.73,No
0953-LMNO12,Female,0,Yes,No,1.0,No,No internet service,No internet service,Month-to-month,No,Bank transfer (automatic),18.0,16.25,No
0954-LMNO50,Male,0,No,No,6.0,No,No internet service,No internet service,Month-to-month,No,Mailed check,24.77,145.09,No
0955-WXYZ23,Female,0,No,No,22.0,DSL,No,Yes,One year,Yes,Electronic check,41.43,912.97,No
0956-LMNO91,Female,0,No,No,10.0,No,No internet service,No internet service,Month-to-month,Yes,Electronic check,23.22,233.49,Yes
0957-WXYZ21,Male,0,No,No,10.0,No,No internet service,No internet service,Month-to-month,Yes,Electronic check,19.93,198.86,No
0958-LMNO21,Male,0,No,No,1.0,Fiber optic,No,Yes,Month-to-month,Yes,Mailed check,67.36,68.21,No
0959-ABCD34,Male,0,Yes,No,59.0,No,No internet service,No internet service,One year,Yes,Credit card (automatic),22.9,1345.63,No
0960-ABCD28,Female,0,Yes,Yes,65.0,No,No internet service,No internet service,Two year,No,Mailed check,20.16,1305.23,No
0961-LMNO54,Female,0,No,No,2.0,Fiber optic,No,Yes,Month-to-month,Yes,Electronic check,77.47,160.97,Yes
0962-ABCD62,Female,0,No,No,4.0,No,No internet service,No internet service,Month-to-month,No,Mailed check,18.0,68.27,No
0963-LMNO41,Male,0,Yes,Yes,48.0,Fiber optic,No,No,One year,No,Electronic check,63.38,3043.73,Yes
0964-LMNO53,Female,0,Yes,No,50.0,DSL,No,No,Two year,No,Credit card (automatic),44.92,2234.48,No
0965-WXYZ79,Male,0,Yes,No,2.0,DSL,Yes,Yes,Month-to-month,Yes,Mailed check,62.38,126.89,No
0966-WXYZ92,Male,0,Yes,No,9.0,No,No internet service,No internet service,Month-to-month,Yes,Credit card (automatic),19.06,177.35,No
0967-WXYZ46,Female,0,Yes,Yes,18.0,DSL,No,No,Month-to-month,Yes,Mailed check,53.99,972.42,No
0968-ABCD68,Male,0,No,No,41.0,DSL,Yes,No,One year,No,Credit card (automatic),66.06,2709.31,No
0969-LMNO37,Female,0,No,No,47.0,DSL,Yes,No,One year,Yes,Electronic check,57.37,2704.23,No
0970-WXYZ44,Male,0,No,No,4.0,DSL,Yes,Yes,Month-to-month,Yes,Electronic check,60.32,242.7,No
0971-ABCD63,Female,0,No,No,20.0,DSL,Yes,No,Month-to-month,No,Electronic check,50.97,1015.98,No
0972-LMNO88,Male,1,No,No,16.0,DSL,Yes,No,Month-to-month,Yes,Bank transfer (automatic),65.26,1041.97,No
0973-ABCD16,Female,0,Yes,Yes,52.0,No,No internet service,No internet service,Two year,No,Electronic check,18.0,932.96,No
0974-ABCD94,Male,0,Yes,Yes,1.0,Fiber optic,Yes,Yes,Month-to-month,Yes,Mailed check,85.99,90.86,Yes
0975-LMNO67,Male,1,No,No,57.0,DSL,No,No,Two year,Yes,Credit card (automatic),43.71,2497.91,No
0976-ABCD33,Female,0,No,No,39.0,Fiber optic,No,No,One year,Yes,Electronic check,62.55,2444.79,Yes
0977-ABCD13,Male,0,Yes,Yes,17.0,DSL,Yes,Yes,Month-to-month,Yes,Electronic check,64.17,1087.25,No
0978-WXYZ29,Female,0,No,No,21.0,Fiber optic,Yes,No,Month-to-month,No,Credit card (automatic),79.71,1674.27,Yes
0979-WXYZ58,Female,0,Yes,No,57.0,DSL,No,Yes,Two year,Yes,Mailed check,42.4,2420.3,No
0980-LMNO45,Male,0,Yes,No,9.0,Fiber optic,No,Yes,Month-to-month,Yes,Credit card (automatic),74.26,662.5,No
0981-WXYZ75,Male,0,Yes,Yes,66.0,Fiber optic,Yes,No,Two year,No,Mailed check,80.14,5293.79,No
0982-LMNO43,Female,0,Yes,No,14.0,DSL,Yes,Yes,Month-to-month,No,Mailed check,67.45,948.56,No
0983-WXYZ48,Female,0,No,No,21.0,Fiber optic,Yes,No,One year,Yes,Electronic check,80.07,1684.47,No
0984-WXYZ67,Female,0,No,No,,Fiber optic,No,No,Two year,Yes,Credit card (automatic),64.15,3788.96,No
0985-WXYZ21,Female,1,Yes,No,57.0,Fiber optic,No,Yes,Two year,Yes,Credit card (automatic),70.23,4002.7,No
0986-LMNO27,Female,1,No,No,5.0,No,No internet service,No internet service,Month-to-month,Yes,Credit card (automatic),28.17,136.67,Yes
0987-ABCD24,Male,1,No,No,41.0,Fiber optic,Yes,No,One year,Yes,Mailed check,84.97,3489.62,No
0988-ABCD35,Female,0,No,No,24.0,No,No internet service,No internet service,Month-to-month,Yes,Credit card (automatic),24.91,598.07,No
0989-WXYZ96,Female,1,No,No,4.0,DSL,Yes,No,Month-to-month,No,Mailed check,53.3,210.59,Yes
0990-WXYZ53,Male,0,Yes,Yes,21.0,Fiber optic,No,No,Month-to-month,Yes,Mailed check,68.17,1432.21,Yes
0991-WXYZ87,Male,0,No,No,4.0,DSL,Yes,No,Month-to-month,No,Credit card (automatic),58.49,234.57,Yes
0992-WXYZ46,Male,0,Yes,Yes,18.0,No,No internet service,No internet service,Month-to-month,No,Electronic check,18.0,321.68,No
0993-ABCD47,Male,1,No,No,1.0,DSL,Yes,No,Month-to-month,No,Electronic check,52.04,54.76,Yes
0994-ABCD50,Female,0,Yes,No,47.0,Fiber optic,Yes,No,Two year,Yes,Electronic check,83.79,3947.71,No
0995-WXYZ69,Male,0,No,No,51.0,DSL,No,No,One year,No,Bank transfer (automatic),52.9,2691.68,No
0996-ABCD23,Male,0,No,No,8.0,DSL,No,No,Month-to-month,No,Mailed check,46.09,362.62,No
0997-LMNO98,Male,0,Yes,No,67.0,No,No internet service,No internet service,Two year,Yes,Mailed check,18.0,1212.18,No
0998-WXYZ79,Female,0,Yes,Yes,13.0,No,No internet service,No internet service,Month-to-month,Yes,Credit card (automatic),18.0,237.94,No
0999-ABCD98,Female,0,No,No,30.0,Fiber optic,Yes,No,Month-to-month,Yes,Mailed check,83.14,2502.55,No
1000-ABCD37,Male,0,No,No,52.0,Fiber optic,Yes,Yes,One year,No,Electronic check,82.8,4315.05,No
1001-WXYZ44,Male,0,Yes,Yes,3.0,Fiber optic,No,No,Month-to-month,Yes,Bank transfer (automatic),71.92,219.63,No
1002-ABCD14,Female,0,No,No,5.0,No,No internet service,No internet service,One year,Yes,Credit card (automatic),18.73,87.92,No
1003-LMNO74,Female,0,Yes,No,50.0,DSL,Yes,No,Month-to-month,No,Electronic check,63.16,3159.78,No
1004-ABCD32,Male,0,Yes,Yes,1.0,No,No internet service,No internet service,Month-to-month,Yes,Bank transfer (automatic),23.84,22.1,Yes
1005-LMNO40,Male,0,Yes,No,5.0,Fiber optic,Yes,No,Month-to-month,No,Electronic check,84.65,425.76,Yes
1006-LMNO19,Male,0,Yes,Yes,47.0,DSL,No,No,Two year,Yes,Mailed check,44.72,2098.19,No
1007-LMNO23,Male,0,No,No,17.0,Fiber optic,Yes,Yes,One year,No,Electronic check,85.17,,No
1008-WXYZ19,Female,0,No,No,33.0,No,No internet service,No internet service,One year,Yes,Electronic check,18.0,,No
1009-WXYZ10,Female,0,Yes,Yes,44.0,DSL,Yes,Yes,One year,Yes,Mailed check,63.6,2799.9,No
1010-ABCD29,Male,0,No,No,29.0,No,No internet service,No internet service,Month-to-month,No,Credit card (automatic),28.49,828.4,No
1011-LMNO85,Female,0,Yes,No,49.0,Fiber optic,No,No,One year,Yes,Bank transfer (automatic),70.3,3448.45,No
1012-ABCD66,Male,1,No,No,8.0,DSL,No,No,Month-to-month,Yes,Credit card (automatic),41.09,325.04,No
1013-WXYZ93,Female,0,Yes,No,4.0,Fiber optic,No,Yes,Month-to-month,No,Bank transfer (automatic),69.97,281.51,Yes
1014-ABCD46,Female,0,No,No,33.0,Fiber optic,Yes,Yes,One year,Yes,Electronic check,82.83,2733.09,No
1015-LMNO85,Male,0,No,No,7.0,Fiber optic,No,No,Month-to-month,No,Electronic check,70.14,496.68,No
1016-ABCD58,Male,1,Yes,No,6.0,DSL,No,Yes,Month-to-month,Yes,Credit card (automatic),43.44,264.68,No
1017-ABCD53,Female,0,No,No,47.0,Fiber optic,No,No,Two year,Yes,Bank transfer (automatic),59.24,2781.52,No
1018-LMNO88,Male,0,Yes,Yes,23.0,Fiber optic,Yes,No,One year,Yes,Credit card (automatic),85.48,1969.66,No
1019-WXYZ70,Male,0,Yes,No,29.0,DSL,Yes,No,One year,No,Electronic check,71.12,2069.49,No
1020-WXYZ87,Female,0,Yes,No,11.0,Fiber optic,No,Yes,Month-to-month,Yes,Electronic check,63.32,698.64,Yes
1021-WXYZ82,Female,0,Yes,No,5.0,DSL,No,Yes,Month-to-month,No,Mailed check,50.49,250.92,No
1022-LMNO46,Male,0,Yes,Yes,23.0,DSL,No,No,One year,No,Electronic check,47.0,1075.68,No
1023-WXYZ38,Female,0,Yes,No,27.0,Fiber optic,No,Yes,One year,Yes,Electronic check,65.41,1756.24,Yes
1024-ABCD44,Male,0,Yes,No,2.0,Fiber optic,No,No,Month-to-month,No,Mailed check,63.28,132.15,Yes
1025-WXYZ68,Female,0,Yes,Yes,33.0,No,No internet service,No internet service,Two year,No,Bank transfer (automatic),21.31,696.48,No
1026-ABCD42,Female,0,No,No,70.0,Fiber optic,Yes,Yes,Two year,Yes,Electronic check,86.8,6070.92,No
1027-ABCD60,Female,0,No,No,2.0,DSL,No,No,Month-to-month,Yes,Electronic check,37.46,75.44,Yes
1028-WXYZ21,Male,1,Yes,Yes,48.0,Fiber optic,No,No,Two year,Yes,Bank transfer (automatic),74.63,3583.81,No
1029-WXYZ29,Female,0,Yes,Yes,2.0,No,No internet service,No internet service,Month-to-month,No,Mailed check,18.0,43.36,No
1030-ABCD97,Female,0,Yes,No,5.0,Fiber optic,No,No,Month-to-month,No,Mailed check,72.46,364.14,No
1031-LMNO52,Male,0,No,Yes,20.0,No,No internet service,No internet service,Month-to-month,Yes,Mailed check,23.52,469.06,No
1032-WXYZ98,Male,0,No,No,41.0,DSL,Yes,No,One year,Yes,Credit card (automatic),64.48,2642.35,No
1033-WXYZ38,Male,1,Yes,No,57.0,Fiber optic,No,No,Two year,No,Mailed check,65.05,3700.27,No
1034-ABCD48,Male,0,Yes,No,54.0,Fiber optic,No,No,Two year,Yes,Credit card (automatic),80.06,4330.45,No
1035-LMNO65,Female,0,Yes,No,51.0,Fiber optic,No,No,Two year,No,Mailed check,65.4,3339.83,No
1036-LMNO52,Male,1,Yes,Yes,8.0,Fiber optic,No,Yes,Month-to-month,Yes,Electronic check,74.47,597.14,Yes
1037-WXYZ32,Male,0,No,No,8.0,Fiber optic,No,No,Month-to-month,No,Mailed check,67.5,547.16,No
1038-WXYZ93,Female,1,No,Yes,1.0,No,No internet service,No internet service,Month-to-month,No,Mailed check,20.26,25.64,Yes
1039-LMNO54,Male,0,Yes,Yes,1.0,Fiber optic,Yes,No,Month-to-month,Yes,Mailed check,84.38,87.08,No
1040-WXYZ17,Female,1,No,No,25.0,Fiber optic,Yes,No,One year,Yes,Bank transfer (automatic),87.33,2183.08,No
1041-WXYZ94,Male,0,Yes,Yes,5.0,DSL,No,No,Month-to-month,Yes,Electronic check,50.24,251.39,No
1042-ABCD17,Female,0,Yes,Yes,23.0,No,No internet service,No internet service,One year,Yes,Bank transfer (automatic),18.0,406.61,No
1043-ABCD14,Female,1,No,Yes,8.0,Fiber optic,No,No,Month-to-month,Yes,Bank transfer (automatic),65.62,530.33,Yes
1044-LMNO95,Female,0,No,No,13.0,DSL,No,No,Month-to-month,No,Bank transfer (automatic),34.69,449.99,No
1045-LMNO43,Male,0,Yes,Yes,8.0,DSL,Yes,Yes,Month-to-month,Yes,Mailed check,60.9,492.53,No
1046-ABCD64,Female,0,Yes,No,50.0,Fiber optic,No,No,Two year,Yes,Credit card (automatic),69.15,3461.17,No
1047-LMNO52,Male,0,No,Yes,5.0,Fiber optic,Yes,Yes,Month-to-month,No,Mailed check,85.54,428.21,Yes
1048-WXYZ39,Male,0,No,No,14.0,Fiber optic,Yes,No,Month-to-month,No,Electronic check,84.49,1187.07,No
1049-WXYZ91,Male,1,Yes,No,66.0,Fiber optic,No,Yes,Two year,Yes,Credit card (automatic),73.79,4866.24,No
1050-ABCD35,Female,0,Yes,No,57.0,Fiber optic,Yes,No,Two year,No,Electronic check,82.47,4693.42,No
1051-LMNO85,Male,0,Yes,No,40.0,Fiber optic,Yes,No,One year,No,Bank transfer (automatic),86.75,3469.24,Yes
1052-LMNO81,Female,0,No,No,17.0,DSL,Yes,No,Month-to-month,No,Electronic check,59.84,1019.47,No
1053-ABCD55,Male,0,No,No,16.0,DSL,Yes,Yes,Month-to-month,Yes,Electronic check,55.19,,No
1054-ABCD10,Male,0,Yes,No,67.0,DSL,No,No,Two year,Yes,Electronic check,41.57,2785.65,No
1055-LMNO40,Female,0,No,Yes,48.0,DSL,No,Yes,Two year,No,Mailed check,49.6,2376.29,No
1056-WXYZ62,Male,0,No,No,38.0,No,No internet service,No internet service,One year,No,Electronic check,24.12,923.08,No
1057-ABCD71,Female,0,Yes,Yes,9.0,No,No internet service,No internet service,Month-to-month,No,Electronic check,23.69,211.42,No
1058-WXYZ73,Male,0,Yes,No,17.0,No,No internet service,No internet service,Month-to-month,Yes,Bank transfer (automatic),19.16,327.66,No
1059-WXYZ72,Female,0,No,No,20.0,Fiber optic,No,Yes,Month-to-month,Yes,Bank transfer (automatic),58.78,1178.12,Yes
1060-ABCD42,Female,0,No,Yes,53.0,Fiber optic,No,Yes,One year,No,Credit card (automatic),61.68,3269.39,No
1061-ABCD98,Male,0,No,No,4.0,DSL,No,Yes,Month-to-month,Yes,Credit card (automatic),43.69,165.05,No
1062-ABCD82,Male,0,No,No,61.0,Fiber optic,No,No,Two year,Yes,Mailed check,62.41,3803.65,No
1063-ABCD86,Female,0,Yes,Yes,3.0,Fiber optic,No,Yes,Month-to-month,Yes,Credit card (automatic),75.72,,Yes
1064-LMNO84,Female,1,Yes,Yes,42.0,Fiber optic,No,No,One year,No,Mailed check,65.95,2777.77,No
1065-WXYZ13,Male,0,No,Yes,15.0,No,No internet service,No internet service,Month-to-month,Yes,Mailed check,18.63,282.84,No
1066-WXYZ28,Male,0,Yes,Yes,2.0,Fiber optic,No,No,Month-to-month,No,Bank transfer (automatic),78.68,159.79,No
1067-WXYZ91,Female,0,No,No,1.0,Fiber optic,No,Yes,Month-to-month,No,Electronic check,75.15,65.21,No
1068-ABCD32,Female,0,No,No,64.0,Fiber optic,No,Yes,Two year,No,Bank transfer (automatic),71.73,4596.0,No
1069-LMNO84,Male,1,No,No,37.0,DSL,No,No,One year,No,Mailed check,46.11,1710.69,No
1070-ABCD97,Male,0,Yes,Yes,1.0,Fiber optic,No,No,Month-to-month,No,Electronic check,66.22,69.07,Yes
1071-WXYZ63,Male,0,No,Yes,56.0,Fiber optic,Yes,No,Two year,Yes,Electronic check,88.81,4974.71,No
1072-LMNO98,Female,0,No,No,23.0,No,No internet service,No internet service,Month-to-month,Yes,Electronic check,21.06,486.91,Yes
1073-ABCD24,Male,0,No,No,69.0,DSL,No,Yes,Two year,No,Credit card (automatic),44.32,3064.22,No
1074-ABCD85,Female,0,No,No,61.0,DSL,No,No,Two year,Yes,Credit card (automatic),48.21,2940.55,No
1075-WXYZ80,Male,0,Yes,No,60.0,No,No internet service,No internet service,Two year,No,Mailed check,23.29,1399.28,No
1076-LMNO30,Male,1,Yes,No,2.0,Fiber optic,Yes,No,Month-to-month,No,Electronic check,80.14,158.75,No
1077-LMNO69,Female,1,Yes,No,4.0,DSL,No,No,Month-to-month,Yes,Electronic check,49.58,198.4,No
1078-ABCD98,Female,0,Yes,No,64.0,Fiber optic,No,Yes,Two year,No,Credit card (automatic),69.57,4453.05,No
1079-ABCD58,Female,0,No,No,2.0,DSL,No,No,Month-to-month,Yes,Electronic check,45.42,93.91,Yes
1080-ABCD44,Male,0,No,Yes,2.0,Fiber optic,Yes,No,Month-to-month,Yes,Credit card (automatic),78.42,154.35,Yes
1081-WXYZ20,Female,1,No,No,47.0,Fiber optic,Yes,Yes,Two year,Yes,Bank transfer (automatic),78.57,3692.19,No
1082-LMNO81,Female,1,No,No,25.0,Fiber optic,No,Yes,Month-to-month,No,Credit card (automatic),62.73,1569.91,No
1083-WXYZ87,Male,0,Yes,No,44.0,Fiber optic,No,No,One year,Yes,Mailed check,81.97,3606.03,Yes
1084-WXYZ75,Male,0,No,No,59.0,DSL,Yes,Yes,Two year,No,Bank transfer (automatic),71.34,4209.84,No
1085-WXYZ18,Male,0,Yes,Yes,53.0,DSL,Yes,Yes,Two year,Yes,Bank transfer (automatic),51.49,2723.02,No
1086-LMNO94,Male,0,Yes,No,3.0,DSL,Yes,No,Month-to-month,Yes,Credit card (automatic),52.43,160.04,Yes
1087-WXYZ81,Female,0,No,No,1.0,Fiber optic,No,Yes,Month-to-month,Yes,Credit card (automatic),67.44,64.4,Yes
1088-WXYZ79,Male,0,No,No,4.0,Fiber optic,No,Yes,Month-to-month,No,Bank transfer (automatic),75.54,295.26,Yes
1089-ABCD35,Female,0,No,Yes,5.0,DSL,No,Yes,Month-to-month,Yes,Bank transfer (automatic),48.13,242.1,No
1090-ABCD21,Female,0,Yes,Yes,1.0,DSL,Yes,No,Month-to-month,Yes,Credit card (automatic),70.84,72.53,Yes
1091-ABCD57,Female,0,No,No,10.0,Fiber optic,No,No,Month-to-month,No,Credit card (automatic),68.48,686.98,Yes
1092-ABCD88,Female,0,Yes,Yes,5.0,DSL,No,Yes,Month-to-month,Yes,Bank transfer (automatic),41.51,209.8,Yes
1093-LMNO52,Male,0,Yes,Yes,1.0,No,No internet service,No internet service,Month-to-month,Yes,Electronic check,20.28,22.39,No
1094-LMNO79,Male,0,No,No,45.0,Fiber optic,No,No,Two year,Yes,Electronic check,69.13,3118.19,No
1095-WXYZ52,Male,0,No,No,14.0,Fiber optic,Yes,No,Month-to-month,Yes,Credit card (automatic),84.86,1192.22,No
1096-ABCD30,Female,0,No,No,15.0,Fiber optic,No,No,Month-to-month,Yes,Electronic check,70.53,1062.64,Yes
1097-LMNO89,Male,0,No,No,35.0,No,No internet service,No internet service,One year,Yes,Electronic check,30.6,1073.87,No
1098-LMNO24,Female,0,No,No,68.0,Fiber optic,No,No,Two year,Yes,Electronic check,70.6,4805.13,No
1099-ABCD45,Male,0,No,No,41.0,Fiber optic,No,No,Month-to-month,No,Bank transfer (automatic),64.68,2649.73,No
1100-LMNO60,Male,0,No,No,37.0,No,No internet service,No internet service,One year,No,Bank transfer (automatic),18.55,689.59,No
1101-LMNO77,Male,0,No,No,7.0,Fiber optic,No,No,Month-to-month,No,Electronic check,73.63,521.22,Yes
1102-ABCD22,Female,0,No,No,1.0,DSL,No,No,Month-to-month,No,Electronic check,48.0,46.95,Yes
1103-WXYZ28,Female,0,No,No,64.0,Fiber optic,No,No,Two year,Yes,Bank transfer (automatic),72.73,4661.59,No
1104-WXYZ87,Male,0,Yes,Yes,61.0,No,No internet service,No internet service,Two year,No,Credit card (automatic),18.0,1096.32,No
1105-ABCD77,Female,0,No,No,56.0,No,No internet service,No internet service,One year,Yes,Electronic check,18.0,1010.37,No
1106-ABCD61,Male,0,No,No,37.0,DSL,No,Yes,One year,No,Electronic check,44.34,1635.52,No
1107-WXYZ36,Female,0,Yes,Yes,62.0,Fiber optic,No,No,Two year,Yes,Bank transfer (automatic),72.23,4482.27,No
1108-ABCD37,Female,0,No,No,54.0,Fiber optic,No,No,Two year,Yes,Credit card (automatic),65.84,3561.49,No
1109-LMNO17,Male,0,Yes,No,1.0,DSL,No,Yes,Month-to-month,No,Credit card (automatic),52.47,52.34,Yes
1110-WXYZ45,Female,0,No,No,39.0,Fiber optic,No,Yes,One year,No,Bank transfer (automatic),72.7,2828.64,Yes
1111-WXYZ27,Male,1,No,No,19.0,DSL,No,Yes,Month-to-month,No,Credit card (automatic),42.41,805.97,Yes
1112-WXYZ58,Female,0,Yes,Yes,18.0,DSL,No,No,Month-to-month,Yes,Electronic check,58.9,1055.78,No
1113-ABCD13,Male,0,Yes,No,2.0,No,No internet service,No internet service,Month-to-month,Yes,Electronic check,18.0,36.46,Yes
1114-WXYZ98,Female,0,No,No,60.0,Fiber optic,No,No,Two year,Yes,Bank transfer (automatic),68.15,4093.18,No
1115-WXYZ84,Male,1,Yes,Yes,70.0,DSL,No,No,Two year,Yes,Credit card (automatic),42.92,3006.76,No
1116-LMNO83,Female,0,Yes,No,56.0,DSL,Yes,Yes,Two year,Yes,Bank transfer (automatic),60.21,3364.0,No
1117-LMNO22,Female,0,Yes,No,32.0,DSL,Yes,Yes,Month-to-month,Yes,Credit card (automatic),54.63,,No
1118-LMNO80,Female,1,No,No,8.0,No,No internet service,No internet service,Month-to-month,Yes,Credit card (automatic),23.69,190.55,No
1119-LMNO65,Female,0,No,No,18.0,Fiber optic,No,Yes,Month-to-month,Yes,Bank transfer (automatic),74.37,1345.59,No
1120-ABCD51,Female,0,No,No,1.0,DSL,No,Yes,Month-to-month,No,Electronic check,48.34,47.6,Yes
1121-ABCD51,Male,0,Yes,Yes,46.0,No,No internet service,No internet service,Two year,No,Electronic check,18.0,830.49,No
1122-WXYZ16,Male,0,No,No,15.0,Fiber optic,No,Yes,Month-to-month,Yes,Bank transfer (automatic),67.76,1017.28,No
1123-WXYZ10,Male,0,No,No,35.0,Fiber optic,No,No,One year,Yes,Electronic check,73.07,2554.52,No
1124-ABCD56,Female,0,Yes,No,4.0,Fiber optic,No,Yes,Month-to-month,Yes,Electronic check,71.08,282.05,No
1125-LMNO22,Male,0,No,No,12.0,DSL,No,No,Month-to-month,Yes,Credit card (automatic),40.99,490.92,No
1126-LMNO31,Female,0,No,No,44.0,DSL,Yes,Yes,One year,No,Credit card (automatic),49.88,2201.08,No
1127-WXYZ30,Female,0,No,No,29.0,Fiber optic,No,Yes,Month-to-month,No,Electronic check,68.03,1968.98,Yes
1128-WXYZ18,Male,0,Yes,No,2.0,DSL,No,Yes,Month-to-month,No,Bank transfer (automatic),47.61,94.32,No
1129-WXYZ18,Male,0,Yes,Yes,6.0,No,No internet service,No internet service,Month-to-month,Yes,Electronic check,22.47,131.82,No
1130-LMNO19,Male,0,Yes,Yes,35.0,No,No internet service,No internet service,One year,No,Electronic check,18.0,636.53,No
1131-WXYZ51,Male,0,Yes,Yes,43.0,DSL,No,No,Two year,Yes,Bank transfer (automatic),49.19,2117.09,No
1132-ABCD35,Male,0,No,No,62.0,DSL,No,Yes,Two year,Yes,Bank transfer (automatic),54.26,3370.97,No
1133-LMNO46,Male,0,Yes,No,56.0,No,No internet service,No internet service,Two year,Yes,Electronic check,18.24,1008.11,No
1134-WXYZ33,Female,0,No,No,70.0,Fiber optic,No,No,Two year,No,Electronic check,68.98,4833.24,No
1135-LMNO69,Female,0,Yes,Yes,36.0,DSL,No,No,Two year,Yes,Electronic check,42.38,1521.18,No
1136-LMNO83,Male,0,Yes,No,31.0,DSL,No,No,One year,Yes,Credit card (automatic),43.23,1337.18,No
1137-ABCD27,Male,1,No,No,13.0,Fiber optic,No,Yes,Month-to-month,No,Bank transfer (automatic),76.06,987.83,Yes
1138-LMNO45,Male,0,Yes,Yes,16.0,Fiber optic,Yes,No,Month-to-month,Yes,Mailed check,81.08,1297.19,Yes
1139-WXYZ64,Female,0,No,No,63.0,Fiber optic,Yes,No,Two year,Yes,Electronic check,86.21,5431.15,No
1140-WXYZ78,Female,0,Yes,No,4.0,Fiber optic,No,Yes,Month-to-month,Yes,Bank transfer (automatic),68.62,270.93,Yes
1141-LMNO58,Male,0,Yes,No,2.0,DSL,Yes,No,Month-to-month,Yes,Bank transfer (automatic),60.95,121.38,No
1142-LMNO42,Male,0,No,No,33.0,No,No internet service,No internet service,Two year,No,Credit card (automatic),18.57,612.33,No
1143-LMNO30,Female,0,No,Yes,3.0,Fiber optic,No,Yes,Month-to-month,Yes,Electronic check,74.1,214.04,Yes
1144-ABCD31,Female,0,Yes,No,56.0,Fiber optic,Yes,No,Two year,Yes,Credit card (automatic),90.2,5052.92,No
1145-ABCD24,Male,1,Yes,Yes,36.0,DSL,Yes,No,One year,Yes,Mailed check,61.87,2227.39,No
1146-LMNO80,Female,0,No,No,23.0,Fiber optic,No,Yes,Month-to-month,No,Electronic check,68.92,1586.12,Yes
1147-LMNO19,Male,0,No,No,41.0,Fiber optic,Yes,No,One year,Yes,Mailed check,88.93,3643.64,No
1148-ABCD87,Male,1,No,No,61.0,Fiber optic,Yes,No,Two year,No,Mailed check,81.25,4956.38,No
1149-ABCD66,Female,0,Yes,Yes,5.0,Fiber optic,No,No,Month-to-month,Yes,Credit card (automatic),72.15,,Yes
1150-WXYZ34,Female,0,No,No,61.0,Fiber optic,No,No,Two year,Yes,Bank transfer (automatic),67.43,4110.54,No
1151-WXYZ73,Male,0,Yes,No,72.0,Fiber optic,Yes,Yes,Two year,No,Bank transfer (automatic),86.07,6194.8,No
1152-LMNO16,Female,0,Yes,Yes,18.0,No,No internet service,No internet service,Month-to-month,Yes,Electronic check,18.0,,Yes
1153-ABCD27,Male,0,No,No,22.0,Fiber optic,No,No,Month-to-month,Yes,Electronic check,75.92,1670.09,Yes
1154-LMNO51,Female,0,Yes,No,1.0,Fiber optic,Yes,No,Month-to-month,Yes,Mailed check,78.72,83.49,Yes
1155-WXYZ48,Male,0,Yes,Yes,28.0,No,No internet service,No internet service,Month-to-month,Yes,Bank transfer (automatic),19.36,,No
1156-ABCD84,Female,1,Yes,Yes,33.0,DSL,No,No,Month-to-month,Yes,Bank transfer (automatic),37.61,1244.73,Yes
1157-LMNO33,Female,1,Yes,No,31.0,Fiber optic,No,Yes,One year,No,Electronic check,75.81,2360.13,Yes
1158-WXYZ28,Male,1,No,No,10.0,Fiber optic,Yes,Yes,Month-to-month,No,Electronic check,92.77,925.26,Yes
1159-WXYZ51,Female,0,No,No,60.0,DSL,Yes,No,Two year,Yes,Mailed check,54.05,3246.66,No
1160-LMNO45,Female,0,Yes,No,9.0,DSL,No,No,Month-to-month,Yes,Credit card (automatic),46.62,426.75,No
1161-ABCD45,Female,0,No,No,20.0,Fiber optic,Yes,Yes,Month-to-month,No,Mailed check,83.52,1677.43,Yes
1162-LMNO82,Male,0,No,No,30.0,Fiber optic,No,No,One year,Yes,Electronic check,72.56,2175.34,No
1163-ABCD79,Female,1,No,No,52.0,No,No internet service,No internet service,Two year,No,Electronic check,27.88,1455.17,No
1164-ABCD77,Female,0,Yes,No,35.0,DSL,No,No,Month-to-month,No,Electronic check,46.93,1646.85,Yes
1165-ABCD58,Male,1,No,No,4.0,DSL,No,No,Month-to-month,No,Mailed check,41.17,170.71,No
1166-WXYZ69,Female,0,No,No,72.0,Fiber optic,No,No,Two year,No,Credit card (automatic),66.55,4795.05,No
1167-ABCD53,Male,1,Yes,Yes,2.0,Fiber optic,No,Yes,Month-to-month,No,Credit card (automatic),68.23,142.31,No
1168-LMNO41,Male,1,Yes,Yes,27.0,Fiber optic,Yes,No,Month-to-month,No,Mailed check,81.36,2195.59,No
1169-ABCD17,Female,0,Yes,Yes,1.0,No,No internet service,No internet service,Month-to-month,Yes,Electronic check,23.8,21.51,No
1170-WXYZ81,Female,0,No,No,44.0,Fiber optic,Yes,Yes,Two year,No,Bank transfer (automatic),89.23,3915.22,No
1171-WXYZ76,Female,0,Yes,No,10.0,No,No internet service,No internet service,Month-to-month,Yes,Bank transfer (automatic),26.3,260.89,No
1172-WXYZ53,Male,0,No,No,48.0,Fiber optic,No,No,One year,Yes,Electronic check,67.88,3256.69,No
1173-ABCD67,Female,0,Yes,No,20.0,Fiber optic,No,No,One year,Yes,Credit card (automatic),75.77,1506.38,Yes
1174-LMNO95,Male,0,No,No,72.0,Fiber optic,Yes,Yes,Two year,No,Credit card (automatic),93.42,6726.46,No
1175-WXYZ11,Male,1,Yes,Yes,44.0,DSL,No,No,Month-to-month,Yes,Mailed check,38.37,1693.64,No
1176-LMNO53,Male,0,No,No,1.0,DSL,No,No,Month-to-month,No,Mailed check,42.56,38.0,No
1177-WXYZ90,Female,0,No,No,5.0,DSL,No,Yes,Month-to-month,No,Bank transfer (automatic),44.46,231.66,Yes
1178-LMNO96,Female,0,Yes,No,6.0,DSL,Yes,No,Month-to-month,Yes,Bank transfer (automatic),64.11,386.52,No
1179-WXYZ17,Female,0,Yes,Yes,21.0,Fiber optic,No,Yes,One year,No,Electronic check,76.7,1614.92,No
1180-WXYZ53,Female,0,Yes,No,56.0,DSL,Yes,No,One year,No,Electronic check,51.35,2875.36,No
1181-WXYZ45,Male,0,No,Yes,14.0,Fiber optic,Yes,No,One year,No,Electronic check,81.65,1138.65,No
1182-ABCD86,Female,0,No,No,46.0,DSL,Yes,Yes,Two year,Yes,Bank transfer (automatic),65.73,3026.29,No
1183-ABCD40,Male,0,Yes,Yes,41.0,Fiber optic,Yes,No,Two year,No,Mailed check,80.74,3314.14,No
1184-LMNO64,Male,0,Yes,No,1.0,Fiber optic,No,No,Month-to-month,No,Mailed check,73.99,73.13,Yes
1185-WXYZ71,Male,0,Yes,No,53.0,No,No internet service,No internet service,Two year,Yes,Bank transfer (automatic),22.87,1213.39,No
1186-WXYZ64,Female,0,No,No,1.0,Fiber optic,No,No,Month-to-month,Yes,Mailed check,73.89,73.86,No
1187-ABCD25,Female,0,No,No,30.0,No,No internet service,No internet service,One year,Yes,Bank transfer (automatic),23.95,715.25,No
1188-LMNO25,Female,0,No,No,6.0,No,No internet service,No internet service,Month-to-month,No,Mailed check,18.0,109.64,No
1189-WXYZ32,Male,1,Yes,Yes,51.0,Fiber optic,No,No,Two year,Yes,Mailed check,68.67,3498.64,No
1190-LMNO14,Male,0,Yes,Yes,11.0,Fiber optic,No,No,Month-to-month,Yes,Electronic check,68.27,754.79,No
1191-ABCD39,Female,0,No,No,54.0,No,No internet service,No internet service,Two year,No,Credit card (automatic),21.13,1152.61,No
1192-ABCD93,Male,0,Yes,Yes,59.0,No,No internet service,No internet service,Two year,Yes,Bank transfer (automatic),18.0,1067.5,No
1193-WXYZ31,Female,0,No,No,24.0,Fiber optic,No,No,One year,No,Electronic check,72.41,1736.91,Yes
1194-WXYZ81,Female,1,Yes,No,60.0,No,No internet service,No internet service,Two year,Yes,Credit card (automatic),28.61,1718.35,No
1195-LMNO41,Male,0,Yes,No,20.0,No,No internet service,No internet service,Month-to-month,Yes,Bank transfer (automatic),20.99,425.47,No
1196-ABCD25,Female,0,No,No,2.0,DSL,No,No,Month-to-month,Yes,Electronic check,44.39,88.3,Yes
1197-WXYZ23,Female,0,No,No,54.0,No,No internet service,No internet service,Two year,No,Electronic check,20.37,,No
1198-ABCD32,Male,0,No,No,11.0,DSL,No,No,One year,No,Electronic check,47.65,527.74,No
1199-WXYZ75,Female,0,Yes,No,51.0,DSL,Yes,No,One year,No,Bank transfer (automatic),65.72,3353.03,No
1200-ABCD94,Male,0,Yes,Yes,1.0,Fiber optic,No,No,Month-to-month,No,Bank transfer (automatic),69.66,70.61,Yes
1201-WXYZ82,Female,0,No,No,6.0,Fiber optic,No,No,Month-to-month,Yes,Electronic check,69.17,420.28,Yes
1202-ABCD84,Female,0,No,No,30.0,DSL,No,Yes,Month-to-month,Yes,Mailed check,38.13,1152.56,No
1203-LMNO61,Female,0,No,No,24.0,Fiber optic,Yes,No,Month-to-month,Yes,Electronic check,85.23,2045.07,Yes
1204-WXYZ32,Female,0,Yes,Yes,10.0,DSL,No,Yes,Month-to-month,No,Electronic check,38.99,396.1,No
1205-WXYZ77,Male,0,No,No,10.0,No,No internet service,No internet service,Month-to-month,No,Mailed check,18.0,172.56,No
1206-WXYZ64,Female,0,No,No,1.0,Fiber optic,Yes,Yes,Month-to-month,Yes,Mailed check,89.39,91.81,No
1207-WXYZ44,Male,0,No,No,60.0,Fiber optic,No,No,One year,No,Mailed check,75.1,4495.09,No
1208-WXYZ52,Female,0,No,No,2.0,DSL,Yes,No,Month-to-month,No,Credit card (automatic),62.32,120.77,Yes
1209-LMNO95,Female,0,Yes,No,35.0,Fiber optic,Yes,No,One year,Yes,Electronic check,91.07,3182.27,Yes
1210-ABCD21,Male,0,No,No,39.0,No,No internet service,No internet service,Two year,No,Electronic check,18.0,710.19,No
1211-LMNO58,Male,0,No,No,15.0,Fiber optic,Yes,No,Month-to-month,Yes,Electronic check,93.14,1395.69,Yes
1212-WXYZ47,Female,0,No,No,45.0,DSL,Yes,No,Two year,No,Mailed check,55.76,2508.96,No
1213-WXYZ54,Female,1,No,No,54.0,Fiber optic,No,Yes,Two year,Yes,Bank transfer (automatic),71.5,,No
1214-LMNO39,Male,0,No,No,6.0,Fiber optic,Yes,Yes,Month-to-month,Yes,Bank transfer (automatic),81.67,482.79,Yes
1215-WXYZ39,Male,0,No,No,2.0,Fiber optic,No,Yes,Month-to-month,Yes,Mailed check,71.55,144.53,Yes
1216-WXYZ15,Male,0,Yes,Yes,16.0,Fiber optic,No,No,Month-to-month,No,Mailed check,70.09,1121.82,Yes
1217-LMNO89,Female,1,Yes,Yes,35.0,DSL,Yes,Yes,One year,No,Electronic check,65.69,2295.09,No
1218-LMNO61,Male,0,Yes,Yes,14.0,DSL,No,Yes,Month-to-month,Yes,Mailed check,57.32,809.38,No
1219-WXYZ82,Female,1,Yes,Yes,3.0,Fiber optic,Yes,No,Month-to-month,No,Bank transfer (automatic),89.41,274.97,Yes
1220-LMNO30,Male,1,Yes,Yes,20.0,Fiber optic,Yes,No,One year,No,Electronic check,84.4,1681.71,Yes
1221-LMNO75,Female,0,Yes,No,1.0,DSL,Yes,No,Month-to-month,No,Bank transfer (automatic),67.66,64.23,Yes
1222-LMNO11,Male,1,Yes,Yes,49.0,No,No internet service,No internet service,Two year,Yes,Bank transfer (automatic),18.0,884.35,No
1223-LMNO91,Female,0,Yes,No,10.0,DSL,No,No,Month-to-month,Yes,Electronic check,42.1,418.68,Yes
1224-WXYZ29,Male,1,Yes,Yes,56.0,Fiber optic,No,Yes,Two year,No,Mailed check,68.85,3854.51,No
1225-WXYZ19,Female,0,Yes,Yes,16.0,No,No internet service,No internet service,Month-to-month,Yes,Credit card (automatic),18.61,292.67,No
1226-ABCD75,Male,0,No,No,4.0,No,No internet service,No internet service,Month-to-month,Yes,Electronic check,18.0,66.96,Yes
1227-ABCD63,Female,0,No,No,8.0,Fiber optic,No,Yes,Month-to-month,Yes,Electronic check,73.48,585.24,Yes
1228-ABCD45,Female,0,Yes,Yes,55.0,DSL,No,Yes,Two year,Yes,Mailed check,44.99,2475.1,No
1229-LMNO23,Male,0,No,No,68.0,DSL,No,Yes,Month-to-month,Yes,Bank transfer (automatic),44.32,3014.75,No
1230-ABCD89,Female,0,No,No,45.0,No,No internet service,No internet service,One year,No,Electronic check,27.05,1213.17,No
1231-WXYZ61,Female,0,Yes,Yes,60.0,DSL,No,No,Two year,Yes,Credit card (automatic),42.77,2560.46,No
1232-LMNO50,Male,0,No,No,26.0,No,No internet service,No internet service,One year,Yes,Bank transfer (automatic),25.14,647.43,No
1233-WXYZ34,Male,0,No,No,12.0,Fiber optic,Yes,Yes,Month-to-month,Yes,Credit card (automatic),83.63,1008.5,Yes
1234-ABCD17,Male,0,No,No,49.0,Fiber optic,No,No,Two year,No,Electronic check,68.74,3378.89,No
1235-ABCD77,Female,0,Yes,Yes,51.0,No,No internet service,No internet service,Two year,No,Credit card (automatic),18.0,920.15,No
1236-ABCD88,Female,0,No,No,32.0,No,No internet service,No internet service,Month-to-month,No,Mailed check,18.0,563.17,No
1237-ABCD69,Male,0,Yes,Yes,46.0,DSL,No,No,One year,Yes,Electronic check,41.69,,No
1238-ABCD40,Female,0,No,Yes,54.0,No,No internet service,No internet service,Two year,Yes,Credit card (automatic),18.0,977.93,No
1239-WXYZ29,Female,0,No,No,49.0,DSL,Yes,No,Two year,No,Electronic check,61.28,2999.47,No
1240-WXYZ69,Female,1,No,Yes,4.0,DSL,No,No,Month-to-month,No,Credit card (automatic),43.43,178.12,No
1241-LMNO15,Female,0,No,No,52.0,DSL,Yes,No,Two year,No,Mailed check,65.42,3407.2,No
1242-ABCD52,Female,1,Yes,No,10.0,DSL,Yes,Yes,Month-to-month,Yes,Credit card (automatic),56.37,570.15,No
1243-WXYZ11,Female,0,No,No,22.0,Fiber optic,No,No,Month-to-month,Yes,Mailed check,68.71,1508.69,Yes
1244-LMNO92,Male,0,No,No,5.0,DSL,Yes,No,Month-to-month,Yes,Bank transfer (automatic),66.09,330.83,No
1245-LMNO14,Female,0,Yes,No,29.0,Fiber optic,No,Yes,Month-to-month,No,Electronic check,74.45,2159.96,Yes
1246-LMNO43,Male,0,No,No,45.0,Fiber optic,No,Yes,One year,Yes,Mailed check,70.68,3187.19,No
1247-WXYZ98,Male,0,Yes,Yes,15.0,Fiber optic,Yes,Yes,Month-to-month,Yes,Bank transfer (automatic),79.83,1195.4,Yes
1248-WXYZ20,Male,0,Yes,Yes,3.0,No,No internet service,No internet service,Month-to-month,Yes,Bank transfer (automatic),22.93,73.5,No
1249-WXYZ40,Female,0,No,No,1.0,Fiber optic,No,Yes,Month-to-month,Yes,Electronic check,68.56,69.92,Yes
1250-LMNO82,Female,0,Yes,No,5.0,Fiber optic,No,No,Month-to-month,Yes,Mailed check,67.4,341.8,Yes
1251-LMNO92,Male,0,No,Yes,45.0,DSL,Yes,No,Two year,Yes,Mailed check,66.66,3003.49,No
1252-ABCD30,Male,0,Yes,No,46.0,Fiber optic,No,No,Two year,No,Electronic check,77.33,3553.9,No
1253-ABCD37,Male,0,Yes,No,1.0,Fiber optic,Yes,Yes,Month-to-month,Yes,Mailed check,80.57,81.92,Yes
1254-WXYZ16,Female,0,No,No,64.0,Fiber optic,No,Yes,Two year,Yes,Credit card (automatic),78.58,5025.67,No
1255-ABCD13,Male,0,Yes,No,19.0,Fiber optic,Yes,No,Month-to-month,Yes,Electronic check,84.55,1606.33,No
1256-LMNO49,Female,0,No,No,58.0,No,No internet service,No internet service,One year,Yes,Mailed check,23.91,1395.52,No
1257-ABCD61,Male,0,No,No,62.0,DSL,Yes,No,Two year,No,Credit card (automatic),69.16,4285.8,No
1258-ABCD61,Male,1,No,No,18.0,Fiber optic,No,No,Month-to-month,Yes,Electronic check,69.19,1242.36,No
1259-WXYZ59,Male,0,No,No,23.0,DSL,No,No,One year,No,Bank transfer (automatic),46.31,1064.21,No
1260-LMNO72,Male,0,No,No,19.0,DSL,No,No,Month-to-month,Yes,Bank transfer (automatic),48.62,927.16,Yes
1261-WXYZ16,Female,0,Yes,Yes,7.0,DSL,Yes,No,Month-to-month,No,Bank transfer (automatic),67.9,478.64,Yes
1262-LMNO95,Male,0,No,No,32.0,DSL,No,No,One year,Yes,Bank transfer (automatic),45.1,1445.0,No
1263-WXYZ80,Male,0,Yes,No,53.0,Fiber optic,No,No,Two year,Yes,Bank transfer (automatic),74.05,3920.67,No
1264-ABCD95,Male,0,No,No,2.0,DSL,Yes,Yes,Month-to-month,No,Electronic check,56.13,111.02,No
1265-ABCD64,Male,0,No,No,68.0,Fiber optic,Yes,Yes,Two year,Yes,Mailed check,77.59,5283.16,No
1266-WXYZ71,Male,0,No,No,61.0,Fiber optic,No,No,Two year,Yes,Bank transfer (automatic),66.61,4055.62,No
1267-LMNO30,Male,0,No,No,10.0,Fiber optic,Yes,No,Month-to-month,No,Electronic check,81.59,817.19,Yes
1268-WXYZ88,Female,0,No,No,6.0,DSL,Yes,No,Month-to-month,Yes,Electronic check,64.88,388.18,Yes
1269-ABCD19,Female,0,No,Yes,27.0,DSL,No,No,One year,Yes,Credit card (automatic),44.63,1207.35,Yes
1270-LMNO67,Male,0,No,No,8.0,Fiber optic,Yes,No,Month-to-month,No,Bank transfer (automatic),81.95,656.28,Yes
1271-LMNO14,Male,0,Yes,No,9.0,No,No internet service,No internet service,Month-to-month,No,Mailed check,18.0,154.49,No
1272-ABCD22,Female,0,Yes,No,49.0,No,No internet service,No internet service,Two year,No,Credit card (automatic),18.0,884.94,No
1273-ABCD94,Male,0,No,No,19.0,Fiber optic,No,No,One year,Yes,Bank transfer (automatic),74.59,1412.33,No
1274-ABCD91,Male,0,No,No,4.0,Fiber optic,No,Yes,Month-to-month,Yes,Credit card (automatic),65.55,256.29,Yes
1275-ABCD54,Male,1,Yes,Yes,36.0,DSL,Yes,Yes,One year,Yes,Credit card (automatic),59.36,2137.21,No
1276-ABCD69,Male,0,Yes,No,2.0,Fiber optic,No,No,Month-to-month,Yes,Mailed check,68.09,134.12,Yes
1277-LMNO72,Female,0,Yes,Yes,6.0,DSL,Yes,Yes,Month-to-month,No,Bank transfer (automatic),61.77,366.63,Yes
1278-ABCD61,Male,0,No,No,31.0,No,No internet service,No internet service,Two year,Yes,Bank transfer (automatic),29.2,903.26,No
1279-LMNO35,Female,0,No,Yes,41.0,Fiber optic,No,No,Two year,Yes,Credit card (automatic),66.74,2732.67,No
1280-WXYZ77,Male,0,Yes,No,72.0,Fiber optic,Yes,Yes,Month-to-month,No,Bank transfer (automatic),86.59,6242.21,No
1281-WXYZ61,Male,0,Yes,No,1.0,Fiber optic,No,Yes,Month-to-month,No,Electronic check,69.92,71.49,Yes
1282-WXYZ61,Female,0,Yes,No,26.0,DSL,No,No,One year,No,Electronic check,42.67,1108.63,No
1283-ABCD47,Male,0,Yes,No,12.0,Fiber optic,No,No,Month-to-month,No,Electronic check,70.25,846.79,No
1284-WXYZ30,Female,0,Yes,Yes,2.0,DSL,Yes,No,Month-to-month,No,Credit card (automatic),69.1,137.26,No
1285-WXYZ22,Male,0,No,No,21.0,Fiber optic,No,No,Month-to-month,Yes,Credit card (automatic),69.65,1461.35,Yes
1286-ABCD73,Female,0,No,Yes,33.0,Fiber optic,Yes,No,One year,Yes,Mailed check,84.65,2798.12,No
1287-ABCD18,Male,0,Yes,Yes,20.0,DSL,No,Yes,Month-to-month,Yes,Bank transfer (automatic),43.11,858.73,No
1288-ABCD10,Female,0,Yes,No,3.0,DSL,No,No,Month-to-month,Yes,Credit card (automatic),47.08,136.13,No
1289-WXYZ69,Male,0,Yes,No,1.0,DSL,Yes,No,Month-to-month,No,Electronic check,55.0,58.28,Yes
1290-ABCD19,Female,0,Yes,Yes,4.0,Fiber optic,No,No,Month-to-month,Yes,Electronic check,70.61,283.26,Yes
1291-WXYZ67,Male,0,Yes,No,5.0,Fiber optic,No,No,Month-to-month,Yes,Mailed check,72.23,361.92,Yes
1292-ABCD37,Female,0,Yes,Yes,6.0,No,No internet service,No internet service,Month-to-month,Yes,Credit card (automatic),18.0,106.25,No
1293-LMNO43,Male,0,Yes,Yes,5.0,DSL,No,Yes,Month-to-month,Yes,Credit card (automatic),52.99,267.93,No
1294-LMNO95,Female,0,No,No,63.0,DSL,No,No,Two year,No,Mailed check,52.81,3320.18,No
1295-ABCD88,Male,0,No,No,6.0,Fiber optic,No,No,Month-to-month,No,Electronic check,81.24,477.75,Yes
1296-ABCD69,Male,0,No,No,14.0,Fiber optic,No,Yes,Month-to-month,Yes,Bank transfer (automatic),72.86,1018.05,Yes
1297-LMNO97,Male,0,Yes,No,26.0,DSL,No,Yes,Two year,Yes,Credit card (automatic),47.08,1227.23,No
1298-ABCD92,Male,0,No,No,28.0,No,No internet service,No internet service,One year,No,Bank transfer (automatic),19.61,555.3,No
1299-ABCD41,Male,0,No,No,16.0,No,No internet service,No internet service,One year,No,Mailed check,20.34,328.18,No
1300-ABCD96,Female,0,Yes,No,25.0,No,No internet service,No internet service,Month-to-month,Yes,Electronic check,24.64,611.39,No
1301-ABCD17,Female,0,Yes,No,2.0,Fiber optic,No,No,Month-to-month,No,Credit card (automatic),70.09,135.61,Yes
1302-ABCD81,Male,0,No,No,36.0,No,No internet service,No internet service,One year,No,Electronic check,19.25,699.05,No
1303-ABCD96,Female,1,Yes,No,35.0,No,No internet service,No internet service,One year,No,Electronic check,22.79,802.18,No
1304-LMNO10,Female,0,Yes,No,51.0,Fiber optic,Yes,No,Month-to-month,No,Credit card (automatic),81.87,4178.12,No
1305-ABCD60,Male,1,No,No,12.0,Fiber optic,No,No,Month-to-month,No,Credit card (automatic),77.9,939.4,Yes
1306-LMNO33,Female,1,No,No,52.0,DSL,Yes,No,Two year,Yes,Bank transfer (automatic),60.04,3122.92,No
1307-ABCD14,Female,0,Yes,Yes,5.0,Fiber optic,No,No,Month-to-month,No,Bank transfer (automatic),73.82,368.06,No
1308-ABCD67,Female,1,No,No,1.0,DSL,No,No,Month-to-month,No,Electronic check,40.99,40.19,Yes
1309-LMNO20,Male,0,No,Yes,7.0,No,No internet service,No internet service,Month-to-month,No,Electronic check,19.78,141.65,No
1310-LMNO92,Female,0,Yes,Yes,61.0,No,No internet service,No internet service,Two year,No,Electronic check,18.03,1101.02,No
1311-LMNO37,Male,0,No,No,44.0,No,No internet service,No internet service,Two year,Yes,Bank transfer (automatic),18.24,792.73,No
1312-LMNO67,Male,0,Yes,No,17.0,DSL,Yes,No,One year,Yes,Electronic check,54.31,927.68,Yes
1313-ABCD14,Male,0,Yes,No,1.0,Fiber optic,No,No,Month-to-month,Yes,Credit card (automatic),75.28,78.21,Yes
1314-WXYZ17,Female,0,No,No,16.0,DSL,Yes,No,Month-to-month,No,Electronic check,62.42,1000.35,No
1315-WXYZ47,Female,0,Yes,No,10.0,Fiber optic,No,Yes,Month-to-month,Yes,Mailed check,62.91,636.15,Yes
1316-LMNO90,Female,0,Yes,Yes,42.0,Fiber optic,Yes,No,One year,Yes,Mailed check,83.94,3521.44,No
1317-LMNO17,Female,0,Yes,No,30.0,DSL,No,No,One year,Yes,Bank transfer (automatic),43.91,1311.97,No
1318-ABCD82,Male,1,No,No,62.0,Fiber optic,No,No,Two year,No,Electronic check,71.99,4465.88,Yes
1319-WXYZ88,Male,0,No,No,12.0,Fiber optic,No,Yes,Month-to-month,No,Credit card (automatic),69.27,827.46,No
1320-WXYZ76,Male,0,Yes,No,31.0,Fiber optic,Yes,No,One year,No,Mailed check,90.44,,Yes
1321-ABCD45,Male,0,No,No,12.0,No,No internet service,No internet service,Month-to-month,No,Bank transfer (automatic),24.82,294.37,No
1322-WXYZ77,Female,0,Yes,Yes,20.0,Fiber optic,No,No,Month-to-month,Yes,Bank transfer (automatic),81.03,1617.01,Yes
1323-WXYZ50,Female,0,No,No,4.0,DSL,No,No,Month-to-month,No,Electronic check,33.87,133.47,No
1324-ABCD71,Male,0,Yes,Yes,19.0,No,No internet service,No internet service,Month-to-month,Yes,Bank transfer (automatic),26.84,508.47,No
1325-LMNO19,Male,0,No,No,49.0,DSL,Yes,No,Two year,Yes,Mailed check,63.97,3132.69,No
1326-ABCD45,Male,0,No,No,13.0,Fiber optic,No,No,Month-to-month,No,Credit card (automatic),69.12,897.24,No
1327-LMNO11,Male,1,No,No,,DSL,No,No,Two year,No,Credit card (automatic),43.72,2796.27,No
1328-WXYZ22,Female,0,Yes,Yes,8.0,Fiber optic,Yes,No,Month-to-month,No,Electronic check,84.56,668.7,Yes
1329-ABCD41,Female,0,No,No,12.0,Fiber optic,No,No,Month-to-month,Yes,Electronic check,71.24,857.4,No
1330-LMNO25,Female,0,Yes,Yes,8.0,No,No internet service,No internet service,Month-to-month,Yes,Electronic check,18.0,141.82,No
1331-WXYZ20,Male,0,No,No,7.0,Fiber optic,No,Yes,Month-to-month,Yes,Credit card (automatic),61.98,433.09,No
1332-WXYZ24,Male,0,Yes,Yes,22.0,DSL,No,No,Month-to-month,Yes,Electronic check,42.4,926.73,Yes
1333-ABCD49,Male,0,Yes,No,4.0,DSL,Yes,No,Month-to-month,Yes,Bank transfer (automatic),58.67,227.06,No
1334-WXYZ64,Female,0,Yes,No,1.0,Fiber optic,No,No,Month-to-month,Yes,Bank transfer (automatic),72.85,72.38,Yes
1335-ABCD34,Female,0,Yes,No,52.0,DSL,No,Yes,Two year,Yes,Bank transfer (automatic),39.06,2038.89,No
1336-LMNO87,Male,0,No,No,36.0,Fiber optic,Yes,Yes,One year,No,Electronic check,88.21,3183.16,No
1337-WXYZ98,Female,0,No,No,36.0,Fiber optic,No,No,One year,No,Electronic check,63.98,2298.74,No
1338-WXYZ31,Male,0,No,No,5.0,DSL,No,No,Month-to-month,No,Mailed check,46.99,231.25,No
1339-WXYZ93,Female,0,No,No,2.0,Fiber optic,No,Yes,Month-to-month,No,Electronic check,72.76,146.37,Yes
1340-ABCD53,Female,0,No,No,13.0,DSL,Yes,Yes,Month-to-month,Yes,Electronic check,59.35,758.22,Yes
1341-LMNO55,Female,0,Yes,Yes,54.0,Fiber optic,Yes,No,Two year,No,Electronic check,85.23,4599.49,No
1342-ABCD30,Female,0,Yes,Yes,1.0,DSL,No,No,Month-to-month,Yes,Bank transfer (automatic),48.49,49.6,No
1343-LMNO41,Male,0,Yes,Yes,10.0,DSL,No,Yes,Month-to-month,Yes,Mailed check,42.09,419.75,No
1344-WXYZ48,Male,0,Yes,No,26.0,Fiber optic,No,No,One year,Yes,Electronic check,71.54,1850.54,Yes
1345-ABCD21,Male,0,Yes,Yes,1.0,No,No internet service,No internet service,Month-to-month,Yes,Electronic check,18.25,9.11,No
1346-ABCD56,Male,0,Yes,Yes,70.0,DSL,Yes,No,Two year,No,Electronic check,67.75,4735.34,No
1347-WXYZ30,Female,1,Yes,No,8.0,No,No internet service,No internet service,Month-to-month,Yes,Mailed check,22.72,181.37,No
1348-ABCD30,Female,0,Yes,No,2.0,Fiber optic,Yes,No,Month-to-month,No,Electronic check,79.78,155.38,Yes
1349-WXYZ17,Male,0,No,No,66.0,No,No internet service,No internet service,Two year,No,Bank transfer (automatic),29.09,,No
1350-WXYZ16,Female,0,Yes,Yes,1.0,DSL,No,No,Month-to-month,Yes,Electronic check,50.01,43.33,Yes
1351-LMNO84,Male,0,No,No,4.0,DSL,No,No,Month-to-month,Yes,Credit card (automatic),38.97,162.02,No
1352-WXYZ31,Male,0,No,No,7.0,No,No internet service,No internet service,Month-to-month,No,Electronic check,18.0,119.98,No
1353-LMNO98,Male,0,No,No,48.0,DSL,No,No,One year,Yes,Credit card (automatic),38.86,1877.86,No
1354-WXYZ38,Male,0,Yes,No,66.0,No,No internet service,No internet service,Two year,Yes,Credit card (automatic),18.0,1191.31,No
1355-ABCD91,Male,0,Yes,Yes,12.0,DSL,Yes,No,One year,No,Bank transfer (automatic),60.76,718.03,No
1356-WXYZ38,Male,0,Yes,Yes,48.0,DSL,No,No,Two year,No,Credit card (automatic),45.41,2185.76,No
1357-ABCD88,Male,0,Yes,No,22.0,DSL,Yes,Yes,Month-to-month,No,Electronic check,63.67,1398.43,Yes
1358-LMNO59,Female,0,Yes,No,18.0,Fiber optic,No,Yes,Month-to-month,Yes,Electronic check,68.45,1236.74,Yes
1359-LMNO88,Male,0,No,No,49.0,DSL,No,Yes,Month-to-month,Yes,Electronic check,43.7,2141.25,No
1360-LMNO32,Male,0,No,No,45.0,No,No internet service,No internet service,One year,Yes,Electronic check,20.56,923.42,No
1361-ABCD31,Male,0,No,No,1.0,No,No internet service,No internet service,Month-to-month,Yes,Electronic check,25.63,24.36,No
1362-LMNO46,Female,0,Yes,Yes,53.0,DSL,Yes,Yes,Two year,Yes,Bank transfer (automatic),50.54,2672.76,No
1363-ABCD65,Male,0,Yes,Yes,24.0,DSL,No,No,One year,Yes,Electronic check,43.72,1047.08,No
1364-LMNO72,Female,0,No,No,32.0,Fiber optic,No,No,Two year,No,Mailed check,76.59,2444.42,Yes
1365-WXYZ28,Female,0,Yes,Yes,6.0,Fiber optic,No,No,Month-to-month,No,Electronic check,70.34,419.68,Yes
1366-LMNO38,Female,0,No,No,11.0,Fiber optic,No,Yes,Month-to-month,No,Bank transfer (automatic),68.53,754.81,No
1367-WXYZ48,Female,1,No,No,2.0,Fiber optic,Yes,No,Month-to-month,No,Credit card (automatic),80.93,167.15,No
1368-LMNO34,Male,0,Yes,Yes,24.0,DSL,Yes,No,Month-to-month,Yes,Mailed check,64.51,1555.67,No
1369-ABCD17,Male,0,Yes,Yes,64.0,No,No internet service,No internet service,Two year,Yes,Mailed check,18.0,1151.94,No
1370-WXYZ67,Male,0,Yes,Yes,1.0,Fiber optic,No,Yes,Month-to-month,No,Mailed check,67.55,61.92,Yes
1371-ABCD14,Female,0,Yes,No,57.0,Fiber optic,No,No,Two year,No,Bank transfer (automatic),76.82,4378.48,No
1372-LMNO74,Male,0,Yes,No,43.0,Fiber optic,Yes,No,Two year,Yes,Electronic check,79.77,3429.3,No
1373-LMNO73,Male,0,Yes,No,57.0,Fiber optic,Yes,No,One year,Yes,Credit card (automatic),93.16,5316.71,No
1374-WXYZ98,Female,0,Yes,No,8.0,DSL,Yes,No,Month-to-month,No,Mailed check,60.85,491.18,No
1375-WXYZ30,Male,0,No,No,16.0,Fiber optic,Yes,No,Month-to-month,Yes,Electronic check,85.12,1363.08,Yes
1376-WXYZ36,Female,0,No,No,3.0,Fiber optic,No,Yes,Month-to-month,Yes,Credit card (automatic),71.43,221.89,Yes
1377-WXYZ50,Female,0,Yes,Yes,2.0,No,No internet service,No internet service,Month-to-month,Yes,Credit card (automatic),20.1,37.67,Yes
1378-ABCD18,Male,0,No,No,14.0,Fiber optic,No,Yes,Month-to-month,No,Bank transfer (automatic),67.36,946.17,Yes
1379-WXYZ67,Male,0,No,No,8.0,No,No internet service,No internet service,Month-to-month,Yes,Electronic check,21.72,171.24,No
1380-WXYZ21,Male,0,No,No,34.0,DSL,No,No,One year,No,Bank transfer (automatic),42.55,1444.34,No
1381-ABCD87,Female,1,No,No,7.0,Fiber optic,No,Yes,Month-to-month,Yes,Electronic check,72.14,494.64,Yes
1382-WXYZ43,Female,0,Yes,No,14.0,No,No internet service,No internet service,Month-to-month,Yes,Mailed check,31.56,442.34,No
1383-ABCD29,Female,0,Yes,No,1.0,DSL,Yes,No,Month-to-month,No,Electronic check,63.3,63.95,No
1384-LMNO25,Female,1,No,No,40.0,Fiber optic,No,No,Two year,Yes,Mailed check,69.06,2761.72,No
1385-LMNO79,Female,0,No,No,57.0,Fiber optic,No,No,One year,Yes,Bank transfer (automatic),71.28,4065.23,Yes
1386-LMNO67,Male,0,No,No,16.0,DSL,No,Yes,Month-to-month,Yes,Electronic check,43.4,699.4,Yes
1387-LMNO13,Male,0,No,No,70.0,DSL,Yes,Yes,Two year,No,Credit card (automatic),59.08,4135.51,No
1388-WXYZ33,Female,0,No,No,34.0,Fiber optic,Yes,No,One year,Yes,Electronic check,84.44,2873.98,No
1389-WXYZ35,Male,0,Yes,No,65.0,Fiber optic,No,No,Two year,Yes,Electronic check,72.38,4706.57,No
1390-ABCD94,Male,0,Yes,No,5.0,Fiber optic,Yes,No,Month-to-month,No,Bank transfer (automatic),89.53,453.03,Yes
1391-WXYZ30,Female,0,Yes,Yes,53.0,No,No internet service,No internet service,Two year,Yes,Credit card (automatic),30.55,1621.82,No
1392-WXYZ47,Male,0,No,Yes,1.0,No,No internet service,No internet service,Month-to-month,Yes,Credit card (automatic),23.24,32.35,No
1393-WXYZ13,Female,0,No,No,48.0,DSL,No,No,Two year,No,Bank transfer (automatic),39.52,1898.28,No
1394-ABCD54,Female,0,No,No,19.0,Fiber optic,No,Yes,Month-to-month,Yes,Electronic check,63.6,1203.71,Yes
1395-ABCD80,Male,0,No,No,52.0,No,No internet service,No internet service,Two year,Yes,Credit card (automatic),19.66,1028.63,No
1396-ABCD23,Female,0,No,Yes,68.0,DSL,No,No,Two year,No,Credit card (automatic),50.0,3403.21,No
1397-LMNO97,Male,0,No,No,3.0,No,No internet service,No internet service,Month-to-month,No,Electronic check,18.96,59.26,No
1398-ABCD89,Male,0,No,No,52.0,Fiber optic,No,Yes,Two year,Yes,Mailed check,69.04,3582.37,No
1399-WXYZ64,Male,0,Yes,No,11.0,DSL,No,No,Month-to-month,No,Mailed check,49.5,551.94,Yes
1400-WXYZ33,Male,0,No,No,3.0,No,No internet service,No internet service,Month-to-month,No,Mailed check,19.87,64.62,Yes
1401-WXYZ39,Male,0,No,No,3.0,Fiber optic,No,Yes,Month-to-month,Yes,Credit card (automatic),75.17,227.08,Yes
1402-WXYZ28,Male,1,Yes,Yes,61.0,DSL,No,Yes,Two year,Yes,Electronic check,37.48,2272.05,No
1403-LMNO69,Male,0,Yes,Yes,1.0,DSL,No,No,Month-to-month,Yes,Bank transfer (automatic),47.38,45.69,No
1404-LMNO58,Male,0,No,No,22.0,Fiber optic,No,Yes,One year,No,Electronic check,61.12,1354.2,No
1405-LMNO92,Female,0,Yes,No,38.0,DSL,Yes,No,One year,Yes,Mailed check,61.33,2332.93,No
1406-WXYZ33,Female,0,Yes,Yes,67.0,Fiber optic,No,No,Two year,No,Bank transfer (automatic),74.5,4985.45,No
1407-ABCD85,Male,0,Yes,No,43.0,DSL,No,No,Two year,No,Electronic check,36.86,1582.19,No
1408-WXYZ67,Male,0,No,No,2.0,No,No internet service,No internet service,Month-to-month,Yes,Mailed check,18.0,34.01,No
1409-WXYZ40,Male,0,No,No,26.0,No,No internet service,No internet service,Month-to-month,Yes,Credit card (automatic),24.25,636.15,No
1410-LMNO57,Male,0,Yes,No,4.0,No,No internet service,No internet service,Month-to-month,No,Bank transfer (automatic),22.25,81.46,No
1411-ABCD64,Female,0,Yes,Yes,22.0,DSL,No,No,One year,Yes,Bank transfer (automatic),39.51,874.51,No
1412-ABCD64,Female,0,No,No,,DSL,Yes,Yes,Month-to-month,Yes,Electronic check,61.22,187.61,No
1413-ABCD27,Male,0,No,No,1.0,DSL,Yes,Yes,Month-to-month,No,Mailed check,57.29,68.5,Yes
1414-LMNO56,Male,0,No,No,49.0,Fiber optic,Yes,No,Two year,Yes,Bank transfer (automatic),84.1,4123.56,No
1415-LMNO66,Male,0,Yes,No,4.0,Fiber optic,Yes,Yes,Month-to-month,Yes,Credit card (automatic),83.66,328.44,Yes
1416-WXYZ54,Female,1,Yes,Yes,41.0,DSL,Yes,Yes,One year,Yes,Electronic check,53.35,2187.11,No
1417-ABCD26,Male,0,Yes,Yes,24.0,Fiber optic,No,Yes,Month-to-month,Yes,Bank transfer (automatic),74.51,1783.28,No
1418-WXYZ13,Female,0,No,Yes,1.0,No,No internet service,No internet service,Month-to-month,Yes,Electronic check,18.0,19.94,No
1419-LMNO24,Female,0,Yes,No,7.0,DSL,No,Yes,Month-to-month,No,Electronic check,45.46,326.93,Yes
1420-WXYZ56,Male,0,Yes,No,3.0,Fiber optic,No,Yes,Month-to-month,No,Mailed check,73.26,215.49,Yes
1421-WXYZ84,Female,0,Yes,No,64.0,Fiber optic,No,Yes,Two year,Yes,Electronic check,65.85,4219.06,No
1422-LMNO18,Female,0,Yes,Yes,15.0,No,No internet service,No internet service,Month-to-month,Yes,Electronic check,18.63,276.35,No
1423-WXYZ25,Female,0,No,No,42.0,No,No internet service,No internet service,Month-to-month,Yes,Bank transfer (automatic),18.0,748.25,No
1424-ABCD70,Male,0,Yes,No,46.0,Fiber optic,No,Yes,Two year,Yes,Mailed check,78.62,3624.51,No
1425-WXYZ59,Male,0,No,No,22.0,DSL,No,Yes,One year,Yes,Credit card (automatic),49.57,1091.7,No
1426-LMNO86,Female,0,No,No,40.0,DSL,Yes,No,Two year,Yes,Bank transfer (automatic),63.8,2554.46,No
1427-LMNO79,Female,0,Yes,Yes,39.0,DSL,No,No,Two year,No,Bank transfer (automatic),56.05,2190.26,No
1428-ABCD60,Female,0,No,No,50.0,DSL,No,No,Two year,Yes,Electronic check,46.76,2329.5,No
1429-ABCD28,Female,0,No,No,2.0,Fiber optic,No,No,Month-to-month,Yes,Electronic check,68.32,135.31,Yes
1430-WXYZ44,Female,0,No,No,59.0,DSL,No,Yes,Two year,Yes,Bank transfer (automatic),37.8,2221.99,No
1431-WXYZ35,Female,0,Yes,Yes,11.0,Fiber optic,No,No,Month-to-month,Yes,Electronic check,66.5,728.88,No
1432-LMNO78,Male,0,Yes,No,10.0,Fiber optic,No,No,Month-to-month,No,Credit card (automatic),70.8,713.75,Yes
1433-ABCD73,Female,1,Yes,No,2.0,Fiber optic,No,No,Month-to-month,Yes,Mailed check,74.66,151.57,Yes
1434-ABCD93,Female,0,No,No,22.0,Fiber optic,Yes,Yes,Month-to-month,No,Electronic check,81.73,1794.97,Yes
1435-ABCD30,Female,0,No,No,4.0,DSL,Yes,No,Month-to-month,Yes,Bank transfer (automatic),67.92,271.8,No
1436-WXYZ73,Female,0,No,No,5.0,Fiber optic,Yes,Yes,Month-to-month,No,Credit card (automatic),77.3,385.77,No
1437-ABCD79,Male,0,Yes,No,6.0,DSL,Yes,Yes,Month-to-month,No,Electronic check,58.12,350.27,Yes
1438-WXYZ13,Female,0,Yes,Yes,62.0,DSL,Yes,Yes,Two year,Yes,Electronic check,62.02,3842.11,No
1439-WXYZ48,Female,0,No,No,37.0,No,No internet service,No internet service,Two year,Yes,Credit card (automatic),20.66,763.81,No
1440-WXYZ44,Male,1,No,No,18.0,DSL,No,No,One year,No,Electronic check,47.38,853.6,Yes
1441-ABCD33,Male,0,No,No,49.0,No,No internet service,No internet service,Two year,Yes,Electronic check,20.64,1013.49,No
1442-ABCD79,Male,0,Yes,Yes,28.0,Fiber optic,No,No,Month-to-month,No,Mailed check,73.24,2051.82,No
1443-ABCD63,Male,0,Yes,No,67.0,DSL,No,No,Two year,Yes,Mailed check,43.78,2925.07,No
1444-WXYZ69,Male,0,Yes,Yes,5.0,Fiber optic,No,No,Month-to-month,Yes,Mailed check,68.5,336.2,No
1445-ABCD40,Male,0,Yes,Yes,6.0,DSL,Yes,No,Month-to-month,Yes,Mailed check,55.88,338.4,Yes
1446-ABCD45,Female,0,Yes,No,3.0,Fiber optic,Yes,No,Month-to-month,No,Credit card (automatic),95.87,286.34,No
1447-ABCD39,Female,0,Yes,Yes,16.0,DSL,Yes,No,Month-to-month,Yes,Bank transfer (automatic),59.61,951.54,No
1448-WXYZ39,Female,1,Yes,No,16.0,Fiber optic,No,Yes,Month-to-month,Yes,Credit card (automatic),72.18,1153.62,Yes
1449-WXYZ16,Female,0,Yes,No,1.0,Fiber optic,No,No,Month-to-month,Yes,Mailed check,68.94,67.68,Yes
1450-LMNO64,Male,0,Yes,No,1.0,DSL,Yes,No,Month-to-month,Yes,Electronic check,67.96,59.12,No
1451-WXYZ19,Male,1,No,Yes,30.0,No,No internet service,No internet service,Month-to-month,Yes,Credit card (automatic),19.94,606.85,No
1452-WXYZ98,Female,0,Yes,No,26.0,Fiber optic,No,Yes,Month-to-month,Yes,Electronic check,71.64,1862.08,Yes
1453-ABCD79,Male,1,No,No,45.0,No,No internet service,No internet service,Two year,No,Bank transfer (automatic),18.0,810.07,No
1454-ABCD54,Female,1,No,No,8.0,Fiber optic,Yes,No,Month-to-month,No,Electronic check,93.8,750.79,Yes
1455-LMNO93,Female,1,No,No,8.0,DSL,No,Yes,Month-to-month,Yes,Bank transfer (automatic),46.08,373.45,No
1456-WXYZ66,Female,0,No,No,32.0,No,No internet service,No internet service,One year,Yes,Credit card (automatic),28.98,,No
1457-ABCD77,Female,0,Yes,No,58.0,Fiber optic,No,No,Two year,No,Mailed check,67.0,3885.63,No
1458-WXYZ42,Male,0,No,No,12.0,Fiber optic,No,No,Month-to-month,No,Electronic check,67.79,809.12,No
1459-LMNO16,Male,1,No,No,72.0,Fiber optic,Yes,Yes,Two year,Yes,Electronic check,82.36,5936.1,No
1460-WXYZ24,Female,0,No,No,1.0,Fiber optic,Yes,No,Month-to-month,Yes,Mailed check,83.58,83.86,No
1461-WXYZ41,Male,0,Yes,Yes,10.0,DSL,No,No,Month-to-month,Yes,Electronic check,48.35,486.47,Yes
1462-LMNO29,Female,0,Yes,No,9.0,DSL,No,No,Month-to-month,No,Bank transfer (automatic),34.76,307.42,Yes
1463-LMNO57,Male,0,Yes,No,34.0,No,No internet service,No internet service,One year,No,Mailed check,19.76,675.09,No
1464-LMNO30,Female,0,No,No,22.0,Fiber optic,Yes,No,Month-to-month,Yes,Electronic check,81.1,1777.07,No
1465-WXYZ35,Female,0,No,No,45.0,DSL,Yes,No,One year,Yes,Mailed check,55.56,2498.21,No
1466-WXYZ66,Female,0,Yes,Yes,26.0,DSL,No,No,Month-to-month,Yes,Mailed check,47.34,1231.5,Yes
1467-ABCD67,Male,0,No,No,40.0,No,No internet service,No internet service,One year,Yes,Electronic check,21.5,868.69,No
1468-ABCD91,Male,1,No,No,6.0,Fiber optic,No,Yes,Month-to-month,Yes,Bank transfer (automatic),74.32,449.21,Yes
1469-ABCD12,Female,0,Yes,No,1.0,No,No internet service,No internet service,Month-to-month,No,Credit card (automatic),21.94,29.13,Yes
1470-LMNO46,Male,0,No,No,46.0,DSL,Yes,No,One year,Yes,Electronic check,60.9,2803.7,No
1471-ABCD28,Female,0,No,No,39.0,DSL,No,Yes,One year,No,Electronic check,42.21,1640.64,No
1472-LMNO98,Female,0,Yes,No,1.0,Fiber optic,Yes,Yes,Month-to-month,Yes,Bank transfer (automatic),80.37,74.85,No
1473-ABCD21,Female,0,No,Yes,46.0,No,No internet service,No internet service,Two year,No,Electronic check,23.0,1061.81,No
1474-ABCD70,Female,1,Yes,Yes,37.0,DSL,No,No,One year,Yes,Electronic check,43.72,1612.63,No
1475-ABCD42,Male,0,No,No,1.0,DSL,No,No,Month-to-month,Yes,Bank transfer (automatic),47.0,39.28,Yes
1476-WXYZ77,Female,0,No,No,67.0,DSL,No,Yes,Two year,No,Electronic check,44.98,3008.78,No
1477-LMNO80,Female,0,No,No,49.0,Fiber optic,No,No,One year,Yes,Electronic check,59.78,2930.56,Yes
1478-WXYZ42,Male,0,Yes,Yes,11.0,Fiber optic,Yes,No,Month-to-month,No,Credit card (automatic),87.42,957.65,Yes
1479-ABCD33,Female,0,Yes,Yes,23.0,No,No internet service,No internet service,Month-to-month,No,Electronic check,18.0,420.28,No
1480-ABCD70,Male,0,Yes,No,1.0,Fiber optic,No,Yes,Month-to-month,Yes,Credit card (automatic),74.32,76.46,Yes
1481-WXYZ37,Male,0,No,No,1.0,No,No internet service,No internet service,Month-to-month,Yes,Electronic check,18.0,18.95,Yes
1482-WXYZ52,Male,0,Yes,No,23.0,DSL,No,No,Month-to-month,No,Credit card (automatic),54.5,1255.44,No
1483-ABCD48,Female,0,No,No,8.0,Fiber optic,No,No,Month-to-month,No,Mailed check,67.02,539.18,No
1484-WXYZ58,Male,0,Yes,No,47.0,DSL,No,Yes,One year,No,Electronic check,47.36,2229.01,No
1485-ABCD79,Female,0,Yes,Yes,26.0,DSL,No,Yes,Month-to-month,Yes,Bank transfer (automatic),41.44,1073.35,No
1486-WXYZ79,Female,0,Yes,Yes,47.0,DSL,No,No,Two year,No,Credit card (automatic),42.12,1985.94,No
1487-WXYZ74,Male,1,No,No,14.0,No,No internet service,No internet service,Month-to-month,No,Electronic check,23.43,331.16,No
1488-WXYZ94,Male,0,No,No,18.0,Fiber optic,Yes,No,Month-to-month,No,Bank transfer (automatic),83.99,1509.85,No
1489-ABCD11,Female,0,Yes,No,46.0,No,No internet service,No internet service,Two year,No,Mailed check,19.34,893.5,No
1490-WXYZ66,Male,1,Yes,Yes,23.0,Fiber optic,No,No,One year,Yes,Bank transfer (automatic),74.25,1701.09,No
1491-WXYZ83,Female,0,No,No,23.0,No,No internet service,No internet service,Month-to-month,Yes,Bank transfer (automatic),20.94,485.9,No
1492-WXYZ25,Male,0,Yes,Yes,11.0,Fiber optic,No,No,Month-to-month,No,Electronic check,72.24,796.08,No
1493-LMNO48,Male,0,No,No,3.0,Fiber optic,No,Yes,Month-to-month,No,Electronic check,66.88,189.92,Yes
1494-WXYZ85,Female,0,No,No,59.0,DSL,Yes,Yes,One year,Yes,Mailed check,63.33,3746.46,No
1495-LMNO49,Male,0,No,No,2.0,Fiber optic,Yes,Yes,Month-to-month,No,Credit card (automatic),85.56,164.58,Yes
1496-WXYZ69,Male,0,No,No,39.0,No,No internet service,No internet service,One year,No,Mailed check,22.15,866.72,No
1497-LMNO19,Male,0,No,No,31.0,Fiber optic,No,No,One year,No,Bank transfer (automatic),71.82,2233.49,No
1498-LMNO73,Male,0,No,No,4.0,Fiber optic,No,Yes,Month-to-month,No,Electronic check,75.65,289.53,Yes
1499-LMNO72,Female,1,No,No,13.0,Fiber optic,No,No,Month-to-month,No,Bank transfer (automatic),72.52,943.92,Yes
1500-ABCD73,Female,0,No,Yes,1.0,Fiber optic,No,No,Month-to-month,No,Bank transfer (automatic),64.2,68.63,No
1501-LMNO30,Male,0,Yes,Yes,3.0,DSL,No,Yes,Month-to-month,No,Bank transfer (automatic),42.03,131.67,Yes
1502-WXYZ77,Female,0,Yes,Yes,25.0,DSL,No,No,Month-to-month,Yes,Credit card (automatic),46.13,1159.33,No
1503-WXYZ95,Female,0,Yes,Yes,13.0,Fiber optic,No,No,Month-to-month,Yes,Electronic check,71.99,940.5,Yes
1504-LMNO94,Male,0,No,No,37.0,Fiber optic,No,No,One year,Yes,Electronic check,63.38,2343.38,No
1505-LMNO95,Male,1,No,No,8.0,Fiber optic,No,No,Month-to-month,Yes,Credit card (automatic),65.04,522.62,No
1506-WXYZ36,Female,0,Yes,Yes,49.0,Fiber optic,No,No,Two year,Yes,Electronic check,75.47,3708.09,No
1507-ABCD49,Female,0,Yes,No,10.0,DSL,Yes,No,Month-to-month,No,Bank transfer (automatic),69.83,704.62,Yes
1508-WXYZ37,Female,0,Yes,No,2.0,DSL,Yes,No,Month-to-month,No,Bank transfer (automatic),51.73,100.13,No
1509-WXYZ72,Female,0,No,No,22.0,DSL,No,Yes,One year,Yes,Bank transfer (automatic),46.29,1023.71,No
1510-WXYZ34,Male,0,No,No,30.0,No,No internet service,No internet service,Two year,No,Electronic check,20.24,613.98,No
1511-WXYZ12,Female,0,No,No,7.0,No,No internet service,No internet service,Month-to-month,Yes,Electronic check,25.06,171.02,Yes
1512-ABCD51,Female,0,Yes,No,29.0,DSL,Yes,No,One year,Yes,Bank transfer (automatic),62.48,1811.81,No
1513-LMNO15,Female,0,No,No,69.0,Fiber optic,No,No,Two year,No,Electronic check,74.15,5114.92,No
1514-LMNO61,Male,0,Yes,No,52.0,No,No internet service,No internet service,Two year,Yes,Bank transfer (automatic),18.0,940.62,No
1515-LMNO98,Male,0,No,No,12.0,DSL,No,No,Month-to-month,No,Mailed check,44.96,537.47,Yes
1516-LMNO59,Male,0,Yes,Yes,52.0,Fiber optic,No,No,Two year,Yes,Mailed check,65.47,3401.29,No
1517-LMNO28,Female,0,No,No,49.0,DSL,No,No,Two year,Yes,Electronic check,40.6,1994.86,No
1518-ABCD60,Male,0,Yes,No,46.0,No,No internet service,No internet service,One year,No,Credit card (automatic),18.0,821.97,No
1519-LMNO21,Male,0,Yes,No,39.0,No,No internet service,No internet service,Two year,Yes,Mailed check,21.14,825.39,No
1520-WXYZ17,Male,0,No,No,63.0,Fiber optic,Yes,No,Two year,No,Mailed check,86.67,5456.56,No
1521-ABCD45,Male,0,Yes,Yes,18.0,No,No internet service,No internet service,Month-to-month,Yes,Credit card (automatic),23.15,422.15,No
1522-ABCD94,Female,1,Yes,No,23.0,No,No internet service,No internet service,Month-to-month,Yes,Bank transfer (automatic),18.0,410.94,No
1523-LMNO18,Female,0,No,No,26.0,Fiber optic,Yes,Yes,Month-to-month,No,Credit card (automatic),91.92,2390.1,No
1524-LMNO24,Female,1,No,No,19.0,No,No internet service,No internet service,Month-to-month,No,Electronic check,18.0,330.04,No
1525-WXYZ91,Male,0,Yes,No,4.0,No,No internet service,No internet service,Month-to-month,Yes,Credit card (automatic),18.0,72.01,No
1526-WXYZ69,Female,0,No,No,37.0,Fiber optic,Yes,No,One year,Yes,Electronic check,86.09,3184.45,No
1527-WXYZ21,Male,1,No,No,2.0,DSL,No,No,Month-to-month,No,Credit card (automatic),41.58,83.52,No
1528-WXYZ16,Male,0,Yes,Yes,57.0,Fiber optic,Yes,No,One year,Yes,Credit card (automatic),87.66,5003.13,No
1529-LMNO12,Male,0,Yes,No,62.0,DSL,No,No,Two year,Yes,Electronic check,41.71,2589.01,No
1530-LMNO49,Male,0,Yes,No,5.0,No,No internet service,No internet service,Month-to-month,No,Mailed check,18.0,91.98,No
1531-WXYZ42,Male,1,No,No,41.0,DSL,No,No,Two year,Yes,Bank transfer (automatic),41.7,1706.01,No
1532-ABCD17,Female,1,Yes,Yes,22.0,Fiber optic,No,Yes,Month-to-month,Yes,Electronic check,66.34,1470.17,Yes
1533-ABCD41,Female,0,Yes,Yes,72.0,No,No internet service,No internet service,Two year,Yes,Bank transfer (automatic),19.99,1430.09,No
1534-LMNO13,Female,0,No,No,60.0,No,No internet service,No internet service,Two year,No,Electronic check,21.2,1266.02,No
1535-WXYZ79,Male,0,No,No,6.0,Fiber optic,Yes,Yes,Month-to-month,No,Credit card (automatic),81.33,484.16,Yes
1536-WXYZ28,Male,0,Yes,No,26.0,No,No internet service,No internet service,Month-to-month,No,Electronic check,18.0,468.95,Yes
1537-ABCD21,Male,1,No,No,5.0,Fiber optic,No,No,Month-to-month,Yes,Bank transfer (automatic),72.49,362.67,Yes
1538-LMNO55,Female,0,Yes,Yes,63.0,Fiber optic,No,Yes,Two year,Yes,Electronic check,71.94,4528.45,No
1539-LMNO25,Female,0,Yes,No,69.0,DSL,No,No,Two year,Yes,Electronic check,48.57,3352.21,No
1540-ABCD72,Female,0,No,No,2.0,DSL,No,Yes,Month-to-month,Yes,Mailed check,39.78,85.35,No
1541-ABCD30,Male,0,No,No,52.0,DSL,No,No,One year,Yes,Mailed check,40.87,2125.52,No
1542-WXYZ22,Female,1,Yes,Yes,4.0,Fiber optic,No,Yes,Month-to-month,Yes,Electronic check,74.12,290.18,Yes
1543-WXYZ13,Male,0,No,No,29.0,Fiber optic,Yes,No,Month-to-month,No,Credit card (automatic),89.48,2594.4,No
1544-WXYZ68,Female,0,No,No,51.0,No,No internet service,No internet service,Two year,No,Electronic check,18.0,913.91,No
1545-LMNO36,Female,1,Yes,No,7.0,Fiber optic,No,Yes,Month-to-month,Yes,Bank transfer (automatic),65.24,449.69,Yes
1546-ABCD34,Female,0,No,No,51.0,Fiber optic,No,Yes,Two year,No,Mailed check,66.49,3391.18,No
1547-LMNO77,Female,0,Yes,No,58.0,No,No internet service,No internet service,Two year,No,Mailed check,18.0,1039.48,No
1548-ABCD29,Male,0,No,Yes,47.0,DSL,No,No,Two year,Yes,Electronic check,48.99,2300.88,No
1549-WXYZ35,Female,0,No,No,4.0,Fiber optic,Yes,Yes,Month-to-month,Yes,Bank transfer (automatic),88.56,356.35,Yes
1550-WXYZ14,Female,0,Yes,Yes,19.0,Fiber optic,No,No,Month-to-month,No,Mailed check,70.41,1339.39,Yes
1551-LMNO70,Male,1,Yes,No,10.0,No,No internet service,No internet service,Month-to-month,Yes,Electronic check,18.0,186.02,No
1552-ABCD18,Male,0,Yes,Yes,37.0,No,No internet service,No internet service,One year,Yes,Electronic check,18.0,657.4,No
1553-WXYZ59,Male,1,Yes,Yes,35.0,Fiber optic,Yes,No,One year,Yes,Electronic check,81.92,2866.18,No
1554-WXYZ92,Male,0,Yes,No,1.0,DSL,No,No,Month-to-month,Yes,Electronic check,40.56,45.62,No
1555-ABCD20,Male,0,Yes,Yes,57.0,Fiber optic,No,No,Two year,No,Electronic check,71.13,4046.01,No
1556-WXYZ56,Female,0,No,No,14.0,No,No internet service,No internet service,Month-to-month,No,Electronic check,23.81,332.49,No
1557-ABCD94,Male,0,Yes,No,16.0,Fiber optic,No,No,Month-to-month,Yes,Bank transfer (automatic),73.97,1184.52,Yes
1558-WXYZ95,Male,0,No,No,1.0,DSL,No,Yes,Month-to-month,No,Electronic check,40.58,35.1,Yes
1559-LMNO85,Female,1,No,No,1.0,DSL,No,Yes,Month-to-month,No,Mailed check,42.01,38.63,No
1560-WXYZ30,Female,0,Yes,Yes,1.0,DSL,No,No,Month-to-month,No,Electronic check,42.23,36.28,Yes
1561-WXYZ71,Female,0,No,No,57.0,No,No internet service,No internet service,Month-to-month,Yes,Bank transfer (automatic),25.1,1432.09,Yes
1562-ABCD94,Male,0,Yes,Yes,56.0,DSL,Yes,Yes,Two year,Yes,Mailed check,53.33,2973.98,No
1563-LMNO61,Female,0,Yes,No,48.0,No,No internet service,No internet service,Two year,Yes,Bank transfer (automatic),19.99,955.69,No
1564-WXYZ50,Female,0,No,No,4.0,Fiber optic,Yes,Yes,Month-to-month,Yes,Bank transfer (automatic),80.63,318.92,Yes
1565-LMNO56,Male,0,Yes,Yes,30.0,Fiber optic,No,No,One year,Yes,Bank transfer (automatic),69.04,2075.74,No
1566-WXYZ67,Male,0,No,No,52.0,DSL,Yes,Yes,One year,Yes,Electronic check,63.47,3292.63,No
1567-LMNO66,Female,0,No,Yes,24.0,DSL,No,Yes,Month-to-month,Yes,Mailed check,43.38,1047.6,Yes
1568-LMNO57,Female,0,No,No,27.0,DSL,No,Yes,One year,Yes,Electronic check,41.23,1116.95,No
1569-WXYZ26,Female,0,No,No,45.0,No,No internet service,No internet service,One year,No,Credit card (automatic),23.74,1073.53,No
1570-ABCD20,Female,0,No,No,51.0,DSL,No,No,One year,Yes,Bank transfer (automatic),45.65,2326.02,No
1571-WXYZ24,Female,0,Yes,No,45.0,No,No internet service,No internet service,One year,No,Mailed check,22.41,1006.35,No
1572-LMNO44,Female,0,Yes,Yes,46.0,DSL,Yes,Yes,One year,No,Credit card (automatic),61.32,2816.79,No
1573-ABCD93,Male,0,No,No,7.0,Fiber optic,No,Yes,Month-to-month,Yes,Mailed check,63.93,450.41,Yes
1574-ABCD25,Male,1,Yes,Yes,43.0,Fiber optic,No,Yes,Two year,Yes,Electronic check,76.53,3289.03,No
1575-WXYZ75,Male,0,Yes,No,13.0,No,No internet service,No internet service,Month-to-month,No,Electronic check,19.01,243.09,Yes
1576-LMNO49,Female,0,Yes,Yes,46.0,Fiber optic,No,No,Two year,Yes,Mailed check,74.21,3411.89,No
1577-LMNO48,Female,1,No,No,38.0,Fiber optic,No,Yes,Month-to-month,No,Credit card (automatic),68.25,2595.36,Yes
1578-WXYZ82,Female,0,Yes,No,10.0,Fiber optic,No,No,Month-to-month,No,Credit card (automatic),72.83,721.98,Yes
1579-ABCD81,Male,0,No,No,41.0,Fiber optic,No,No,One year,Yes,Bank transfer (automatic),75.05,3072.29,No
1580-LMNO96,Female,0,Yes,Yes,11.0,DSL,Yes,Yes,Month-to-month,Yes,Mailed check,64.41,715.26,Yes
1581-LMNO76,Male,0,Yes,Yes,59.0,Fiber optic,Yes,Yes,Two year,Yes,Bank transfer (automatic),85.53,5041.74,No
1582-WXYZ34,Male,0,Yes,Yes,32.0,DSL,Yes,Yes,Month-to-month,No,Bank transfer (automatic),58.3,1872.84,No
1583-LMNO47,Female,0,Yes,Yes,18.0,Fiber optic,Yes,Yes,One year,No,Mailed check,77.96,1400.64,No
1584-LMNO72,Female,0,No,No,2.0,DSL,Yes,Yes,Month-to-month,No,Mailed check,53.81,100.84,No
1585-ABCD66,Female,0,Yes,Yes,9.0,No,No internet service,No internet service,Month-to-month,Yes,Bank transfer (automatic),25.58,237.07,No
1586-ABCD62,Male,0,Yes,Yes,,DSL,Yes,No,Month-to-month,Yes,Credit card (automatic),55.88,1573.37,No
1587-WXYZ23,Male,0,No,Yes,42.0,DSL,Yes,Yes,One year,Yes,Credit card (automatic),64.02,2685.94,No
1588-ABCD48,Male,0,No,No,38.0,Fiber optic,Yes,No,One year,No,Electronic check,89.57,3409.12,No
1589-ABCD86,Male,0,Yes,No,27.0,No,No internet service,No internet service,One year,Yes,Electronic check,22.28,602.08,No
1590-LMNO91,Female,0,Yes,No,51.0,Fiber optic,No,Yes,Two year,Yes,Credit card (automatic),71.96,3670.75,No
1591-LMNO15,Female,0,No,No,39.0,Fiber optic,No,No,One year,No,Credit card (automatic),64.17,2504.2,Yes
1592-LMNO32,Female,0,No,No,52.0,No,No internet service,No internet service,Two year,Yes,Mailed check,18.0,936.1,No
1593-LMNO55,Male,0,Yes,No,3.0,No,No internet service,No internet service,Month-to-month,Yes,Bank transfer (automatic),18.0,54.51,No
1594-WXYZ23,Female,0,Yes,No,2.0,No,No internet service,No internet service,Month-to-month,Yes,Credit card (automatic),28.26,56.55,Yes
1595-ABCD81,Male,1,Yes,Yes,2.0,No,No internet service,No internet service,Month-to-month,Yes,Credit card (automatic),26.87,,No
1596-WXYZ44,Female,0,Yes,Yes,1.0,No,No internet service,No internet service,Month-to-month,No,Bank transfer (automatic),20.19,16.65,No
1597-LMNO39,Male,1,No,No,11.0,DSL,No,No,Month-to-month,Yes,Electronic check,51.47,560.42,Yes
1598-LMNO87,Male,0,No,Yes,13.0,Fiber optic,No,Yes,Month-to-month,Yes,Bank transfer (automatic),65.33,839.86,Yes
1599-LMNO93,Female,0,Yes,No,25.0,No,No internet service,No internet service,One year,Yes,Electronic check,18.15,453.29,No
1600-ABCD34,Female,0,No,Yes,39.0,No,No internet service,No internet service,One year,Yes,Credit card (automatic),27.94,1085.45,No
1601-WXYZ35,Male,0,Yes,Yes,72.0,Fiber optic,Yes,No,Two year,Yes,Electronic check,95.51,6868.53,No
1602-WXYZ96,Male,1,Yes,No,54.0,DSL,No,No,Two year,Yes,Bank transfer (automatic),48.86,2634.33,No
1603-WXYZ57,Female,0,Yes,No,25.0,Fiber optic,Yes,Yes,Month-to-month,No,Bank transfer (automatic),77.05,1923.59,Yes
1604-ABCD92,Male,0,Yes,No,17.0,No,No internet service,No internet service,Month-to-month,Yes,Bank transfer (automatic),26.75,452.0,Yes
1605-WXYZ60,Male,0,No,Yes,4.0,DSL,No,No,Month-to-month,No,Mailed check,43.66,181.6,No
1606-LMNO51,Male,1,Yes,Yes,1.0,Fiber optic,No,No,Month-to-month,Yes,Electronic check,73.61,70.63,Yes
1607-LMNO82,Male,0,Yes,No,13.0,Fiber optic,Yes,No,Month-to-month,No,Bank transfer (automatic),85.5,1118.73,No
1608-ABCD80,Female,0,No,No,41.0,No,No internet service,No internet service,One year,Yes,Mailed check,25.03,1022.47,No
1609-WXYZ72,Female,0,No,No,1.0,DSL,No,No,Month-to-month,Yes,Electronic check,45.23,47.64,Yes
1610-ABCD28,Female,0,No,No,36.0,Fiber optic,No,No,One year,No,Credit card (automatic),83.64,3006.04,No
1611-LMNO23,Female,0,No,No,13.0,DSL,Yes,Yes,One year,Yes,Bank transfer (automatic),64.83,851.37,No
1612-WXYZ62,Male,1,Yes,No,,Fiber optic,Yes,No,Month-to-month,Yes,Bank transfer (automatic),78.71,1029.36,Yes
1613-ABCD45,Male,0,No,No,31.0,Fiber optic,Yes,Yes,Month-to-month,Yes,Mailed check,76.61,2378.65,No
1614-ABCD39,Male,0,No,No,72.0,DSL,No,Yes,Two year,Yes,Bank transfer (automatic),36.67,2650.13,No
1615-ABCD73,Male,0,No,No,4.0,DSL,Yes,No,Month-to-month,Yes,Bank transfer (automatic),62.97,256.23,Yes
1616-ABCD61,Male,0,No,No,13.0,Fiber optic,No,No,Month-to-month,Yes,Bank transfer (automatic),74.81,974.72,No
1617-ABCD23,Female,0,Yes,No,6.0,DSL,No,No,Month-to-month,No,Credit card (automatic),31.94,184.86,No
1618-LMNO62,Female,1,No,No,23.0,Fiber optic,No,No,Month-to-month,No,Mailed check,76.11,1738.75,No
1619-LMNO68,Male,0,Yes,Yes,5.0,No,No internet service,No internet service,Month-to-month,No,Bank transfer (automatic),21.75,102.28,Yes
1620-WXYZ50,Female,1,Yes,Yes,65.0,Fiber optic,Yes,No,Two year,Yes,Credit card (automatic),93.09,6042.42,No
1621-LMNO77,Female,0,Yes,No,7.0,Fiber optic,No,Yes,Month-to-month,Yes,Mailed check,65.16,452.12,Yes
1622-WXYZ95,Female,0,No,No,6.0,Fiber optic,Yes,Yes,Month-to-month,No,Mailed check,86.45,524.17,No
1623-ABCD64,Female,0,Yes,No,19.0,Fiber optic,No,No,Month-to-month,Yes,Credit card (automatic),71.42,1351.65,Yes
1624-ABCD71,Female,0,No,Yes,54.0,Fiber optic,Yes,No,Two year,No,Electronic check,81.13,4378.71,No
1625-ABCD57,Female,0,Yes,No,7.0,Fiber optic,No,No,Month-to-month,Yes,Electronic check,63.65,445.83,No
1626-WXYZ21,Female,0,No,No,14.0,DSL,No,Yes,Month-to-month,Yes,Mailed check,49.66,695.7,No
1627-LMNO20,Female,0,Yes,Yes,39.0,Fiber optic,No,No,One year,No,Electronic check,71.15,2771.88,No
1628-WXYZ59,Male,0,No,No,27.0,Fiber optic,No,Yes,Month-to-month,No,Credit card (automatic),71.97,1949.13,No
1629-ABCD30,Male,1,No,No,8.0,No,No internet service,No internet service,Month-to-month,No,Electronic check,26.81,214.6,Yes
1630-ABCD57,Female,0,Yes,Yes,1.0,Fiber optic,Yes,No,Month-to-month,No,Electronic check,84.8,85.65,Yes
1631-ABCD76,Male,1,Yes,Yes,64.0,No,No internet service,No internet service,Two year,No,Credit card (automatic),21.57,1392.86,No
1632-ABCD82,Male,0,No,Yes,34.0,Fiber optic,Yes,No,Two year,Yes,Electronic check,86.76,2958.53,No
1633-ABCD18,Female,0,No,No,6.0,Fiber optic,No,Yes,Month-to-month,No,Bank transfer (automatic),71.9,431.5,Yes
1634-LMNO90,Male,0,No,No,2.0,DSL,No,No,Month-to-month,No,Credit card (automatic),37.96,78.65,Yes
1635-WXYZ97,Female,0,Yes,Yes,1.0,Fiber optic,Yes,No,Month-to-month,No,Credit card (automatic),84.9,80.29,Yes
1636-ABCD17,Female,0,No,No,38.0,No,No internet service,No internet service,One year,Yes,Bank transfer (automatic),25.79,969.58,No
1637-ABCD96,Female,0,Yes,Yes,42.0,Fiber optic,No,No,One year,No,Electronic check,69.36,2916.53,Yes
1638-LMNO49,Male,0,No,No,51.0,DSL,No,No,Two year,Yes,Electronic check,42.64,2169.35,No
1639-WXYZ85,Male,0,No,Yes,44.0,DSL,Yes,No,One year,Yes,Electronic check,64.84,2855.78,No
1640-WXYZ56,Female,0,Yes,No,50.0,Fiber optic,No,Yes,Two year,Yes,Electronic check,70.07,3514.24,No
1641-LMNO28,Female,0,No,No,57.0,DSL,No,No,Two year,Yes,Mailed check,41.85,2376.07,No
1642-WXYZ61,Female,0,No,Yes,57.0,DSL,Yes,No,Two year,Yes,Mailed check,55.69,3162.93,No
1643-ABCD31,Male,0,No,No,18.0,DSL,Yes,No,Month-to-month,No,Mailed check,59.73,1070.55,Yes
1644-ABCD60,Male,0,Yes,No,34.0,No,No internet service,No internet service,Month-to-month,No,Electronic check,18.0,616.05,No
1645-WXYZ29,Female,0,Yes,No,2.0,Fiber optic,No,Yes,Month-to-month,Yes,Mailed check,74.51,155.27,Yes
1646-ABCD38,Male,0,No,No,18.0,DSL,No,No,Month-to-month,No,Electronic check,41.2,745.64,No
1647-LMNO13,Female,0,Yes,Yes,,Fiber optic,No,No,One year,Yes,Electronic check,71.39,3499.55,No
1648-LMNO80,Male,0,Yes,No,,Fiber optic,No,Yes,Month-to-month,Yes,Bank transfer (automatic),72.1,216.38,Yes
1649-WXYZ85,Male,0,No,No,42.0,Fiber optic,No,No,One year,Yes,Bank transfer (automatic),73.16,3073.34,No
1650-ABCD76,Male,0,Yes,Yes,2.0,No,No internet service,No internet service,Month-to-month,No,Credit card (automatic),27.85,61.62,No
1651-WXYZ75,Male,0,No,No,26.0,DSL,Yes,Yes,One year,Yes,Credit card (automatic),53.24,1381.02,No
1652-WXYZ64,Female,0,Yes,Yes,2.0,Fiber optic,No,No,Month-to-month,Yes,Bank transfer (automatic),73.04,146.29,Yes
1653-ABCD10,Female,0,Yes,Yes,9.0,Fiber optic,No,No,Month-to-month,Yes,Bank transfer (automatic),73.11,652.22,Yes
1654-LMNO47,Male,0,No,No,21.0,Fiber optic,No,Yes,Month-to-month,No,Electronic check,64.57,1357.77,Yes
1655-WXYZ95,Female,0,No,No,63.0,Fiber optic,No,No,Two year,No,Electronic check,71.3,4491.99,No
1656-ABCD91,Male,0,No,No,19.0,Fiber optic,Yes,No,Month-to-month,Yes,Credit card (automatic),82.9,1588.03,No
1657-ABCD70,Female,0,No,No,10.0,Fiber optic,No,No,Month-to-month,Yes,Electronic check,77.01,762.71,Yes
1658-WXYZ36,Male,0,No,No,12.0,Fiber optic,No,No,Month-to-month,No,Mailed check,67.16,810.61,Yes
1659-LMNO74,Female,0,Yes,No,30.0,DSL,Yes,No,One year,No,Electronic check,58.92,1765.04,No
1660-ABCD49,Female,0,Yes,Yes,1.0,No,No internet service,No internet service,Month-to-month,Yes,Electronic check,18.1,22.22,No
1661-WXYZ44,Female,0,Yes,Yes,42.0,Fiber optic,No,Yes,Two year,No,Bank transfer (automatic),65.81,2767.76,No
1662-ABCD93,Female,1,No,No,1.0,No,No internet service,No internet service,Month-to-month,No,Electronic check,18.0,16.55,Yes
1663-ABCD22,Female,1,Yes,Yes,5.0,Fiber optic,No,No,Month-to-month,Yes,Mailed check,65.84,324.04,Yes
1664-ABCD58,Female,0,Yes,Yes,26.0,DSL,No,No,One year,Yes,Electronic check,45.72,1183.44,No
1665-WXYZ71,Female,0,Yes,Yes,5.0,Fiber optic,No,Yes,Month-to-month,Yes,Bank transfer (automatic),71.41,357.58,Yes
1666-LMNO29,Female,0,Yes,No,62.0,No,No internet service,No internet service,Two year,No,Bank transfer (automatic),24.06,1488.11,No
1667-ABCD48,Female,0,Yes,No,29.0,No,No internet service,No internet service,Month-to-month,Yes,Mailed check,25.25,731.1,Yes
1668-ABCD58,Male,0,No,No,71.0,No,No internet service,No internet service,Two year,Yes,Bank transfer (automatic),22.0,1555.79,No
1669-WXYZ63,Female,1,Yes,Yes,36.0,No,No internet service,No internet service,One year,No,Electronic check,23.98,865.82,No
1670-WXYZ18,Male,0,No,No,70.0,DSL,No,No,Two year,No,Bank transfer (automatic),47.62,3328.94,No
1671-ABCD58,Female,0,No,No,8.0,Fiber optic,No,No,Month-to-month,Yes,Bank transfer (automatic),64.49,513.84,Yes
1672-ABCD26,Male,0,Yes,Yes,5.0,DSL,No,Yes,Month-to-month,Yes,Credit card (automatic),46.91,241.13,No
1673-ABCD60,Female,0,No,No,23.0,Fiber optic,Yes,No,One year,Yes,Electronic check,85.06,1957.12,No
1674-LMNO48,Male,1,Yes,No,12.0,Fiber optic,Yes,No,One year,No,Electronic check,82.18,989.94,No
1675-LMNO50,Male,1,No,No,1.0,DSL,No,No,Month-to-month,No,Electronic check,45.06,40.28,Yes
1676-LMNO22,Male,0,No,Yes,1.0,DSL,No,No,Month-to-month,Yes,Electronic check,46.79,48.17,Yes
1677-LMNO28,Female,0,No,No,8.0,Fiber optic,Yes,No,Month-to-month,Yes,Electronic check,83.99,674.08,Yes
1678-LMNO86,Male,0,No,No,40.0,DSL,No,No,One year,No,Electronic check,49.96,1993.57,Yes
1679-LMNO55,Male,0,Yes,No,3.0,DSL,Yes,No,Month-to-month,Yes,Mailed check,61.71,185.44,Yes
1680-ABCD10,Female,0,Yes,Yes,1.0,Fiber optic,No,Yes,Month-to-month,No,Credit card (automatic),74.37,72.27,Yes
1681-LMNO85,Female,0,No,Yes,3.0,Fiber optic,No,No,Month-to-month,Yes,Electronic check,76.28,230.2,Yes
1682-ABCD21,Male,0,Yes,Yes,5.0,No,No internet service,No internet service,Month-to-month,No,Credit card (automatic),18.02,83.48,No
1683-ABCD42,Male,0,Yes,Yes,1.0,No,No internet service,No internet service,Month-to-month,Yes,Credit card (automatic),18.0,12.75,No
1684-ABCD78,Male,0,Yes,No,50.0,Fiber optic,No,No,Two year,Yes,Credit card (automatic),75.78,3782.03,No
1685-ABCD55,Female,0,No,No,1.0,Fiber optic,No,No,Month-to-month,Yes,Credit card (automatic),66.15,60.4,No
1686-LMNO39,Male,1,Yes,No,44.0,Fiber optic,No,No,Two year,No,Bank transfer (automatic),69.51,3055.31,No
1687-ABCD56,Male,1,No,No,19.0,Fiber optic,Yes,Yes,Month-to-month,Yes,Bank transfer (automatic),82.56,1571.2,No
1688-LMNO58,Male,1,Yes,Yes,22.0,Fiber optic,Yes,Yes,Month-to-month,Yes,Mailed check,80.05,1761.56,Yes
1689-LMNO93,Male,0,Yes,No,2.0,No,No internet service,No internet service,Month-to-month,No,Mailed check,22.49,45.42,Yes
1690-WXYZ27,Female,0,No,No,22.0,No,No internet service,No internet service,One year,No,Credit card (automatic),18.66,405.64,No
1691-WXYZ77,Male,0,Yes,Yes,39.0,No,No internet service,No internet service,One year,No,Mailed check,18.0,701.89,No
1692-WXYZ42,Male,0,No,No,19.0,Fiber optic,No,Yes,Month-to-month,Yes,Electronic check,74.63,1424.25,No
1693-LMNO45,Male,0,Yes,Yes,39.0,Fiber optic,No,No,Month-to-month,No,Bank transfer (automatic),63.38,2473.3,No
1694-WXYZ28,Male,0,Yes,No,47.0,DSL,No,Yes,Two year,Yes,Bank transfer (automatic),44.26,2084.27,No
1695-LMNO37,Male,0,Yes,Yes,63.0,DSL,No,Yes,Two year,Yes,Credit card (automatic),49.45,3112.82,No
1696-ABCD85,Female,1,No,No,1.0,Fiber optic,No,No,Month-to-month,Yes,Electronic check,74.58,72.18,Yes
1697-WXYZ24,Female,0,No,No,42.0,DSL,No,No,One year,Yes,Bank transfer (automatic),47.14,1982.49,No
1698-ABCD48,Female,0,No,No,13.0,DSL,No,No,Month-to-month,Yes,Electronic check,40.6,523.11,No
1699-WXYZ72,Female,0,Yes,Yes,4.0,No,No internet service,No internet service,Month-to-month,Yes,Credit card (automatic),20.8,82.6,No
1700-ABCD83,Female,0,No,No,1.0,DSL,Yes,No,Month-to-month,No,Electronic check,61.78,62.71,Yes
1701-WXYZ60,Male,1,No,No,8.0,No,No internet service,No internet service,Month-to-month,Yes,Credit card (automatic),18.0,142.05,No
1702-LMNO86,Female,0,No,No,60.0,Fiber optic,No,No,Two year,Yes,Electronic check,71.88,4308.58,No
1703-WXYZ23,Female,1,No,No,16.0,DSL,No,No,Month-to-month,Yes,Electronic check,37.61,598.51,No
1704-WXYZ60,Female,0,No,No,27.0,Fiber optic,No,Yes,One year,No,Electronic check,61.23,1646.32,Yes
1705-WXYZ82,Female,0,Yes,No,52.0,Fiber optic,No,Yes,Two year,Yes,Electronic check,66.79,3474.47,No
1706-ABCD48,Male,0,No,No,1.0,Fiber optic,Yes,No,Month-to-month,Yes,Bank transfer (automatic),88.47,92.64,No
1707-LMNO93,Female,0,Yes,Yes,3.0,Fiber optic,Yes,No,Month-to-month,Yes,Electronic check,89.3,265.38,Yes
1708-WXYZ36,Female,0,No,Yes,66.0,No,No internet service,No internet service,Two year,No,Mailed check,18.0,1201.69,No
1709-ABCD11,Female,0,Yes,No,7.0,Fiber optic,No,No,Month-to-month,Yes,Electronic check,77.34,537.59,Yes
1710-ABCD47,Male,0,Yes,No,14.0,No,No internet service,No internet service,Month-to-month,Yes,Credit card (automatic),20.45,282.59,No
1711-LMNO25,Male,0,Yes,Yes,5.0,Fiber optic,Yes,Yes,Month-to-month,Yes,Electronic check,77.26,390.15,Yes
1712-WXYZ49,Male,0,Yes,No,9.0,Fiber optic,No,No,Month-to-month,No,Mailed check,71.52,646.78,No
1713-WXYZ90,Female,1,Yes,Yes,43.0,DSL,Yes,Yes,Two year,Yes,Bank transfer (automatic),66.36,2856.83,No
1714-ABCD21,Male,0,No,Yes,37.0,Fiber optic,Yes,Yes,One year,No,Credit card (automatic),82.58,3060.82,No
1715-LMNO74,Male,0,No,No,11.0,DSL,No,No,Month-to-month,Yes,Credit card (automatic),49.89,544.13,No
1716-LMNO54,Female,0,No,No,6.0,Fiber optic,No,No,Month-to-month,No,Credit card (automatic),77.21,465.12,Yes
1717-LMNO94,Male,1,No,No,61.0,No,No internet service,No internet service,Two year,No,Electronic check,20.2,1225.2,No
1718-WXYZ58,Female,1,Yes,No,1.0,Fiber optic,Yes,No,Month-to-month,No,Credit card (automatic),81.27,86.6,Yes
1719-LMNO34,Male,0,No,No,8.0,DSL,No,Yes,Month-to-month,Yes,Bank transfer (automatic),50.85,411.78,No
1720-LMNO33,Female,0,Yes,No,65.0,Fiber optic,Yes,No,Two year,Yes,Credit card (automatic),90.83,5909.17,No
1721-ABCD47,Female,0,No,No,50.0,DSL,Yes,No,Two year,Yes,Electronic check,53.71,2685.24,No
1722-ABCD63,Female,1,Yes,No,18.0,DSL,No,Yes,Month-to-month,No,Credit card (automatic),44.49,805.96,Yes
1723-LMNO27,Female,1,Yes,Yes,3.0,Fiber optic,Yes,Yes,Month-to-month,No,Mailed check,88.6,266.64,Yes
1724-LMNO54,Male,1,Yes,Yes,8.0,Fiber optic,No,Yes,Month-to-month,Yes,Bank transfer (automatic),73.88,597.96,Yes
1725-LMNO82,Male,0,Yes,Yes,33.0,DSL,No,No,Month-to-month,No,Mailed check,43.55,1435.61,No
1726-ABCD39,Male,0,Yes,No,39.0,No,No internet service,No internet service,One year,Yes,Mailed check,18.0,700.39,No
1727-WXYZ41,Female,1,Yes,Yes,10.0,Fiber optic,Yes,No,Month-to-month,No,Mailed check,92.85,930.64,No
1728-LMNO76,Female,0,No,No,,No,No internet service,No internet service,Month-to-month,Yes,Mailed check,20.45,,No
1729-LMNO50,Male,0,No,No,1.0,DSL,No,Yes,Month-to-month,Yes,Credit card (automatic),44.11,42.93,No
1730-LMNO32,Female,0,Yes,No,58.0,DSL,No,No,Two year,Yes,Bank transfer (automatic),42.06,2439.23,No
1731-LMNO57,Male,1,Yes,No,8.0,No,No internet service,No internet service,Month-to-month,No,Bank transfer (automatic),18.99,145.24,Yes
1732-WXYZ66,Female,0,No,No,5.0,DSL,Yes,Yes,Month-to-month,No,Electronic check,52.13,261.14,Yes
1733-WXYZ42,Female,0,Yes,No,45.0,No,No internet service,No internet service,Two year,Yes,Credit card (automatic),24.99,1127.02,No
1734-LMNO43,Male,0,No,No,30.0,DSL,Yes,Yes,Month-to-month,Yes,Bank transfer (automatic),58.65,1763.68,No
1735-ABCD16,Male,0,Yes,No,4.0,Fiber optic,Yes,No,Month-to-month,Yes,Electronic check,74.5,290.51,Yes
1736-ABCD65,Male,0,No,No,9.0,DSL,Yes,Yes,Month-to-month,Yes,Bank transfer (automatic),55.08,500.79,No
1737-ABCD74,Female,0,No,No,10.0,No,No internet service,No internet service,Month-to-month,Yes,Electronic check,24.79,237.52,Yes
1738-LMNO29,Female,0,No,No,8.0,No,No internet service,No internet service,Month-to-month,Yes,Electronic check,19.29,149.79,No
1739-LMNO38,Male,0,No,No,7.0,Fiber optic,Yes,No,Month-to-month,Yes,Mailed check,81.06,577.63,No
1740-WXYZ69,Male,1,Yes,No,4.0,Fiber optic,No,No,Month-to-month,No,Mailed check,70.66,283.41,No
1741-WXYZ44,Male,0,Yes,No,28.0,DSL,No,No,Month-to-month,No,Electronic check,43.51,1213.05,No
1742-LMNO20,Female,0,No,Yes,7.0,DSL,No,Yes,Month-to-month,Yes,Mailed check,45.55,312.04,No
1743-ABCD47,Female,1,No,No,9.0,Fiber optic,Yes,Yes,Month-to-month,No,Credit card (automatic),86.6,773.07,No
1744-ABCD17,Male,0,Yes,No,12.0,Fiber optic,No,Yes,Month-to-month,Yes,Electronic check,65.92,786.3,Yes
1745-WXYZ57,Female,0,No,No,1.0,DSL,Yes,No,Month-to-month,No,Electronic check,57.12,61.99,Yes
1746-WXYZ74,Female,0,Yes,No,56.0,DSL,Yes,No,Two year,Yes,Credit card (automatic),56.33,3157.22,No
1747-LMNO13,Male,0,Yes,Yes,12.0,No,No internet service,No internet service,Month-to-month,No,Electronic check,18.0,221.34,Yes
1748-ABCD59,Male,0,No,No,17.0,No,No internet service,No internet service,Month-to-month,Yes,Bank transfer (automatic),18.0,300.71,No
1749-ABCD39,Female,0,Yes,Yes,54.0,Fiber optic,No,No,One year,Yes,Electronic check,68.55,3691.73,Yes
1750-LMNO76,Female,0,No,Yes,24.0,No,No internet service,No internet service,Month-to-month,No,Mailed check,18.0,435.2,No
1751-LMNO54,Male,0,Yes,Yes,50.0,DSL,No,No,One year,Yes,Mailed check,45.8,2289.68,No
1752-WXYZ36,Male,0,Yes,Yes,30.0,No,No internet service,No internet service,One year,Yes,Credit card (automatic),18.43,548.92,No
1753-WXYZ73,Male,0,No,No,45.0,Fiber optic,No,Yes,One year,No,Mailed check,66.47,2996.13,No
1754-LMNO60,Female,0,No,Yes,21.0,Fiber optic,No,Yes,One year,No,Bank transfer (automatic),60.37,1274.26,No
1755-WXYZ15,Male,0,Yes,No,1.0,DSL,No,No,Month-to-month,Yes,Credit card (automatic),40.48,49.1,No
1756-LMNO24,Male,0,Yes,No,18.0,No,No internet service,No internet service,One year,Yes,Credit card (automatic),18.18,322.08,No
1757-ABCD39,Female,0,Yes,No,15.0,No,No internet service,No internet service,Month-to-month,Yes,Electronic check,24.79,378.0,No
1758-WXYZ46,Female,0,Yes,Yes,1.0,DSL,Yes,No,Month-to-month,No,Credit card (automatic),59.65,61.6,No
1759-WXYZ44,Male,0,No,No,66.0,Fiber optic,Yes,No,Two year,Yes,Mailed check,77.43,5107.27,No
1760-LMNO15,Male,1,No,No,2.0,DSL,No,Yes,Month-to-month,No,Bank transfer (automatic),45.49,97.03,No
1761-WXYZ82,Female,1,Yes,No,38.0,No,No internet service,No internet service,Two year,Yes,Mailed check,18.0,679.57,No
1762-ABCD38,Male,0,Yes,Yes,1.0,DSL,No,Yes,Month-to-month,Yes,Mailed check,47.85,44.71,Yes
1763-ABCD68,Male,0,No,No,61.0,DSL,No,No,Month-to-month,Yes,Electronic check,37.69,2303.61,No
1764-LMNO26,Female,0,No,No,4.0,Fiber optic,No,No,Month-to-month,Yes,Bank transfer (automatic),76.06,301.16,Yes
1765-ABCD31,Male,1,No,No,19.0,DSL,Yes,No,One year,No,Mailed check,62.24,1184.59,No
1766-ABCD46,Female,0,No,No,15.0,DSL,Yes,No,Month-to-month,Yes,Electronic check,58.96,881.91,Yes
1767-ABCD58,Female,0,Yes,No,2.0,No,No internet service,No internet service,Month-to-month,No,Mailed check,18.0,36.87,No
1768-ABCD43,Male,0,No,No,25.0,DSL,Yes,No,Month-to-month,Yes,Credit card (automatic),52.7,1318.73,No
1769-ABCD95,Male,0,No,No,45.0,DSL,No,Yes,One year,Yes,Bank transfer (automatic),48.43,2174.56,No
1770-ABCD96,Female,1,No,No,5.0,No,No internet service,No internet service,Month-to-month,Yes,Mailed check,24.02,121.14,Yes
1771-LMNO12,Female,0,Yes,No,53.0,Fiber optic,Yes,Yes,Two year,No,Credit card (automatic),90.21,4778.5,No
1772-WXYZ41,Female,0,Yes,Yes,1.0,Fiber optic,No,Yes,Month-to-month,No,Bank transfer (automatic),78.34,73.56,Yes
1773-ABCD60,Female,0,Yes,Yes,8.0,DSL,Yes,No,Month-to-month,Yes,Electronic check,63.75,504.43,Yes
1774-WXYZ94,Male,0,No,No,8.0,Fiber optic,Yes,No,Month-to-month,No,Mailed check,87.04,690.81,Yes
1775-WXYZ30,Female,0,Yes,No,52.0,Fiber optic,No,No,Two year,Yes,Electronic check,81.94,4257.85,No
1776-LMNO77,Male,0,Yes,No,18.0,No,No internet service,No internet service,Month-to-month,No,Bank transfer (automatic),18.0,326.87,No
1777-LMNO10,Male,0,No,No,1.0,DSL,No,Yes,Month-to-month,No,Credit card (automatic),44.5,37.68,No
1778-LMNO33,Male,0,Yes,Yes,30.0,Fiber optic,Yes,No,One year,No,Mailed check,77.29,2319.12,No
1779-ABCD22,Male,0,Yes,No,8.0,Fiber optic,Yes,No,Month-to-month,No,Mailed check,88.12,706.83,Yes
1780-LMNO20,Female,0,Yes,No,59.0,Fiber optic,Yes,No,One year,No,Mailed check,83.98,4959.82,No
1781-LMNO26,Male,0,Yes,No,1.0,DSL,Yes,No,Month-to-month,No,Electronic check,56.9,54.17,No
1782-LMNO91,Male,0,Yes,No,10.0,Fiber optic,No,No,Month-to-month,Yes,Credit card (automatic),67.0,670.81,Yes
1783-WXYZ33,Male,0,No,No,1.0,No,No internet service,No internet service,Month-to-month,Yes,Bank transfer (automatic),18.0,12.22,No
1784-WXYZ28,Female,1,No,No,3.0,DSL,No,No,Month-to-month,No,Electronic check,44.16,,Yes
1785-ABCD94,Female,0,Yes,Yes,59.0,Fiber optic,No,Yes,Two year,No,Credit card (automatic),62.79,3706.42,No
1786-ABCD26,Male,0,Yes,Yes,64.0,Fiber optic,No,Yes,Two year,Yes,Electronic check,63.24,4057.7,No
1787-ABCD45,Male,0,No,No,1.0,DSL,Yes,Yes,Month-to-month,Yes,Credit card (automatic),54.46,57.76,No
1788-WXYZ28,Male,0,Yes,No,,Fiber optic,Yes,Yes,Two year,No,Mailed check,81.9,4498.42,No
1789-LMNO73,Female,0,Yes,No,2.0,DSL,No,No,Month-to-month,No,Bank transfer (automatic),42.68,79.72,No
1790-LMNO20,Female,0,No,Yes,13.0,No,No internet service,No internet service,Month-to-month,Yes,Electronic check,18.0,237.08,Yes
1791-WXYZ54,Female,1,Yes,No,53.0,Fiber optic,No,Yes,One year,Yes,Mailed check,67.42,3576.86,No
1792-LMNO21,Female,0,Yes,Yes,18.0,Fiber optic,No,No,One year,Yes,Credit card (automatic),65.79,1184.49,No
1793-WXYZ30,Male,1,Yes,No,71.0,No,No internet service,No internet service,Month-to-month,Yes,Mailed check,23.91,1696.56,No
1794-WXYZ20,Female,0,No,No,47.0,Fiber optic,No,No,One year,No,Credit card (automatic),65.5,3081.11,No
1795-LMNO14,Female,0,Yes,Yes,1.0,Fiber optic,No,No,Month-to-month,No,Bank transfer (automatic),75.02,69.86,Yes
1796-ABCD65,Male,0,Yes,No,36.0,Fiber optic,No,No,One year,Yes,Credit card (automatic),78.71,2838.7,No
1797-ABCD55,Male,0,Yes,Yes,34.0,No,No internet service,No internet service,Two year,Yes,Credit card (automatic),25.83,879.99,No
1798-WXYZ21,Female,0,No,No,25.0,No,No internet service,No internet service,One year,No,Mailed check,18.0,445.97,No
1799-WXYZ26,Female,0,Yes,No,4.0,Fiber optic,No,No,Month-to-month,Yes,Mailed check,72.6,289.98,Yes
1800-LMNO28,Male,0,Yes,No,49.0,DSL,No,Yes,One year,Yes,Credit card (automatic),40.18,1986.17,No
1801-WXYZ57,Female,0,No,No,31.0,Fiber optic,Yes,Yes,One year,No,Electronic check,80.87,2505.5,No
1802-WXYZ64,Female,0,No,No,8.0,DSL,Yes,No,Month-to-month,No,Credit card (automatic),56.21,452.5,Yes
1803-WXYZ84,Male,0,Yes,No,24.0,Fiber optic,Yes,No,Month-to-month,Yes,Bank transfer (automatic),85.68,2060.49,Yes
1804-ABCD71,Male,0,Yes,No,47.0,Fiber optic,Yes,No,Two year,No,Bank transfer (automatic),80.63,3790.57,No
1805-LMNO24,Male,0,No,No,3.0,No,No internet service,No internet service,Month-to-month,Yes,Electronic check,20.19,58.56,Yes
1806-LMNO84,Female,0,No,No,9.0,Fiber optic,Yes,No,Month-to-month,Yes,Bank transfer (automatic),91.31,818.15,Yes
1807-ABCD90,Male,0,Yes,Yes,4.0,Fiber optic,No,No,Month-to-month,Yes,Electronic check,64.49,257.09,Yes
1808-LMNO62,Male,0,Yes,No,27.0,No,No internet service,No internet service,One year,Yes,Credit card (automatic),18.0,485.29,No
1809-WXYZ91,Female,0,Yes,Yes,58.0,DSL,No,Yes,Two year,Yes,Mailed check,41.8,2430.78,No
1810-LMNO56,Female,0,Yes,No,45.0,DSL,No,No,One year,Yes,Electronic check,52.14,,No
1811-LMNO13,Male,0,No,No,26.0,No,No internet service,No internet service,Month-to-month,No,Credit card (automatic),23.44,618.5,No
1812-LMNO44,Male,0,Yes,No,38.0,DSL,Yes,Yes,One year,No,Bank transfer (automatic),55.73,2115.99,No
1813-LMNO82,Male,1,No,No,41.0,Fiber optic,Yes,No,One year,Yes,Credit card (automatic),79.77,3275.82,No
1814-ABCD90,Female,0,No,No,48.0,Fiber optic,No,Yes,One year,Yes,Mailed check,71.62,3439.16,No
1815-ABCD81,Female,0,Yes,Yes,10.0,Fiber optic,No,Yes,Month-to-month,Yes,Bank transfer (automatic),70.49,699.51,Yes
1816-LMNO72,Male,0,Yes,Yes,36.0,Fiber optic,Yes,No,One year,Yes,Bank transfer (automatic),88.11,3164.54,No
1817-WXYZ76,Female,0,No,No,1.0,DSL,No,Yes,Month-to-month,Yes,Bank transfer (automatic),39.22,37.61,Yes
1818-LMNO78,Female,1,Yes,No,5.0,Fiber optic,No,No,Month-to-month,No,Electronic check,69.58,347.19,Yes
1819-ABCD56,Female,0,No,No,7.0,DSL,Yes,Yes,Month-to-month,Yes,Electronic check,64.48,446.89,Yes
1820-WXYZ70,Female,0,No,No,57.0,Fiber optic,No,No,Two year,Yes,Credit card (automatic),75.64,4317.66,No
1821-LMNO89,Male,1,Yes,No,24.0,Fiber optic,Yes,No,Month-to-month,Yes,Mailed check,78.81,1898.88,Yes
1822-WXYZ31,Male,0,Yes,No,61.0,DSL,No,No,Two year,Yes,Credit card (automatic),44.57,2717.84,No
1823-ABCD95,Female,0,Yes,No,17.0,Fiber optic,No,Yes,Month-to-month,No,Electronic check,68.57,1173.34,Yes
1824-LMNO76,Female,0,No,No,49.0,Fiber optic,Yes,No,One year,Yes,Credit card (automatic),80.82,3962.31,No
1825-WXYZ19,Female,0,No,No,2.0,No,No internet service,No internet service,Month-to-month,Yes,Bank transfer (automatic),18.0,26.19,No
1826-WXYZ73,Male,0,No,No,6.0,DSL,Yes,Yes,Month-to-month,No,Bank transfer (automatic),62.84,366.88,Yes
1827-WXYZ30,Female,0,No,No,24.0,DSL,Yes,No,One year,Yes,Mailed check,56.17,1349.79,No
1828-WXYZ50,Female,0,Yes,Yes,41.0,DSL,Yes,Yes,One year,Yes,Credit card (automatic),59.38,2433.81,No
1829-LMNO65,Male,0,No,No,68.0,DSL,Yes,No,Two year,No,Mailed check,62.43,4240.58,No
1830-WXYZ66,Male,0,No,No,29.0,Fiber optic,No,Yes,One year,No,Bank transfer (automatic),78.76,2286.22,No
1831-WXYZ56,Female,0,No,No,44.0,Fiber optic,No,No,One year,Yes,Electronic check,71.5,,No
1832-LMNO28,Female,0,Yes,Yes,48.0,DSL,No,Yes,Two year,Yes,Bank transfer (automatic),48.6,2333.16,No
1833-WXYZ17,Male,1,No,No,9.0,Fiber optic,No,No,Month-to-month,No,Credit card (automatic),71.31,639.67,Yes
1834-WXYZ80,Female,0,No,No,6.0,Fiber optic,Yes,Yes,Month-to-month,Yes,Electronic check,83.97,500.32,Yes
1835-WXYZ16,Male,0,No,No,9.0,Fiber optic,Yes,No,Month-to-month,Yes,Bank transfer (automatic),83.88,749.0,Yes
1836-LMNO74,Male,0,No,No,1.0,Fiber optic,No,Yes,Month-to-month,Yes,Electronic check,69.42,73.49,Yes
1837-ABCD46,Female,0,No,No,43.0,No,No internet service,No internet service,One year,Yes,Credit card (automatic),18.0,771.87,No
1838-ABCD24,Female,0,No,No,5.0,Fiber optic,Yes,No,Month-to-month,Yes,Credit card (automatic),83.36,416.11,No
1839-ABCD22,Female,1,No,No,13.0,Fiber optic,No,No,Month-to-month,Yes,Mailed check,72.19,936.43,No
1840-ABCD69,Female,0,No,No,9.0,DSL,No,No,Month-to-month,No,Electronic check,41.32,379.9,Yes
1841-ABCD10,Male,1,Yes,No,43.0,DSL,Yes,No,One year,Yes,Bank transfer (automatic),67.26,2885.08,No
1842-LMNO75,Female,0,Yes,No,34.0,DSL,Yes,No,Month-to-month,Yes,Electronic check,60.63,2064.85,Yes
1843-LMNO32,Male,0,Yes,Yes,32.0,Fiber optic,No,No,Month-to-month,Yes,Mailed check,69.34,2223.23,No
1844-ABCD43,Male,0,No,No,71.0,DSL,Yes,Yes,One year,No,Electronic check,64.18,4553.09,No
1845-WXYZ87,Male,0,No,No,42.0,DSL,No,No,Two year,Yes,Mailed check,47.82,2011.47,No
1846-WXYZ84,Male,0,No,No,9.0,Fiber optic,No,No,Month-to-month,Yes,Electronic check,75.66,680.09,No
1847-LMNO81,Male,0,Yes,Yes,20.0,Fiber optic,Yes,Yes,One year,Yes,Electronic check,91.64,1836.87,No
1848-LMNO23,Male,0,Yes,No,1.0,No,No internet service,No internet service,Month-to-month,Yes,Electronic check,27.33,22.48,Yes
1849-ABCD54,Male,1,Yes,Yes,45.0,Fiber optic,No,No,Two year,No,Bank transfer (automatic),72.28,3253.95,No
1850-WXYZ54,Male,0,Yes,Yes,3.0,Fiber optic,No,Yes,Month-to-month,Yes,Mailed check,64.82,194.82,Yes
1851-ABCD92,Female,0,No,No,48.0,Fiber optic,Yes,No,Two year,Yes,Electronic check,83.81,4025.59,No
1852-LMNO25,Male,0,Yes,No,43.0,Fiber optic,No,No,Two year,No,Bank transfer (automatic),78.19,3350.26,No
1853-WXYZ49,Male,0,No,No,71.0,Fiber optic,No,No,Two year,Yes,Credit card (automatic),71.3,5058.71,No
1854-ABCD43,Female,0,No,No,2.0,Fiber optic,No,No,Month-to-month,Yes,Electronic check,67.83,138.59,Yes
1855-WXYZ25,Female,1,Yes,No,26.0,Fiber optic,Yes,No,Month-to-month,Yes,Credit card (automatic),82.28,2148.04,No
1856-WXYZ69,Female,0,No,No,24.0,Fiber optic,No,No,Month-to-month,No,Bank transfer (automatic),64.61,1555.88,No
1857-WXYZ75,Male,0,Yes,No,52.0,Fiber optic,No,Yes,Two year,Yes,Electronic check,74.6,3881.22,No
1858-WXYZ22,Female,0,Yes,No,66.0,DSL,Yes,Yes,Two year,Yes,Mailed check,57.74,3806.6,No
1859-LMNO40,Male,0,No,No,46.0,No,No internet service,No internet service,Two year,Yes,Mailed check,18.0,829.49,No
1860-WXYZ48,Male,0,No,No,27.0,Fiber optic,Yes,No,One year,Yes,Bank transfer (automatic),80.65,2180.48,No
1861-LMNO17,Male,0,Yes,Yes,24.0,No,No internet service,No internet service,Month-to-month,No,Electronic check,18.0,440.9,No
1862-LMNO87,Female,0,Yes,Yes,51.0,DSL,No,No,Month-to-month,No,Credit card (automatic),48.53,2470.6,No
1863-WXYZ64,Male,0,Yes,No,20.0,DSL,Yes,No,Month-to-month,No,Bank transfer (automatic),58.81,1174.31,No
1864-LMNO62,Male,0,Yes,Yes,15.0,Fiber optic,No,No,Month-to-month,No,Mailed check,63.86,967.95,No
1865-LMNO74,Male,0,No,Yes,53.0,No,No internet service,No internet service,One year,No,Electronic check,26.94,1426.83,No
1866-ABCD39,Female,0,No,No,60.0,No,No internet service,No internet service,Two year,Yes,Electronic check,20.23,1216.25,No
1867-ABCD22,Female,0,Yes,Yes,37.0,Fiber optic,Yes,No,One year,Yes,Mailed check,73.79,2724.93,No
1868-ABCD28,Male,0,No,No,61.0,DSL,Yes,No,Two year,Yes,Mailed check,63.61,3878.5,No
1869-ABCD28,Female,0,Yes,Yes,53.0,DSL,No,No,Two year,Yes,Bank transfer (automatic),39.95,2118.98,No
1870-ABCD34,Female,0,Yes,Yes,10.0,Fiber optic,Yes,Yes,Month-to-month,Yes,Bank transfer (automatic),87.98,877.9,Yes
1871-WXYZ40,Female,0,No,No,4.0,DSL,No,Yes,Month-to-month,Yes,Electronic check,47.53,191.03,No
1872-ABCD64,Male,0,No,No,32.0,Fiber optic,Yes,No,One year,Yes,Bank transfer (automatic),85.69,2743.36,No
1873-LMNO41,Female,0,No,No,28.0,Fiber optic,Yes,Yes,Month-to-month,Yes,Electronic check,78.74,2205.07,No
1874-WXYZ83,Male,0,No,No,11.0,Fiber optic,No,Yes,Month-to-month,No,Mailed check,63.84,698.49,Yes
1875-WXYZ81,Female,0,No,No,13.0,DSL,No,No,Month-to-month,Yes,Bank transfer (automatic),44.76,586.02,No
1876-WXYZ61,Male,0,Yes,No,55.0,DSL,No,No,Two year,Yes,Mailed check,40.29,2216.86,No
1877-WXYZ23,Male,1,No,No,6.0,No,No internet service,No internet service,Month-to-month,No,Credit card (automatic),26.1,153.27,No
1878-WXYZ37,Male,1,No,No,33.0,DSL,Yes,No,One year,Yes,Credit card (automatic),59.49,1959.14,No
1879-WXYZ62,Female,0,Yes,No,47.0,Fiber optic,No,No,Two year,Yes,Bank transfer (automatic),64.98,3048.91,No
1880-LMNO31,Male,0,No,No,54.0,Fiber optic,No,Yes,One year,Yes,Electronic check,74.99,4055.48,No
1881-WXYZ72,Female,0,No,No,43.0,No,No internet service,No internet service,One year,No,Mailed check,18.0,770.43,No
1882-ABCD68,Male,0,Yes,No,38.0,DSL,No,No,One year,No,Electronic check,44.34,1680.37,No
1883-LMNO17,Female,0,No,No,64.0,DSL,Yes,No,Month-to-month,Yes,Bank transfer (automatic),62.78,4012.97,No
1884-WXYZ21,Female,1,Yes,No,2.0,Fiber optic,No,Yes,Month-to-month,Yes,Credit card (automatic),64.86,119.77,Yes
1885-LMNO40,Female,0,No,No,51.0,DSL,Yes,No,Two year,Yes,Bank transfer (automatic),57.84,2960.86,No
1886-WXYZ43,Female,1,Yes,Yes,7.0,Fiber optic,No,No,Month-to-month,Yes,Bank transfer (automatic),66.63,466.85,Yes
1887-WXYZ84,Female,0,No,No,40.0,Fiber optic,No,Yes,One year,No,Credit card (automatic),64.38,2570.77,No
1888-ABCD85,Male,0,Yes,No,1.0,DSL,No,No,Month-to-month,No,Credit card (automatic),45.38,43.66,Yes
1889-ABCD88,Female,0,Yes,No,11.0,DSL,No,No,Month-to-month,Yes,Electronic check,49.26,535.58,Yes
1890-ABCD35,Male,0,Yes,No,72.0,Fiber optic,No,No,Two year,No,Credit card (automatic),80.02,5762.36,No
1891-WXYZ95,Female,0,No,No,50.0,No,No internet service,No internet service,Two year,Yes,Bank transfer (automatic),23.81,1189.74,No
1892-WXYZ90,Female,0,No,No,13.0,DSL,Yes,No,Month-to-month,No,Electronic check,58.65,768.02,Yes
1893-LMNO97,Male,0,No,No,41.0,Fiber optic,Yes,No,Two year,No,Credit card (automatic),90.57,3709.87,No
1894-WXYZ17,Male,0,No,No,46.0,No,No internet service,No internet service,One year,Yes,Credit card (automatic),18.0,829.81,No
1895-ABCD15,Male,0,Yes,No,21.0,Fiber optic,No,Yes,Month-to-month,No,Bank transfer (automatic),67.32,1413.81,Yes
1896-ABCD53,Female,0,Yes,No,29.0,No,No internet service,No internet service,One year,Yes,Credit card (automatic),24.76,713.76,No
1897-ABCD73,Female,0,No,No,52.0,No,No internet service,No internet service,Month-to-month,Yes,Electronic check,18.0,937.8,No
1898-ABCD37,Female,0,Yes,Yes,71.0,Fiber optic,No,No,One year,No,Mailed check,70.29,4990.19,No
1899-LMNO74,Female,0,No,No,4.0,DSL,No,Yes,Month-to-month,Yes,Electronic check,41.49,170.94,No
1900-LMNO28,Female,0,No,No,9.0,Fiber optic,Yes,No,Month-to-month,Yes,Mailed check,83.92,757.29,Yes
1901-ABCD36,Male,1,Yes,No,26.0,Fiber optic,No,No,One year,No,Mailed check,69.65,1808.5,No
1902-WXYZ53,Male,0,Yes,Yes,59.0,DSL,No,Yes,Two year,No,Electronic check,47.36,2798.68,No
1903-WXYZ24,Female,0,No,No,49.0,Fiber optic,Yes,No,One year,Yes,Bank transfer (automatic),85.83,4207.12,No
1904-LMNO22,Female,0,Yes,No,3.0,Fiber optic,Yes,No,Month-to-month,Yes,Electronic check,88.57,263.11,Yes
1905-LMNO58,Female,1,Yes,Yes,50.0,DSL,No,No,Two year,Yes,Electronic check,46.96,2352.73,No
1906-WXYZ65,Male,0,Yes,No,63.0,DSL,No,No,One year,Yes,Mailed check,44.0,2776.34,No
1907-LMNO46,Male,0,No,No,34.0,DSL,No,No,One year,No,Mailed check,41.95,1421.78,No
1908-ABCD67,Male,0,No,No,13.0,DSL,No,Yes,Month-to-month,Yes,Electronic check,40.43,521.95,Yes
1909-LMNO38,Male,0,Yes,No,62.0,DSL,No,Yes,Two year,Yes,Electronic check,31.36,1944.94,No
1910-ABCD69,Male,0,Yes,No,60.0,No,No internet service,No internet service,Two year,Yes,Electronic check,19.42,1163.43,No
1911-LMNO98,Female,0,Yes,No,71.0,Fiber optic,No,Yes,Two year,Yes,Electronic check,64.28,4562.27,No
1912-LMNO19,Male,0,No,No,47.0,DSL,No,Yes,Two year,No,Mailed check,40.62,1905.17,No
1913-LMNO32,Female,1,Yes,No,15.0,Fiber optic,No,No,Month-to-month,Yes,Credit card (automatic),68.5,1028.36,Yes
1914-ABCD30,Male,0,Yes,Yes,51.0,No,No internet service,No internet service,Two year,Yes,Electronic check,18.0,919.11,No
1915-LMNO22,Female,0,No,No,13.0,DSL,No,Yes,Month-to-month,No,Bank transfer (automatic),47.74,613.46,No
1916-ABCD42,Male,0,No,No,15.0,No,No internet service,No internet service,Month-to-month,Yes,Electronic check,19.17,285.62,No
1917-LMNO26,Male,0,No,No,44.0,DSL,No,No,One year,Yes,Mailed check,53.13,2334.9,No
1918-LMNO34,Male,0,No,No,48.0,DSL,No,Yes,One year,Yes,Electronic check,55.97,2687.94,No
1919-WXYZ82,Female,0,Yes,No,14.0,DSL,Yes,No,Month-to-month,Yes,Credit card (automatic),58.47,821.44,No
1920-ABCD93,Female,0,Yes,No,12.0,DSL,No,No,Month-to-month,Yes,Mailed check,40.77,492.86,Yes
1921-LMNO92,Male,0,Yes,No,2.0,DSL,Yes,Yes,Month-to-month,Yes,Bank transfer (automatic),51.18,100.51,Yes
1922-ABCD51,Male,0,Yes,No,6.0,Fiber optic,Yes,Yes,Month-to-month,Yes,Bank transfer (automatic),94.14,567.52,Yes
1923-ABCD57,Female,1,No,No,6.0,No,No internet service,No internet service,Month-to-month,No,Electronic check,18.0,100.5,No
1924-LMNO37,Male,0,No,No,15.0,No,No internet service,No internet service,Month-to-month,Yes,Credit card (automatic),18.0,276.66,No
1925-ABCD56,Male,0,No,No,11.0,No,No internet service,No internet service,Month-to-month,No,Mailed check,18.0,194.53,No
1926-WXYZ87,Female,0,Yes,No,53.0,Fiber optic,No,Yes,Two year,No,Electronic check,68.37,3616.87,No
1927-LMNO80,Female,0,No,No,53.0,Fiber optic,No,No,Two year,Yes,Electronic check,67.62,3580.42,No
1928-ABCD22,Male,0,No,No,7.0,DSL,Yes,No,Month-to-month,Yes,Electronic check,64.13,456.14,No
1929-WXYZ22,Male,0,Yes,Yes,50.0,Fiber optic,No,Yes,Two year,Yes,Electronic check,56.27,2816.67,No
1930-LMNO11,Female,0,No,No,46.0,No,No internet service,No internet service,One year,Yes,Bank transfer (automatic),19.06,885.71,No
1931-ABCD82,Male,0,Yes,No,8.0,No,No internet service,No internet service,Month-to-month,No,Mailed check,23.59,190.23,Yes
1932-WXYZ84,Male,0,Yes,No,1.0,Fiber optic,No,No,Month-to-month,Yes,Bank transfer (automatic),66.55,73.34,Yes
1933-WXYZ65,Female,0,No,No,4.0,DSL,No,No,Month-to-month,No,Electronic check,47.94,189.97,Yes
1934-WXYZ96,Female,0,No,No,3.0,DSL,No,No,Month-to-month,No,Credit card (automatic),45.45,129.81,Yes
1935-ABCD43,Male,0,Yes,No,18.0,DSL,Yes,Yes,Month-to-month,Yes,Electronic check,56.41,1017.21,Yes
1936-ABCD97,Female,1,Yes,No,2.0,DSL,No,No,Month-to-month,Yes,Bank transfer (automatic),35.94,72.25,No
1937-LMNO45,Female,0,No,Yes,7.0,Fiber optic,Yes,Yes,Month-to-month,Yes,Bank transfer (automatic),87.03,611.71,Yes
1938-WXYZ12,Male,0,No,No,64.0,Fiber optic,No,No,Two year,No,Electronic check,71.59,4585.92,No
1939-WXYZ53,Female,1,No,No,13.0,DSL,Yes,Yes,Month-to-month,No,Electronic check,56.3,733.91,Yes
1940-ABCD37,Male,0,Yes,No,46.0,Fiber optic,Yes,No,One year,Yes,Electronic check,88.8,4084.33,No
1941-WXYZ63,Male,0,Yes,No,45.0,DSL,No,Yes,One year,Yes,Electronic check,42.57,1915.4,No
1942-ABCD30,Female,0,Yes,No,34.0,DSL,No,Yes,Two year,Yes,Electronic check,50.17,1708.19,Yes
1943-LMNO22,Male,0,Yes,Yes,7.0,No,No internet service,No internet service,Month-to-month,No,Bank transfer (automatic),21.52,143.32,No
1944-ABCD58,Male,0,Yes,No,42.0,No,No internet service,No internet service,Two year,No,Mailed check,27.4,1147.29,No
1945-WXYZ63,Male,1,Yes,No,67.0,DSL,No,Yes,Two year,Yes,Mailed check,46.82,3147.43,No
1946-WXYZ62,Male,0,No,No,44.0,Fiber optic,No,Yes,One year,Yes,Electronic check,70.14,3083.77,No
1947-LMNO62,Female,0,Yes,No,34.0,DSL,Yes,No,One year,Yes,Credit card (automatic),50.58,1723.11,No
1948-WXYZ55,Female,0,No,No,5.0,Fiber optic,Yes,No,Month-to-month,Yes,Electronic check,85.27,424.38,No
1949-ABCD46,Female,1,Yes,No,66.0,Fiber optic,Yes,Yes,Two year,No,Mailed check,83.8,5529.78,No
1950-WXYZ33,Male,0,Yes,No,49.0,DSL,No,No,Month-to-month,Yes,Electronic check,53.08,2590.06,No
1951-WXYZ95,Male,0,Yes,Yes,27.0,No,No internet service,No internet service,One year,No,Electronic check,21.07,572.01,No
1952-ABCD23,Male,0,No,No,15.0,Fiber optic,No,Yes,Month-to-month,Yes,Bank transfer (automatic),73.91,1105.97,No
1953-WXYZ44,Male,0,Yes,No,2.0,Fiber optic,No,No,Month-to-month,Yes,Bank transfer (automatic),77.02,143.88,Yes
1954-ABCD12,Male,1,No,No,27.0,DSL,No,No,One year,Yes,Bank transfer (automatic),51.7,1388.88,No
1955-LMNO26,Female,0,No,No,40.0,No,No internet service,No internet service,Two year,No,Mailed check,19.56,782.95,No
1956-WXYZ33,Female,0,No,No,2.0,Fiber optic,No,No,Month-to-month,No,Credit card (automatic),80.64,157.84,Yes
1957-ABCD52,Female,0,Yes,No,48.0,Fiber optic,No,Yes,Two year,Yes,Mailed check,67.47,3234.5,No
1958-ABCD69,Male,0,No,No,13.0,No,No internet service,No internet service,One year,Yes,Mailed check,26.65,344.29,No
1959-WXYZ74,Female,0,No,No,7.0,Fiber optic,Yes,No,Month-to-month,Yes,Electronic check,81.27,553.22,Yes
1960-LMNO37,Male,0,Yes,Yes,2.0,DSL,Yes,No,Month-to-month,Yes,Electronic check,64.3,120.53,Yes
1961-LMNO90,Male,0,No,No,50.0,DSL,No,No,One year,No,Mailed check,40.18,2012.2,No
1962-WXYZ85,Female,0,No,No,17.0,Fiber optic,No,No,Month-to-month,Yes,Electronic check,73.09,1245.11,Yes
1963-LMNO62,Female,1,No,No,4.0,DSL,No,No,Month-to-month,Yes,Mailed check,40.73,165.72,Yes
1964-WXYZ68,Male,0,No,No,5.0,No,No internet service,No internet service,Month-to-month,No,Electronic check,18.0,93.04,Yes
1965-LMNO43,Male,1,No,No,3.0,Fiber optic,No,No,Month-to-month,Yes,Credit card (automatic),65.17,197.7,No
1966-ABCD15,Male,0,No,No,19.0,Fiber optic,Yes,No,One year,Yes,Credit card (automatic),87.49,1669.5,No
1967-LMNO34,Female,0,Yes,Yes,9.0,DSL,No,Yes,Month-to-month,Yes,Electronic check,47.47,430.24,Yes
1968-ABCD64,Male,0,No,No,41.0,Fiber optic,Yes,No,Month-to-month,No,Credit card (automatic),87.45,3585.63,No
1969-WXYZ16,Female,0,No,No,28.0,DSL,No,No,Month-to-month,Yes,Credit card (automatic),46.11,1298.78,No
1970-ABCD21,Male,0,No,No,11.0,No,No internet service,No internet service,Month-to-month,Yes,Credit card (automatic),18.0,200.67,No
1971-LMNO86,Male,0,No,No,1.0,No,No internet service,No internet service,Month-to-month,No,Mailed check,18.0,20.87,Yes
1972-LMNO60,Male,0,Yes,Yes,7.0,Fiber optic,Yes,Yes,One year,Yes,Bank transfer (automatic),79.82,556.23,Yes
1973-ABCD41,Female,1,Yes,Yes,26.0,Fiber optic,Yes,No,One year,No,Electronic check,79.53,2067.94,Yes
1974-LMNO17,Male,0,Yes,No,14.0,Fiber optic,No,No,Month-to-month,No,Bank transfer (automatic),76.07,1059.28,No
1975-ABCD96,Female,0,Yes,No,5.0,No,No internet service,No internet service,Month-to-month,No,Bank transfer (automatic),18.0,,Yes
1976-ABCD81,Female,0,Yes,Yes,21.0,Fiber optic,No,No,Month-to-month,No,Bank transfer (automatic),65.34,1363.55,Yes
1977-ABCD95,Female,0,No,No,34.0,DSL,Yes,Yes,Month-to-month,Yes,Electronic check,55.01,1869.24,No
1978-LMNO13,Female,0,Yes,No,38.0,No,No internet service,No internet service,One year,Yes,Credit card (automatic),18.0,690.84,No
1979-LMNO38,Female,0,No,No,6.0,DSL,Yes,No,Month-to-month,No,Mailed check,61.52,371.29,No
1980-ABCD38,Female,0,No,No,7.0,Fiber optic,Yes,No,Month-to-month,Yes,Electronic check,82.32,580.58,Yes
1981-WXYZ37,Female,0,Yes,Yes,43.0,Fiber optic,Yes,Yes,Two year,No,Mailed check,84.18,3615.41,No
1982-ABCD88,Male,0,Yes,No,31.0,DSL,No,No,Month-to-month,No,Credit card (automatic),44.42,1378.53,No
1983-LMNO53,Male,0,No,No,40.0,DSL,No,No,One year,Yes,Credit card (automatic),46.44,1867.76,No
1984-WXYZ13,Male,0,No,No,6.0,DSL,Yes,No,Month-to-month,Yes,Bank transfer (automatic),60.51,367.05,Yes
1985-WXYZ18,Male,0,No,No,2.0,Fiber optic,No,No,Month-to-month,No,Electronic check,75.92,149.97,Yes
1986-LMNO14,Male,1,No,No,27.0,Fiber optic,Yes,No,One year,No,Electronic check,81.66,2196.35,No
1987-WXYZ84,Female,1,No,No,44.0,DSL,Yes,Yes,One year,No,Electronic check,57.04,2503.19,No
1988-LMNO41,Male,0,No,No,1.0,No,No internet service,No internet service,Month-to-month,No,Electronic check,19.56,22.84,Yes
1989-WXYZ26,Male,0,No,No,58.0,Fiber optic,Yes,No,One year,No,Mailed check,84.63,4909.64,No
1990-LMNO80,Female,1,No,No,62.0,Fiber optic,No,No,Two year,No,Electronic check,62.59,3889.56,No
1991-WXYZ66,Male,1,No,No,72.0,DSL,No,No,Two year,Yes,Electronic check,37.12,2672.96,No
1992-WXYZ34,Male,0,Yes,No,46.0,DSL,No,Yes,One year,No,Credit card (automatic),44.3,2030.38,No
1993-WXYZ54,Male,0,No,Yes,55.0,Fiber optic,No,No,Two year,Yes,Bank transfer (automatic),76.93,4230.01,No
1994-LMNO20,Male,1,Yes,Yes,5.0,DSL,No,No,Month-to-month,Yes,Credit card (automatic),52.42,262.31,Yes
1995-ABCD62,Male,0,No,No,43.0,No,No internet service,No internet service,Month-to-month,Yes,Mailed check,18.0,772.07,Yes
1996-LMNO37,Female,0,Yes,Yes,1.0,DSL,No,Yes,Month-to-month,Yes,Mailed check,42.85,42.83,Yes
1997-LMNO74,Female,1,Yes,No,4.0,DSL,No,Yes,Month-to-month,Yes,Electronic check,45.81,185.1,Yes
1998-ABCD56,Male,0,Yes,No,34.0,No,No internet service,No internet service,Month-to-month,Yes,Mailed check,21.52,721.55,No
1999-WXYZ97,Male,1,Yes,No,23.0,Fiber optic,Yes,No,One year,Yes,Bank transfer (automatic),80.13,1839.63,Yes
2000-WXYZ69,Male,0,Yes,No,49.0,Fiber optic,No,Yes,Month-to-month,Yes,Mailed check,78.51,3853.3,Yes
2001-ABCD56,Female,1,No,No,11.0,DSL,No,No,One year,Yes,Credit card (automatic),42.15,471.71,Yes
2002-LMNO55,Male,0,Yes,No,19.0,DSL,Yes,No,Month-to-month,No,Credit card (automatic),61.84,1168.58,No
2003-WXYZ35,Male,1,Yes,Yes,1.0,No,No internet service,No internet service,Month-to-month,No,Mailed check,18.35,,Yes
2004-ABCD14,Female,0,Yes,Yes,2.0,Fiber optic,Yes,No,Month-to-month,No,Electronic check,83.38,170.58,Yes
2005-ABCD84,Male,0,No,No,8.0,Fiber optic,Yes,No,Month-to-month,Yes,Credit card (automatic),88.78,720.37,Yes
2006-WXYZ42,Male,0,Yes,No,2.0,No,No internet service,No internet service,Month-to-month,No,Bank transfer (automatic),24.92,50.94,Yes
2007-WXYZ47,Male,0,Yes,No,51.0,Fiber optic,No,No,One year,Yes,Bank transfer (automatic),73.4,3743.94,No
2008-LMNO24,Female,0,No,No,14.0,Fiber optic,No,Yes,Month-to-month,Yes,Bank transfer (automatic),65.58,914.58,Yes
2009-ABCD30,Female,0,No,No,20.0,DSL,Yes,No,Month-to-month,No,Electronic check,53.27,1070.46,No
2010-WXYZ78,Female,0,Yes,Yes,29.0,No,No internet service,No internet service,One year,No,Electronic check,33.3,964.19,Yes
2011-WXYZ47,Male,0,Yes,No,25.0,DSL,No,No,Month-to-month,No,Electronic check,46.53,1171.1,No
2012-WXYZ95,Female,0,Yes,Yes,1.0,DSL,Yes,No,Month-to-month,No,Electronic check,55.51,57.31,No
2013-WXYZ91,Female,1,No,No,3.0,DSL,No,No,Month-to-month,Yes,Mailed check,49.71,150.43,Yes
2014-WXYZ83,Female,0,Yes,No,8.0,No,No internet service,No internet service,Month-to-month,No,Electronic check,18.0,139.89,No
2015-WXYZ22,Male,0,No,No,72.0,No,No internet service,No internet service,Two year,No,Credit card (automatic),29.84,2144.55,No
2016-LMNO12,Female,0,Yes,Yes,61.0,Fiber optic,Yes,No,Two year,No,Bank transfer (automatic),82.96,5057.47,No
2017-WXYZ15,Male,0,No,No,34.0,No,No internet service,No internet service,One year,No,Mailed check,24.29,825.4,No
2018-ABCD17,Male,0,Yes,Yes,28.0,No,No internet service,No internet service,Month-to-month,Yes,Electronic check,19.78,559.37,Yes
2019-ABCD42,Female,0,Yes,No,22.0,DSL,No,No,One year,Yes,Bank transfer (automatic),37.38,826.47,No
2020-ABCD84,Male,1,Yes,No,2.0,DSL,No,No,Month-to-month,Yes,Electronic check,40.08,77.81,Yes
2021-ABCD59,Female,0,Yes,No,5.0,DSL,Yes,No,Month-to-month,Yes,Bank transfer (automatic),56.16,270.34,No
2022-LMNO37,Male,0,Yes,No,2.0,DSL,No,No,Month-to-month,Yes,Credit card (automatic),41.58,79.54,No
2023-WXYZ50,Female,0,No,No,54.0,DSL,Yes,No,Two year,Yes,Mailed check,60.94,3291.53,No
2024-LMNO57,Female,0,No,No,38.0,Fiber optic,Yes,Yes,One year,No,Electronic check,72.84,2769.08,No
2025-LMNO71,Female,0,Yes,Yes,28.0,Fiber optic,Yes,Yes,One year,No,Bank transfer (automatic),85.97,2416.33,No
2026-ABCD85,Male,0,No,No,15.0,Fiber optic,No,Yes,One year,No,Electronic check,60.12,908.95,Yes
2027-LMNO98,Male,0,No,Yes,18.0,No,No internet service,No internet service,Month-to-month,Yes,Electronic check,21.79,396.19,Yes
2028-WXYZ28,Female,0,No,No,17.0,DSL,Yes,Yes,Month-to-month,Yes,Mailed check,56.0,948.75,No
2029-LMNO64,Male,0,Yes,No,43.0,DSL,No,No,One year,No,Credit card (automatic),45.67,1965.22,No
2030-WXYZ91,Female,1,No,Yes,24.0,No,No internet service,No internet service,One year,Yes,Electronic check,18.0,,No
2031-WXYZ15,Female,0,Yes,Yes,55.0,DSL,Yes,No,Two year,No,Credit card (automatic),56.85,3133.34,No
2032-LMNO38,Male,0,No,No,30.0,No,No internet service,No internet service,Month-to-month,No,Electronic check,18.0,535.05,No
2033-LMNO26,Male,0,Yes,Yes,44.0,Fiber optic,No,No,Two year,Yes,Electronic check,63.77,2810.34,No
2034-LMNO52,Male,0,Yes,No,11.0,DSL,Yes,No,Month-to-month,No,Bank transfer (automatic),67.01,740.09,Yes
2035-ABCD89,Female,1,Yes,No,45.0,DSL,Yes,No,One year,Yes,Electronic check,67.14,3018.76,No
2036-WXYZ43,Male,0,Yes,No,6.0,Fiber optic,No,Yes,Month-to-month,No,Electronic check,63.78,389.2,Yes
2037-LMNO17,Male,0,No,No,51.0,Fiber optic,No,No,Two year,Yes,Electronic check,68.31,3474.33,No
2038-ABCD17,Male,1,Yes,Yes,7.0,Fiber optic,No,No,Month-to-month,Yes,Electronic check,72.29,516.89,Yes
2039-WXYZ74,Female,0,No,No,62.0,No,No internet service,No internet service,One year,No,Electronic check,20.4,1271.38,No
2040-LMNO48,Male,0,Yes,Yes,44.0,DSL,Yes,No,One year,No,Bank transfer (automatic),57.12,2512.31,No
2041-ABCD68,Male,0,Yes,Yes,1.0,DSL,No,No,Month-to-month,No,Bank transfer (automatic),37.21,35.1,Yes
2042-WXYZ95,Female,0,No,No,1.0,Fiber optic,No,Yes,Month-to-month,Yes,Credit card (automatic),74.39,74.22,Yes
2043-ABCD95,Female,0,No,No,70.0,Fiber optic,No,No,Two year,No,Bank transfer (automatic),67.46,4718.44,No
2044-ABCD46,Female,0,Yes,No,4.0,No,No internet service,No internet service,Month-to-month,No,Bank transfer (automatic),18.0,70.87,No
2045-WXYZ45,Male,0,Yes,No,6.0,Fiber optic,No,Yes,Month-to-month,No,Bank transfer (automatic),69.77,422.72,Yes
2046-ABCD37,Male,0,No,No,64.0,DSL,No,No,Two year,No,Credit card (automatic),43.28,2766.38,No
2047-WXYZ52,Female,0,Yes,No,20.0,Fiber optic,No,Yes,One year,No,Electronic check,67.46,1353.9,No
2048-ABCD97,Male,0,No,No,2.0,Fiber optic,Yes,No,Month-to-month,No,Electronic check,85.63,170.02,Yes
2049-WXYZ75,Female,0,No,No,47.0,No,No internet service,No internet service,One year,Yes,Bank transfer (automatic),18.94,895.65,No
2050-LMNO81,Female,0,Yes,No,1.0,No,No internet service,No internet service,Month-to-month,Yes,Electronic check,25.61,32.42,Yes
2051-LMNO31,Male,1,Yes,Yes,63.0,Fiber optic,No,No,Two year,Yes,Credit card (automatic),65.43,4117.09,No
2052-ABCD36,Female,1,Yes,Yes,39.0,Fiber optic,Yes,No,One year,No,Mailed check,81.15,3154.3,No
2053-ABCD76,Female,1,Yes,Yes,57.0,Fiber optic,No,Yes,Two year,No,Electronic check,73.86,4210.85,No
2054-ABCD54,Male,1,No,No,2.0,Fiber optic,No,Yes,Month-to-month,No,Bank transfer (automatic),82.48,166.24,Yes
2055-WXYZ18,Female,0,No,No,38.0,DSL,No,No,One year,Yes,Electronic check,56.69,2148.1,No
2056-WXYZ36,Male,0,No,No,10.0,DSL,No,No,Month-to-month,Yes,Credit card (automatic),48.66,494.94,No
2057-WXYZ10,Male,0,No,No,1.0,DSL,Yes,No,Month-to-month,Yes,Credit card (automatic),58.25,56.44,No
2058-ABCD80,Male,0,Yes,No,45.0,DSL,No,No,One year,Yes,Bank transfer (automatic),42.33,1908.05,No
2059-ABCD76,Female,0,No,No,16.0,Fiber optic,No,No,Month-to-month,Yes,Electronic check,68.06,1085.3,Yes
2060-ABCD44,Female,0,Yes,No,57.0,No,No internet service,No internet service,One year,No,Electronic check,18.0,1018.54,No
2061-LMNO87,Female,0,No,No,54.0,No,No internet service,No internet service,Two year,Yes,Mailed check,23.41,1269.98,No
2062-ABCD27,Male,1,Yes,No,19.0,DSL,No,No,Month-to-month,Yes,Credit card (automatic),51.61,975.96,No
2063-ABCD93,Female,0,No,Yes,8.0,No,No internet service,No internet service,Month-to-month,Yes,Electronic check,19.32,158.49,No
2064-ABCD91,Male,0,No,No,28.0,No,No internet service,No internet service,One year,No,Electronic check,30.46,848.74,No
2065-ABCD10,Female,1,Yes,Yes,51.0,DSL,No,No,Two year,No,Electronic check,58.63,,No
2066-WXYZ35,Male,0,Yes,Yes,36.0,No,No internet service,No internet service,One year,Yes,Mailed check,24.43,878.68,Yes
2067-ABCD29,Male,0,No,No,35.0,DSL,No,No,One year,No,Credit card (automatic),41.65,1457.62,No
2068-LMNO19,Male,0,Yes,Yes,1.0,DSL,Yes,No,Month-to-month,Yes,Electronic check,55.71,52.5,No
2069-LMNO84,Female,0,No,No,5.0,Fiber optic,No,Yes,Month-to-month,Yes,Electronic check,73.87,372.95,Yes
2070-ABCD14,Male,0,No,No,46.0,No,No internet service,No internet service,One year,Yes,Bank transfer (automatic),25.27,1167.13,No
2071-WXYZ74,Female,0,No,No,7.0,Fiber optic,No,Yes,Month-to-month,Yes,Credit card (automatic),66.72,473.15,Yes
2072-ABCD31,Male,0,Yes,No,52.0,DSL,No,Yes,Two year,No,Credit card (automatic),39.2,2036.17,No
2073-WXYZ50,Male,0,No,No,67.0,DSL,Yes,No,Month-to-month,No,Bank transfer (automatic),51.45,3441.56,No
2074-ABCD77,Male,1,Yes,No,16.0,DSL,No,Yes,Month-to-month,No,Electronic check,39.78,637.55,No
2075-ABCD20,Female,1,Yes,No,28.0,DSL,No,No,One year,Yes,Mailed check,42.91,1203.33,No
2076-LMNO30,Female,0,No,No,52.0,DSL,No,Yes,Two year,Yes,Credit card (automatic),50.45,2625.28,No
2077-LMNO85,Male,0,No,No,57.0,Fiber optic,No,No,One year,Yes,Credit card (automatic),67.14,3834.65,No
2078-WXYZ28,Male,1,Yes,Yes,53.0,No,No internet service,No internet service,Two year,Yes,Bank transfer (automatic),18.0,954.55,No
2079-ABCD69,Male,1,Yes,No,54.0,DSL,Yes,Yes,Two year,Yes,Bank transfer (automatic),56.72,3073.37,No
2080-LMNO56,Female,1,No,No,54.0,No,No internet service,No internet service,Two year,Yes,Credit card (automatic),18.33,994.22,No
2081-LMNO80,Male,1,No,No,42.0,Fiber optic,No,No,Two year,No,Mailed check,68.22,2869.79,No
2082-WXYZ49,Female,0,No,No,42.0,DSL,No,No,One year,No,Electronic check,32.08,1347.8,No
2083-ABCD30,Female,0,Yes,Yes,28.0,DSL,No,No,One year,Yes,Bank transfer (automatic),43.29,1210.56,Yes
2084-WXYZ13,Male,0,No,No,13.0,Fiber optic,Yes,Yes,Month-to-month,Yes,Credit card (automatic),91.6,1187.75,Yes
2085-LMNO93,Male,0,No,No,9.0,No,No internet service,No internet service,Month-to-month,Yes,Bank transfer (automatic),18.0,162.92,No
2086-LMNO17,Female,0,No,No,12.0,Fiber optic,Yes,Yes,Month-to-month,Yes,Credit card (automatic),81.63,983.94,No
2087-ABCD28,Female,0,No,No,3.0,DSL,Yes,Yes,Month-to-month,Yes,Mailed check,56.14,167.44,No
2088-LMNO55,Male,0,Yes,Yes,3.0,DSL,No,Yes,Month-to-month,Yes,Electronic check,45.77,135.46,Yes
2089-WXYZ77,Male,0,No,No,19.0,DSL,No,No,Month-to-month,No,Electronic check,37.38,705.06,No
2090-WXYZ24,Male,0,Yes,No,55.0,DSL,Yes,No,Two year,No,Credit card (automatic),54.33,2990.71,No
2091-LMNO46,Male,0,Yes,No,61.0,Fiber optic,Yes,No,Two year,Yes,Mailed check,90.61,5521.87,No
2092-ABCD76,Male,0,No,No,11.0,DSL,No,No,Month-to-month,No,Electronic check,48.36,533.95,Yes
2093-LMNO33,Male,0,No,Yes,1.0,Fiber optic,No,No,Month-to-month,Yes,Credit card (automatic),67.29,68.71,No
2094-LMNO49,Female,0,No,No,72.0,DSL,No,Yes,Two year,No,Mailed check,47.43,3414.27,No
2095-LMNO70,Male,1,No,No,60.0,Fiber optic,Yes,No,Two year,Yes,Credit card (automatic),80.4,4830.03,No
2096-WXYZ33,Male,0,Yes,No,61.0,DSL,No,No,Two year,Yes,Mailed check,40.34,2468.69,No
2097-WXYZ13,Male,0,No,No,63.0,DSL,Yes,No,Two year,Yes,Electronic check,55.24,3469.59,No
2098-LMNO43,Female,0,Yes,No,57.0,No,No internet service,No internet service,Two year,Yes,Bank transfer (automatic),18.0,1018.56,No
2099-ABCD58,Female,0,No,No,2.0,DSL,Yes,No,Month-to-month,Yes,Credit card (automatic),59.53,121.98,No
2100-LMNO62,Male,0,Yes,Yes,13.0,Fiber optic,Yes,Yes,Month-to-month,No,Electronic check,94.95,1242.82,Yes
2101-LMNO78,Male,0,No,No,37.0,DSL,No,No,One year,No,Credit card (automatic),35.01,1288.56,No
2102-LMNO62,Female,0,Yes,No,5.0,DSL,Yes,No,Month-to-month,Yes,Electronic check,68.43,344.26,Yes
2103-WXYZ50,Male,0,No,No,51.0,Fiber optic,Yes,No,Two year,Yes,Mailed check,71.42,3633.69,No
2104-ABCD69,Male,0,No,No,2.0,Fiber optic,Yes,No,Month-to-month,No,Mailed check,87.5,165.74,No
2105-WXYZ79,Male,1,Yes,No,58.0,DSL,No,Yes,Two year,No,Credit card (automatic),35.71,2081.52,No
2106-ABCD66,Male,0,No,No,4.0,Fiber optic,Yes,No,Month-to-month,No,Mailed check,87.56,352.18,No
2107-WXYZ49,Male,0,No,No,4.0,Fiber optic,No,No,Month-to-month,Yes,Mailed check,65.94,256.07,No
2108-LMNO47,Female,0,No,No,41.0,Fiber optic,Yes,No,One year,No,Credit card (automatic),88.59,3631.11,No
2109-ABCD70,Female,0,No,No,63.0,Fiber optic,No,Yes,Two year,No,Electronic check,65.98,4152.84,No
2110-LMNO60,Male,0,Yes,Yes,15.0,Fiber optic,No,No,Month-to-month,Yes,Electronic check,72.47,1084.91,Yes
2111-WXYZ56,Female,0,Yes,No,61.0,DSL,No,No,Two year,Yes,Electronic check,43.92,2677.55,No
2112-WXYZ45,Male,0,Yes,No,43.0,Fiber optic,Yes,Yes,Two year,No,Bank transfer (automatic),91.04,3915.78,No
2113-LMNO50,Male,0,Yes,Yes,43.0,Fiber optic,No,No,One year,No,Mailed check,69.03,2970.54,No
2114-ABCD22,Female,0,Yes,Yes,60.0,Fiber optic,No,Yes,Two year,Yes,Credit card (automatic),71.03,4258.37,No
2115-LMNO67,Female,0,No,No,43.0,DSL,No,No,One year,No,Mailed check,45.28,1943.35,No
2116-WXYZ39,Male,1,Yes,No,8.0,No,No internet service,No internet service,Month-to-month,Yes,Electronic check,24.37,196.98,No
2117-WXYZ34,Male,0,Yes,Yes,8.0,DSL,No,No,Month-to-month,Yes,Credit card (automatic),49.65,393.95,No
2118-LMNO60,Female,0,Yes,Yes,68.0,DSL,Yes,No,Two year,Yes,Electronic check,60.18,4088.95,No
2119-WXYZ66,Female,0,No,No,39.0,DSL,No,Yes,One year,No,Credit card (automatic),36.32,1417.01,No
2120-WXYZ56,Female,0,No,No,16.0,Fiber optic,Yes,Yes,Month-to-month,Yes,Electronic check,80.1,1281.75,Yes
2121-WXYZ48,Male,0,Yes,No,36.0,Fiber optic,No,No,One year,Yes,Electronic check,73.9,2658.18,No
2122-WXYZ94,Male,0,No,No,11.0,Fiber optic,No,Yes,Month-to-month,Yes,Mailed check,62.24,689.9,Yes
2123-WXYZ30,Male,0,Yes,No,23.0,Fiber optic,No,Yes,Month-to-month,Yes,Electronic check,66.3,1527.37,No
2124-ABCD25,Male,0,No,Yes,3.0,Fiber optic,No,No,Month-to-month,No,Electronic check,66.93,210.88,Yes
2125-LMNO40,Female,1,No,Yes,7.0,DSL,Yes,No,Month-to-month,Yes,Mailed check,58.81,410.43,Yes
2126-WXYZ83,Male,0,Yes,Yes,11.0,Fiber optic,Yes,Yes,Month-to-month,No,Electronic check,83.1,917.63,Yes
2127-LMNO43,Male,0,No,No,29.0,No,No internet service,No internet service,Month-to-month,No,Electronic check,20.16,591.93,No
2128-LMNO18,Female,0,No,No,49.0,No,No internet service,No internet service,One year,Yes,Electronic check,18.0,877.53,No
2129-ABCD20,Male,0,Yes,Yes,1.0,No,No internet service,No internet service,Month-to-month,No,Mailed check,18.0,16.21,Yes
2130-WXYZ95,Male,0,No,No,2.0,Fiber optic,No,Yes,Month-to-month,Yes,Mailed check,78.85,163.83,Yes
2131-ABCD26,Female,0,Yes,No,3.0,No,No internet service,No internet service,Month-to-month,Yes,Electronic check,26.98,84.31,No
2132-LMNO34,Female,0,Yes,No,4.0,No,No internet service,No internet service,Month-to-month,No,Bank transfer (automatic),22.54,90.05,No
2133-LMNO30,Female,1,Yes,No,3.0,No,No internet service,No internet service,Month-to-month,No,Bank transfer (automatic),23.05,62.24,No
2134-ABCD74,Male,1,Yes,No,10.0,DSL,No,Yes,Month-to-month,Yes,Bank transfer (automatic),46.28,456.31,Yes
2135-LMNO98,Female,0,Yes,No,26.0,No,No internet service,No internet service,Month-to-month,Yes,Mailed check,19.65,508.63,No
2136-LMNO45,Female,0,No,No,43.0,Fiber optic,No,Yes,Two year,No,Electronic check,65.56,2815.07,No
2137-ABCD97,Male,0,Yes,No,23.0,Fiber optic,No,Yes,Month-to-month,No,Mailed check,77.15,1770.55,Yes
2138-WXYZ24,Male,0,Yes,Yes,11.0,Fiber optic,No,No,Month-to-month,Yes,Credit card (automatic),79.25,862.59,Yes
2139-LMNO79,Female,0,No,No,2.0,No,No internet service,No internet service,Month-to-month,Yes,Mailed check,18.0,29.22,No
2140-ABCD32,Male,1,No,No,5.0,Fiber optic,No,No,Month-to-month,Yes,Electronic check,75.39,372.54,Yes
2141-WXYZ48,Female,0,No,No,62.0,Fiber optic,Yes,Yes,Two year,Yes,Electronic check,82.71,5128.61,No
2142-ABCD66,Male,1,No,No,18.0,No,No internet service,No internet service,Month-to-month,Yes,Credit card (automatic),18.0,322.28,No
2143-ABCD43,Male,0,No,No,16.0,Fiber optic,Yes,No,Month-to-month,Yes,Bank transfer (automatic),82.66,1322.85,Yes
2144-LMNO50,Male,1,No,Yes,10.0,No,No internet service,No internet service,Month-to-month,Yes,Electronic check,18.0,180.07,Yes
2145-ABCD82,Female,0,No,No,40.0,No,No internet service,No internet service,One year,No,Electronic check,22.82,904.3,No
2146-ABCD79,Male,0,No,No,4.0,Fiber optic,No,Yes,Month-to-month,Yes,Credit card (automatic),67.58,275.64,No
2147-WXYZ93,Female,0,Yes,No,31.0,Fiber optic,No,No,One year,Yes,Electronic check,74.08,2300.15,No
2148-ABCD12,Female,0,Yes,No,17.0,DSL,Yes,No,Month-to-month,Yes,Mailed check,56.15,954.76,No
2149-ABCD72,Female,0,No,Yes,12.0,No,No internet service,No internet service,Month-to-month,Yes,Bank transfer (automatic),19.51,231.47,No
2150-ABCD85,Female,0,Yes,Yes,25.0,No,No internet service,No internet service,One year,Yes,Mailed check,18.0,456.8,No
2151-LMNO64,Female,0,Yes,No,27.0,Fiber optic,No,No,One year,No,Electronic check,63.28,1703.48,Yes
2152-ABCD90,Male,0,No,No,31.0,Fiber optic,No,Yes,One year,Yes,Electronic check,71.64,2225.74,No
2153-LMNO24,Female,1,No,No,2.0,Fiber optic,No,No,Month-to-month,Yes,Credit card (automatic),70.34,136.34,Yes
2154-WXYZ92,Female,1,Yes,No,11.0,DSL,Yes,No,Month-to-month,Yes,Mailed check,57.5,639.08,No
2155-LMNO44,Male,0,No,No,10.0,Fiber optic,No,Yes,Month-to-month,Yes,Credit card (automatic),65.17,654.02,No
2156-WXYZ67,Male,0,No,No,29.0,Fiber optic,No,No,One year,Yes,Mailed check,64.0,1860.48,No
2157-ABCD23,Female,0,No,No,57.0,DSL,Yes,Yes,One year,Yes,Credit card (automatic),61.59,3511.69,No
2158-WXYZ70,Male,0,No,Yes,20.0,DSL,Yes,Yes,Month-to-month,Yes,Credit card (automatic),56.35,1129.23,No
2159-LMNO13,Female,0,No,No,49.0,Fiber optic,Yes,Yes,One year,No,Mailed check,92.98,4556.18,No
2160-LMNO38,Male,0,No,No,34.0,No,No internet service,No internet service,One year,No,Electronic check,20.71,699.06,No
2161-LMNO15,Male,0,Yes,No,10.0,DSL,Yes,No,Month-to-month,Yes,Bank transfer (automatic),62.47,630.17,No
2162-ABCD58,Female,1,No,No,57.0,DSL,Yes,Yes,Two year,No,Bank transfer (automatic),66.89,3811.4,No
2163-LMNO74,Male,0,No,No,54.0,DSL,No,No,Two year,No,Mailed check,40.7,2198.29,No
2164-ABCD36,Male,0,No,No,17.0,DSL,Yes,No,Month-to-month,No,Credit card (automatic),62.09,1047.6,Yes
2165-WXYZ22,Female,0,No,No,72.0,DSL,Yes,Yes,Two year,Yes,Electronic check,62.36,4489.03,No
2166-WXYZ28,Male,0,Yes,Yes,6.0,No,No internet service,No internet service,Month-to-month,No,Electronic check,18.0,109.99,Yes
2167-LMNO52,Female,0,No,No,36.0,DSL,No,Yes,One year,No,Bank transfer (automatic),37.17,1346.75,No
2168-WXYZ98,Female,0,Yes,No,29.0,DSL,No,No,Two year,Yes,Electronic check,34.06,987.42,No
2169-LMNO77,Female,0,Yes,Yes,17.0,DSL,Yes,Yes,Month-to-month,Yes,Mailed check,55.31,938.56,No
2170-LMNO11,Male,0,Yes,Yes,12.0,DSL,Yes,Yes,Month-to-month,No,Credit card (automatic),65.43,781.87,No
2171-WXYZ66,Male,0,Yes,No,55.0,Fiber optic,No,No,Two year,No,Bank transfer (automatic),65.94,3623.53,No
2172-ABCD81,Female,0,No,No,42.0,Fiber optic,Yes,No,Month-to-month,Yes,Credit card (automatic),89.65,3774.23,No
2173-LMNO87,Female,0,Yes,Yes,19.0,DSL,Yes,Yes,Month-to-month,No,Bank transfer (automatic),56.04,1059.44,No
2174-LMNO76,Female,0,Yes,No,6.0,Fiber optic,Yes,No,Month-to-month,Yes,Bank transfer (automatic),85.08,508.41,Yes
2175-WXYZ25,Female,0,No,No,68.0,Fiber optic,Yes,No,Two year,Yes,Bank transfer (automatic),87.5,5957.12,No
2176-LMNO92,Male,1,Yes,Yes,62.0,DSL,Yes,No,Two year,Yes,Electronic check,65.01,4036.38,No
2177-LMNO91,Male,0,Yes,No,13.0,Fiber optic,Yes,Yes,Month-to-month,Yes,Mailed check,82.55,1084.73,No
2178-ABCD21,Male,1,Yes,No,54.0,DSL,No,No,Two year,No,Electronic check,41.65,2254.46,No
2179-WXYZ62,Male,0,Yes,No,11.0,DSL,Yes,No,Month-to-month,Yes,Credit card (automatic),49.96,550.78,No
2180-LMNO14,Male,0,Yes,No,59.0,Fiber optic,Yes,No,Two year,No,Electronic check,82.71,4882.99,No
2181-LMNO21,Female,0,Yes,No,54.0,Fiber optic,No,No,One year,Yes,Electronic check,86.46,4663.78,No
2182-ABCD15,Male,0,No,Yes,2.0,Fiber optic,No,Yes,Month-to-month,Yes,Bank transfer (automatic),68.77,137.04,No
2183-ABCD14,Male,0,Yes,No,4.0,Fiber optic,No,No,Month-to-month,Yes,Mailed check,62.75,246.17,Yes
2184-ABCD37,Male,0,Yes,Yes,9.0,Fiber optic,No,Yes,Month-to-month,Yes,Electronic check,69.1,629.05,Yes
2185-WXYZ78,Female,0,No,No,1.0,Fiber optic,No,No,Month-to-month,No,Electronic check,73.56,66.22,Yes
2186-WXYZ68,Female,0,Yes,Yes,71.0,DSL,No,No,Two year,Yes,Credit card (automatic),41.86,2970.83,No
2187-ABCD71,Female,0,No,No,2.0,DSL,No,No,Month-to-month,No,Mailed check,39.42,73.59,No
2188-WXYZ28,Female,0,No,No,52.0,No,No internet service,No internet service,Two year,Yes,Electronic check,32.56,1698.16,No
2189-WXYZ78,Male,0,Yes,No,22.0,DSL,Yes,Yes,One year,Yes,Mailed check,61.86,1361.77,Yes
2190-LMNO75,Female,0,No,No,41.0,Fiber optic,Yes,Yes,One year,Yes,Electronic check,92.66,3798.91,No
2191-WXYZ56,Male,0,Yes,No,19.0,Fiber optic,Yes,Yes,Month-to-month,No,Electronic check,83.0,1571.09,Yes
2192-LMNO77,Male,0,Yes,No,43.0,Fiber optic,No,No,Two year,Yes,Credit card (automatic),78.87,3398.54,No
2193-ABCD22,Female,0,No,No,50.0,No,No internet service,No internet service,One year,No,Mailed check,24.54,1222.36,No
2194-WXYZ16,Female,0,No,Yes,45.0,No,No internet service,No internet service,Two year,No,Electronic check,22.56,1013.17,No
2195-LMNO96,Male,0,No,No,52.0,Fiber optic,No,No,Two year,Yes,Credit card (automatic),63.86,3320.7,No
2196-WXYZ96,Male,0,No,No,21.0,DSL,No,Yes,Month-to-month,Yes,Credit card (automatic),41.32,870.41,No
2197-LMNO63,Female,0,Yes,No,8.0,No,No internet service,No internet service,Month-to-month,Yes,Electronic check,22.25,176.56,Yes
2198-ABCD29,Male,0,No,No,65.0,DSL,No,Yes,Two year,No,Mailed check,43.26,2819.08,No
2199-ABCD33,Male,0,No,No,57.0,DSL,No,No,Two year,Yes,Credit card (automatic),46.86,2671.3,No
2200-WXYZ72,Male,0,No,No,50.0,Fiber optic,Yes,Yes,One year,Yes,Mailed check,82.62,4139.33,No
2201-WXYZ66,Male,0,No,No,2.0,Fiber optic,Yes,Yes,Month-to-month,Yes,Mailed check,87.11,169.62,Yes
2202-WXYZ71,Female,0,No,No,53.0,DSL,Yes,No,One year,No,Mailed check,56.72,3008.8,No
2203-ABCD83,Male,0,Yes,No,1.0,No,No internet service,No internet service,Month-to-month,No,Mailed check,22.25,18.56,No
2204-ABCD75,Male,0,No,No,1.0,DSL,Yes,No,Month-to-month,No,Bank transfer (automatic),54.96,54.18,No
2205-WXYZ67,Female,0,Yes,Yes,36.0,Fiber optic,No,No,Month-to-month,No,Mailed check,68.29,2451.78,No
2206-ABCD37,Female,0,Yes,Yes,14.0,No,No internet service,No internet service,Month-to-month,Yes,Electronic check,18.92,271.75,No
2207-WXYZ50,Male,0,No,No,10.0,No,No internet service,No internet service,Month-to-month,Yes,Credit card (automatic),18.0,186.87,No
2208-ABCD91,Male,0,Yes,No,49.0,Fiber optic,Yes,Yes,Two year,No,Electronic check,81.79,4013.84,No
2209-WXYZ93,Male,0,No,No,37.0,Fiber optic,Yes,No,Two year,No,Mailed check,86.4,3201.61,No
2210-ABCD58,Female,0,Yes,No,62.0,DSL,No,No,Two year,Yes,Bank transfer (automatic),48.54,3023.21,No
2211-LMNO58,Female,0,No,No,69.0,Fiber optic,Yes,Yes,Two year,Yes,Bank transfer (automatic),86.25,5952.31,No
2212-LMNO12,Female,0,Yes,No,10.0,Fiber optic,No,No,Month-to-month,No,Mailed check,72.53,733.73,Yes
2213-WXYZ98,Female,1,Yes,No,38.0,Fiber optic,No,No,Two year,Yes,Bank transfer (automatic),70.43,2676.29,No
2214-LMNO89,Female,0,Yes,Yes,56.0,No,No internet service,No internet service,Two year,Yes,Electronic check,18.0,1011.05,No
2215-WXYZ33,Female,0,No,No,58.0,No,No internet service,No internet service,Two year,No,Bank transfer (automatic),18.0,1048.12,No
2216-WXYZ47,Male,0,Yes,No,17.0,Fiber optic,No,Yes,One year,No,Credit card (automatic),67.35,1135.89,Yes
2217-WXYZ35,Male,0,No,No,1.0,No,No internet service,No internet service,Month-to-month,Yes,Credit card (automatic),19.39,18.83,No
2218-LMNO64,Female,0,Yes,No,1.0,DSL,Yes,Yes,Month-to-month,Yes,Bank transfer (automatic),56.86,55.75,No
2219-LMNO38,Male,1,Yes,Yes,9.0,Fiber optic,No,Yes,Month-to-month,Yes,Electronic check,77.76,699.72,Yes
2220-LMNO29,Male,0,Yes,No,67.0,No,No internet service,No internet service,Two year,No,Electronic check,21.38,1428.87,No
2221-LMNO50,Female,0,Yes,Yes,37.0,DSL,No,No,Month-to-month,No,Mailed check,44.54,1648.81,Yes
2222-WXYZ29,Male,0,No,No,58.0,No,No internet service,No internet service,Two year,No,Mailed check,22.74,1320.7,No
2223-LMNO93,Female,1,No,No,23.0,DSL,No,No,Month-to-month,Yes,Electronic check,55.11,1262.51,Yes
2224-LMNO75,Female,0,Yes,Yes,23.0,DSL,Yes,Yes,One year,Yes,Credit card (automatic),58.59,1347.76,Yes
2225-WXYZ62,Male,0,No,No,1.0,Fiber optic,No,No,Month-to-month,No,Credit card (automatic),65.18,63.94,Yes
2226-WXYZ31,Female,0,No,No,1.0,Fiber optic,No,Yes,Month-to-month,Yes,Electronic check,71.61,77.64,Yes
2227-LMNO15,Male,0,Yes,No,11.0,DSL,Yes,No,Month-to-month,No,Mailed check,54.25,599.64,No
2228-LMNO36,Male,0,Yes,Yes,43.0,No,No internet service,No internet service,One year,No,Bank transfer (automatic),18.0,770.15,No
2229-WXYZ82,Female,0,No,No,1.0,DSL,No,Yes,Month-to-month,Yes,Electronic check,52.12,57.01,No
2230-ABCD57,Female,0,Yes,Yes,64.0,Fiber optic,Yes,No,Two year,No,Mailed check,91.48,5854.46,No
2231-WXYZ68,Female,0,Yes,No,1.0,Fiber optic,No,No,Month-to-month,Yes,Mailed check,73.25,73.57,Yes
2232-LMNO11,Male,0,Yes,No,65.0,No,No internet service,No internet service,Two year,No,Electronic check,21.95,1422.13,No
2233-ABCD77,Female,0,No,No,28.0,Fiber optic,No,Yes,Month-to-month,Yes,Bank transfer (automatic),63.89,1789.93,No
2234-ABCD92,Male,0,Yes,No,46.0,Fiber optic,No,Yes,One year,No,Credit card (automatic),65.96,3038.88,No
2235-WXYZ98,Female,1,Yes,No,27.0,No,No internet service,No internet service,Month-to-month,No,Mailed check,26.62,717.54,No
2236-WXYZ62,Male,0,Yes,No,56.0,No,No internet service,No internet service,Two year,Yes,Mailed check,18.0,1015.9,No
2237-LMNO68,Female,1,Yes,Yes,2.0,DSL,Yes,Yes,Month-to-month,Yes,Electronic check,56.0,116.52,Yes
2238-WXYZ60,Male,1,Yes,No,24.0,Fiber optic,No,No,One year,Yes,Credit card (automatic),69.05,1653.03,No
2239-ABCD31,Male,0,No,No,52.0,Fiber optic,No,No,Two year,Yes,Credit card (automatic),72.89,3791.59,No
2240-WXYZ39,Male,0,Yes,Yes,17.0,DSL,No,Yes,Month-to-month,No,Electronic check,43.96,740.44,No
2241-ABCD37,Female,0,No,No,8.0,No,No internet service,No internet service,Month-to-month,Yes,Credit card (automatic),19.11,148.05,Yes
2242-ABCD54,Female,0,Yes,Yes,50.0,No,No internet service,No internet service,Two year,Yes,Electronic check,18.0,891.3,No
2243-LMNO58,Female,0,No,No,38.0,DSL,No,No,One year,Yes,Electronic check,44.65,1688.67,No
2244-ABCD45,Male,0,No,No,10.0,No,No internet service,No internet service,Month-to-month,Yes,Bank transfer (automatic),24.99,248.42,No
2245-LMNO10,Male,0,Yes,No,2.0,Fiber optic,No,Yes,Month-to-month,No,Mailed check,69.66,138.37,Yes
2246-WXYZ45,Male,0,No,No,1.0,Fiber optic,No,Yes,Month-to-month,Yes,Mailed check,80.35,81.49,Yes
2247-ABCD55,Female,0,No,No,4.0,Fiber optic,Yes,No,Month-to-month,No,Bank transfer (automatic),81.39,321.08,No
2248-WXYZ41,Male,1,No,No,3.0,No,No internet service,No internet service,Month-to-month,No,Electronic check,18.0,58.17,No
2249-WXYZ57,Female,0,Yes,No,50.0,Fiber optic,Yes,No,Two year,Yes,Electronic check,81.65,4081.43,No
2250-WXYZ26,Female,1,No,No,15.0,Fiber optic,No,Yes,Month-to-month,No,Mailed check,66.51,999.2,Yes
2251-WXYZ36,Female,0,No,No,50.0,No,No internet service,No internet service,One year,Yes,Electronic check,22.68,1117.89,No
2252-WXYZ59,Female,1,No,No,69.0,Fiber optic,No,No,Two year,Yes,Electronic check,68.63,4735.49,No
2253-LMNO94,Female,0,No,No,51.0,Fiber optic,Yes,No,Month-to-month,Yes,Electronic check,94.72,,Yes
2254-LMNO34,Female,0,Yes,Yes,16.0,DSL,Yes,No,One year,Yes,Credit card (automatic),61.24,968.46,Yes
2255-LMNO24,Male,0,No,No,,DSL,No,Yes,Two year,No,Credit card (automatic),40.64,2072.8,No
2256-ABCD82,Female,0,No,No,2.0,DSL,No,No,Month-to-month,Yes,Electronic check,40.04,76.13,Yes
2257-LMNO35,Male,1,No,No,27.0,No,No internet service,No internet service,Month-to-month,Yes,Electronic check,28.33,772.61,No
2258-LMNO26,Male,0,Yes,Yes,54.0,Fiber optic,Yes,Yes,Two year,Yes,Bank transfer (automatic),86.1,4642.96,No
2259-LMNO50,Male,1,No,No,65.0,No,No internet service,No internet service,Two year,Yes,Credit card (automatic),26.53,1735.26,No
2260-WXYZ59,Male,0,Yes,No,1.0,DSL,Yes,Yes,Month-to-month,No,Electronic check,60.35,66.81,No
2261-ABCD49,Male,0,No,No,1.0,Fiber optic,Yes,Yes,Month-to-month,Yes,Credit card (automatic),85.08,85.65,Yes
2262-LMNO32,Male,1,Yes,Yes,1.0,No,No internet service,No internet service,Month-to-month,No,Mailed check,26.7,19.52,Yes
2263-LMNO61,Female,0,Yes,Yes,23.0,Fiber optic,Yes,Yes,Month-to-month,No,Credit card (automatic),86.86,1995.49,No
2264-LMNO72,Male,0,No,No,2.0,Fiber optic,No,No,Month-to-month,Yes,Electronic check,71.81,147.05,Yes
2265-ABCD78,Female,1,Yes,Yes,44.0,No,No internet service,No internet service,One year,No,Credit card (automatic),18.0,792.55,No
2266-LMNO57,Male,1,No,No,58.0,Fiber optic,No,Yes,Two year,Yes,Mailed check,74.36,4307.39,No
2267-WXYZ49,Female,1,No,Yes,9.0,Fiber optic,No,No,Month-to-month,Yes,Credit card (automatic),69.63,632.21,Yes
2268-LMNO70,Female,1,Yes,No,72.0,Fiber optic,No,No,Two year,Yes,Mailed check,67.22,4839.36,No
2269-WXYZ76,Female,0,Yes,Yes,2.0,Fiber optic,No,Yes,Month-to-month,Yes,Mailed check,80.76,162.93,Yes
2270-WXYZ67,Female,0,No,No,12.0,No,No internet service,No internet service,Month-to-month,No,Credit card (automatic),18.5,,No
2271-ABCD84,Male,0,Yes,No,1.0,No,No internet service,No internet service,Month-to-month,Yes,Bank transfer (automatic),18.0,22.41,Yes
2272-WXYZ57,Female,1,No,No,60.0,DSL,Yes,No,Month-to-month,No,Bank transfer (automatic),65.69,3946.8,No
2273-LMNO19,Male,0,No,No,1.0,Fiber optic,Yes,No,Month-to-month,Yes,Mailed check,88.39,91.88,Yes
2274-WXYZ47,Male,0,Yes,No,54.0,DSL,Yes,No,Two year,No,Credit card (automatic),56.69,3057.91,No
2275-LMNO28,Female,0,Yes,Yes,21.0,Fiber optic,No,No,Month-to-month,Yes,Credit card (automatic),69.61,,No
2276-LMNO72,Male,0,Yes,Yes,31.0,Fiber optic,Yes,Yes,One year,No,Electronic check,88.34,2745.29,Yes
2277-ABCD55,Female,0,No,No,3.0,Fiber optic,No,No,Month-to-month,Yes,Bank transfer (automatic),71.06,206.44,Yes
2278-LMNO83,Female,1,Yes,No,7.0,DSL,No,Yes,Month-to-month,No,Credit card (automatic),48.93,336.87,No
2279-WXYZ74,Male,0,Yes,No,21.0,DSL,Yes,Yes,One year,No,Bank transfer (automatic),59.97,1262.08,No
2280-LMNO17,Male,0,No,No,60.0,No,No internet service,No internet service,Two year,No,Credit card (automatic),24.09,1444.95,No
2281-LMNO90,Male,0,No,No,,DSL,Yes,No,Month-to-month,Yes,Credit card (automatic),58.46,810.06,No
2282-ABCD15,Female,0,Yes,Yes,41.0,DSL,Yes,No,One year,Yes,Bank transfer (automatic),56.77,2331.06,No
2283-LMNO98,Female,0,Yes,Yes,60.0,Fiber optic,No,Yes,Two year,No,Bank transfer (automatic),75.27,4518.46,No
2284-LMNO69,Male,0,No,No,54.0,No,No internet service,No internet service,Two year,Yes,Credit card (automatic),21.46,1172.01,No
2285-ABCD63,Male,1,No,No,35.0,No,No internet service,No internet service,Month-to-month,Yes,Credit card (automatic),23.43,821.02,No
2286-ABCD18,Female,0,No,No,22.0,No,No internet service,No internet service,One year,Yes,Credit card (automatic),26.12,585.24,No
2287-WXYZ65,Female,0,No,No,17.0,Fiber optic,No,No,Month-to-month,Yes,Electronic check,67.14,1146.3,No
2288-LMNO94,Male,0,No,No,36.0,DSL,Yes,No,One year,Yes,Electronic check,62.66,2246.35,No
2289-WXYZ70,Male,0,No,No,30.0,DSL,Yes,No,Month-to-month,Yes,Mailed check,71.6,2148.15,No
2290-WXYZ69,Female,0,No,No,6.0,Fiber optic,No,No,Month-to-month,Yes,Bank transfer (automatic),69.2,414.88,No
2291-WXYZ49,Male,0,No,No,23.0,No,No internet service,No internet service,One year,Yes,Electronic check,18.0,413.55,No
2292-WXYZ46,Male,0,No,No,21.0,Fiber optic,No,No,Month-to-month,Yes,Electronic check,74.11,,Yes
2293-LMNO27,Female,0,Yes,Yes,8.0,Fiber optic,No,Yes,Month-to-month,Yes,Electronic check,61.68,497.45,Yes
2294-WXYZ72,Female,1,Yes,No,58.0,DSL,No,No,Two year,No,Bank transfer (automatic),39.51,2289.86,No
2295-WXYZ20,Male,0,No,Yes,63.0,Fiber optic,No,Yes,Two year,Yes,Credit card (automatic),70.03,4417.77,No
2296-WXYZ66,Male,0,Yes,Yes,16.0,No,No internet service,No internet service,Month-to-month,No,Credit card (automatic),19.86,322.9,No
2297-ABCD13,Male,0,No,Yes,11.0,DSL,No,No,Month-to-month,Yes,Mailed check,45.94,504.15,Yes
2298-WXYZ16,Male,1,Yes,No,5.0,Fiber optic,Yes,No,Month-to-month,Yes,Mailed check,96.03,477.12,No
2299-ABCD63,Female,0,No,No,2.0,DSL,Yes,Yes,Month-to-month,Yes,Mailed check,60.42,118.05,Yes
2300-LMNO10,Male,1,Yes,No,56.0,Fiber optic,Yes,Yes,Two year,Yes,Mailed check,82.11,4598.29,No
2301-LMNO12,Female,0,No,Yes,45.0,DSL,No,Yes,One year,No,Bank transfer (automatic),41.79,1882.16,No
2302-WXYZ47,Female,0,No,No,7.0,DSL,Yes,No,Month-to-month,Yes,Mailed check,57.72,401.8,No
2303-WXYZ10,Male,0,Yes,No,66.0,DSL,Yes,Yes,Month-to-month,No,Electronic check,53.93,3557.31,No
2304-WXYZ47,Male,0,No,No,48.0,No,No internet service,No internet service,One year,No,Mailed check,22.8,1095.83,No
2305-ABCD38,Female,0,Yes,Yes,31.0,DSL,Yes,No,One year,Yes,Electronic check,61.51,1911.98,No
2306-ABCD83,Female,0,Yes,Yes,31.0,DSL,Yes,Yes,One year,Yes,Electronic check,62.33,1933.45,No
2307-ABCD80,Female,1,Yes,Yes,1.0,No,No internet service,No internet service,Month-to-month,Yes,Mailed check,24.0,23.86,No
2308-LMNO56,Male,1,Yes,No,44.0,DSL,No,Yes,Month-to-month,No,Electronic check,48.1,2117.59,No
2309-LMNO44,Female,0,No,No,6.0,Fiber optic,No,Yes,Month-to-month,No,Mailed check,63.09,369.56,Yes
2310-ABCD10,Female,0,Yes,No,1.0,Fiber optic,No,No,Month-to-month,No,Electronic check,68.59,67.43,Yes
2311-LMNO65,Female,0,No,Yes,8.0,DSL,No,No,Month-to-month,Yes,Bank transfer (automatic),43.8,344.12,Yes
2312-WXYZ32,Male,0,Yes,Yes,61.0,No,No internet service,No internet service,Two year,No,Credit card (automatic),26.89,1637.56,No
2313-ABCD30,Female,0,No,No,11.0,DSL,No,No,Month-to-month,No,Mailed check,52.33,571.06,No
2314-ABCD72,Female,1,Yes,No,49.0,Fiber optic,No,No,Two year,Yes,Bank transfer (automatic),67.87,3320.99,No
2315-WXYZ61,Male,1,No,No,19.0,DSL,Yes,No,Month-to-month,No,Credit card (automatic),55.04,1040.83,No
2316-ABCD64,Male,0,No,No,6.0,DSL,Yes,No,Month-to-month,Yes,Mailed check,60.79,376.37,Yes
2317-WXYZ41,Male,0,No,No,29.0,Fiber optic,No,Yes,Month-to-month,Yes,Electronic check,68.41,1983.61,No
2318-LMNO14,Male,0,Yes,No,1.0,No,No internet service,No internet service,Month-to-month,No,Electronic check,19.58,25.6,Yes
2319-WXYZ58,Male,0,No,No,50.0,No,No internet service,No internet service,Two year,Yes,Mailed check,26.08,1307.8,No
2320-WXYZ67,Female,0,Yes,No,19.0,DSL,No,Yes,Month-to-month,Yes,Bank transfer (automatic),46.34,883.9,No
2321-LMNO89,Male,0,Yes,No,1.0,Fiber optic,Yes,No,Month-to-month,Yes,Electronic check,82.6,85.32,Yes
2322-ABCD94,Male,0,Yes,Yes,55.0,DSL,Yes,No,Two year,Yes,Credit card (automatic),56.71,3129.48,No
2323-ABCD18,Female,0,Yes,Yes,6.0,Fiber optic,Yes,No,Month-to-month,Yes,Electronic check,77.82,469.06,Yes
2324-WXYZ44,Male,0,Yes,No,7.0,DSL,No,No,Month-to-month,No,Credit card (automatic),47.81,325.77,No
2325-LMNO31,Male,0,No,No,33.0,Fiber optic,No,Yes,Month-to-month,Yes,Credit card (automatic),71.41,2355.66,No
2326-ABCD14,Female,1,Yes,Yes,12.0,DSL,Yes,No,Month-to-month,Yes,Credit card (automatic),62.82,748.61,Yes
2327-WXYZ96,Female,0,Yes,No,4.0,Fiber optic,No,No,Month-to-month,No,Credit card (automatic),69.92,272.68,No
2328-ABCD85,Female,0,Yes,No,2.0,No,No internet service,No internet service,Month-to-month,Yes,Electronic check,18.0,38.16,Yes
2329-LMNO89,Female,0,No,No,42.0,No,No internet service,No internet service,Two year,Yes,Bank transfer (automatic),20.28,841.39,No
2330-LMNO39,Male,0,No,No,42.0,No,No internet service,No internet service,Two year,Yes,Electronic check,25.7,1079.94,No
2331-ABCD95,Female,0,Yes,No,11.0,Fiber optic,No,No,Month-to-month,Yes,Credit card (automatic),70.29,764.95,No
2332-ABCD38,Male,1,No,No,3.0,Fiber optic,No,No,Month-to-month,Yes,Electronic check,78.21,233.75,Yes
2333-LMNO46,Female,0,No,No,17.0,DSL,Yes,No,Month-to-month,Yes,Electronic check,61.26,1045.3,Yes
2334-LMNO22,Male,1,Yes,No,9.0,Fiber optic,Yes,No,One year,Yes,Credit card (automatic),94.84,850.29,Yes
2335-WXYZ32,Female,0,No,No,1.0,Fiber optic,Yes,No,Month-to-month,No,Electronic check,95.24,89.33,Yes
2336-ABCD26,Female,0,No,No,72.0,DSL,No,Yes,Two year,Yes,Electronic check,40.51,2915.02,No
2337-LMNO94,Female,1,No,Yes,47.0,DSL,No,No,One year,No,Mailed check,41.77,1966.29,No
2338-WXYZ15,Male,1,Yes,No,,Fiber optic,No,No,Month-to-month,Yes,Bank transfer (automatic),67.71,136.94,Yes
2339-WXYZ31,Male,1,Yes,No,40.0,DSL,Yes,No,One year,Yes,Bank transfer (automatic),51.46,2058.04,No
2340-WXYZ42,Female,0,Yes,Yes,12.0,DSL,Yes,No,Month-to-month,No,Bank transfer (automatic),62.32,743.66,No
2341-WXYZ90,Female,1,No,No,8.0,Fiber optic,No,Yes,Month-to-month,Yes,Credit card (automatic),72.18,575.41,Yes
2342-WXYZ41,Male,0,No,No,28.0,No,No internet service,No internet service,Month-to-month,Yes,Electronic check,20.96,590.33,Yes
2343-WXYZ87,Female,1,Yes,No,14.0,Fiber optic,No,Yes,Month-to-month,Yes,Mailed check,63.88,,Yes
2344-WXYZ19,Female,0,Yes,No,49.0,Fiber optic,Yes,No,One year,No,Bank transfer (automatic),92.94,4555.27,No
2345-LMNO45,Male,0,No,No,19.0,Fiber optic,Yes,No,One year,Yes,Bank transfer (automatic),75.6,1434.6,No
2346-WXYZ82,Female,1,No,No,1.0,Fiber optic,Yes,No,Month-to-month,Yes,Mailed check,78.39,72.74,Yes
2347-WXYZ37,Female,0,No,Yes,,No,No internet service,No internet service,Two year,Yes,Electronic check,24.43,1207.08,No
2348-LMNO87,Male,0,No,No,2.0,Fiber optic,No,Yes,Month-to-month,No,Electronic check,71.58,147.08,Yes
2349-LMNO56,Male,0,No,Yes,59.0,DSL,Yes,Yes,Month-to-month,Yes,Electronic check,56.93,3360.26,No
2350-WXYZ28,Female,0,Yes,Yes,6.0,Fiber optic,Yes,No,Month-to-month,Yes,Mailed check,85.27,510.8,Yes
2351-WXYZ24,Female,0,Yes,Yes,42.0,DSL,No,Yes,One year,Yes,Electronic check,45.65,1924.41,No
2352-WXYZ37,Male,0,Yes,Yes,55.0,No,No internet service,No internet service,Two year,No,Mailed check,25.89,1419.97,No
2353-LMNO18,Female,1,No,No,38.0,No,No internet service,No internet service,One year,Yes,Electronic check,18.0,687.35,No
2354-LMNO42,Female,0,Yes,Yes,47.0,Fiber optic,No,Yes,Two year,Yes,Bank transfer (automatic),71.46,3358.81,No
2355-WXYZ28,Female,0,No,No,30.0,No,No internet service,No internet service,Month-to-month,No,Credit card (automatic),25.39,760.39,No
2356-LMNO83,Male,0,Yes,Yes,35.0,DSL,No,Yes,Month-to-month,Yes,Mailed check,40.01,1398.96,No
2357-LMNO74,Female,0,Yes,No,22.0,Fiber optic,No,No,Month-to-month,No,Mailed check,69.74,1540.81,No
2358-ABCD59,Male,0,No,No,40.0,DSL,No,Yes,One year,No,Credit card (automatic),44.71,1779.04,No
2359-WXYZ22,Male,0,Yes,No,2.0,No,No internet service,No internet service,Month-to-month,No,Mailed check,18.0,44.33,Yes
2360-WXYZ10,Male,0,Yes,No,65.0,Fiber optic,No,No,Two year,Yes,Credit card (automatic),71.46,4650.02,No
2361-WXYZ57,Male,1,No,Yes,15.0,DSL,No,Yes,Month-to-month,Yes,Electronic check,46.76,701.59,No
2362-LMNO86,Female,0,Yes,No,46.0,Fiber optic,No,No,Month-to-month,Yes,Credit card (automatic),77.48,3562.89,Yes
2363-ABCD73,Male,0,No,No,8.0,Fiber optic,Yes,No,Month-to-month,No,Mailed check,84.89,679.07,No
2364-ABCD38,Female,0,No,No,41.0,No,No internet service,No internet service,One year,No,Electronic check,22.19,912.21,No
2365-LMNO97,Male,0,No,No,14.0,DSL,Yes,No,Month-to-month,Yes,Credit card (automatic),67.36,949.21,No
2366-WXYZ26,Male,0,No,No,2.0,Fiber optic,No,Yes,Month-to-month,No,Credit card (automatic),66.79,136.0,Yes
2367-LMNO22,Female,1,Yes,Yes,15.0,DSL,Yes,Yes,Month-to-month,No,Mailed check,54.1,812.89,Yes
2368-ABCD35,Female,0,No,Yes,16.0,No,No internet service,No internet service,One year,Yes,Credit card (automatic),20.61,329.89,No
2369-ABCD76,Male,0,Yes,Yes,72.0,DSL,Yes,Yes,Two year,Yes,Electronic check,59.01,4239.5,No
2370-LMNO67,Female,0,Yes,Yes,52.0,Fiber optic,No,No,One year,Yes,Bank transfer (automatic),69.55,3608.3,No
2371-ABCD62,Male,0,Yes,Yes,4.0,DSL,No,No,Month-to-month,Yes,Electronic check,42.89,177.06,Yes
2372-ABCD71,Male,1,Yes,No,59.0,No,No internet service,No internet service,Two year,No,Electronic check,18.0,1064.36,No
2373-ABCD52,Female,0,No,No,45.0,DSL,Yes,Yes,Two year,No,Bank transfer (automatic),64.67,2914.29,No
2374-ABCD12,Female,0,Yes,Yes,10.0,DSL,No,Yes,Month-to-month,Yes,Mailed check,44.9,453.05,No
2375-LMNO38,Male,0,No,No,4.0,No,No internet service,No internet service,Month-to-month,Yes,Electronic check,31.23,127.99,No
2376-ABCD41,Female,0,Yes,Yes,4.0,Fiber optic,Yes,Yes,Month-to-month,Yes,Mailed check,79.8,323.54,No
2377-WXYZ25,Female,0,Yes,No,5.0,DSL,No,No,Month-to-month,No,Electronic check,55.03,270.87,No
2378-ABCD63,Male,0,No,No,60.0,Fiber optic,No,Yes,Two year,No,Bank transfer (automatic),71.46,4290.43,No
2379-ABCD65,Female,0,Yes,Yes,55.0,Fiber optic,No,Yes,Two year,Yes,Electronic check,70.09,3857.21,No
2380-ABCD95,Female,0,No,No,61.0,Fiber optic,No,Yes,Two year,No,Credit card (automatic),64.5,3941.12,No
2381-ABCD60,Female,0,Yes,Yes,8.0,No,No internet service,No internet service,Month-to-month,Yes,Electronic check,18.0,125.9,No
2382-WXYZ80,Male,0,Yes,Yes,41.0,Fiber optic,No,No,One year,Yes,Mailed check,76.29,3139.84,No
2383-WXYZ38,Female,1,No,No,8.0,Fiber optic,No,No,Month-to-month,No,Electronic check,56.67,457.6,Yes
2384-LMNO28,Male,0,No,No,2.0,Fiber optic,No,Yes,Month-to-month,Yes,Bank transfer (automatic),61.02,123.32,Yes
2385-WXYZ50,Female,1,Yes,No,29.0,Fiber optic,No,No,One year,Yes,Electronic check,61.94,1791.5,Yes
2386-ABCD24,Female,0,Yes,Yes,16.0,DSL,No,Yes,Month-to-month,Yes,Mailed check,50.86,812.3,Yes
2387-LMNO20,Male,1,Yes,No,55.0,DSL,Yes,No,One year,Yes,Electronic check,63.4,3488.73,No
2388-ABCD55,Female,0,No,No,25.0,Fiber optic,No,Yes,One year,Yes,Credit card (automatic),64.93,1631.6,No
2389-WXYZ66,Female,0,No,No,53.0,Fiber optic,Yes,No,Two year,Yes,Electronic check,82.64,4387.55,Yes
2390-WXYZ60,Female,0,No,No,2.0,DSL,Yes,No,Month-to-month,No,Credit card (automatic),60.65,124.39,Yes
2391-WXYZ17,Male,0,Yes,Yes,50.0,DSL,No,Yes,Two year,Yes,Electronic check,50.1,2508.65,No
2392-WXYZ15,Male,0,No,No,63.0,DSL,No,Yes,Two year,Yes,Electronic check,39.93,2516.58,No
2393-LMNO66,Female,0,No,No,,Fiber optic,No,No,Two year,Yes,Electronic check,70.67,4093.78,No
2394-LMNO66,Male,1,No,No,34.0,No,No internet service,No internet service,One year,No,Electronic check,18.28,617.61,No
2395-ABCD54,Female,0,No,No,26.0,DSL,No,No,One year,Yes,Mailed check,44.49,1161.56,No
2396-WXYZ75,Male,0,No,No,1.0,DSL,No,No,Month-to-month,No,Credit card (automatic),40.52,44.05,Yes
2397-ABCD54,Male,0,Yes,No,39.0,Fiber optic,No,No,One year,Yes,Electronic check,71.05,,Yes
2398-WXYZ88,Male,0,No,Yes,43.0,Fiber optic,No,Yes,One year,Yes,Mailed check,66.09,2838.09,No
2399-ABCD76,Male,0,No,No,17.0,DSL,No,No,One year,Yes,Mailed check,45.48,776.39,No
2400-LMNO12,Female,0,Yes,Yes,47.0,Fiber optic,No,No,Two year,No,Electronic check,77.81,3655.56,No
2401-WXYZ87,Male,0,Yes,Yes,24.0,Fiber optic,No,Yes,Month-to-month,Yes,Electronic check,75.22,1801.33,No
2402-LMNO64,Male,0,No,No,1.0,DSL,No,No,Month-to-month,Yes,Credit card (automatic),51.95,53.66,Yes
2403-WXYZ13,Male,1,Yes,No,47.0,DSL,No,No,One year,Yes,Electronic check,46.58,2192.64,No
2404-LMNO69,Female,0,No,No,2.0,DSL,No,No,Month-to-month,Yes,Bank transfer (automatic),50.66,95.81,Yes
2405-LMNO39,Male,1,Yes,No,42.0,DSL,No,No,Month-to-month,Yes,Electronic check,35.99,1509.89,No
2406-LMNO11,Female,0,Yes,Yes,1.0,DSL,No,Yes,Month-to-month,Yes,Mailed check,36.53,40.19,No
2407-WXYZ58,Female,0,Yes,No,26.0,DSL,No,Yes,Month-to-month,Yes,Mailed check,39.97,1047.09,No
2408-ABCD40,Female,0,Yes,No,51.0,No,No internet service,No internet service,Two year,Yes,Electronic check,18.0,919.46,No
2409-WXYZ70,Female,0,Yes,No,7.0,DSL,No,No,Month-to-month,Yes,Electronic check,50.24,349.13,Yes
2410-LMNO57,Female,0,No,No,8.0,DSL,Yes,No,Month-to-month,Yes,Electronic check,52.46,415.53,No
2411-ABCD45,Female,0,No,No,32.0,Fiber optic,Yes,No,Month-to-month,No,Electronic check,78.22,2503.03,Yes
2412-ABCD67,Male,0,No,No,6.0,No,No internet service,No internet service,Month-to-month,Yes,Credit card (automatic),19.39,116.15,No
2413-ABCD54,Male,0,Yes,No,7.0,Fiber optic,No,No,Month-to-month,Yes,Electronic check,70.68,483.97,Yes
2414-WXYZ48,Male,1,No,No,1.0,DSL,No,No,Month-to-month,Yes,Bank transfer (automatic),49.38,40.9,Yes
2415-WXYZ90,Female,0,No,No,58.0,Fiber optic,Yes,No,Two year,Yes,Electronic check,83.66,4840.86,No
2416-LMNO92,Female,0,No,No,12.0,DSL,No,Yes,Month-to-month,No,Credit card (automatic),44.09,529.15,Yes
2417-ABCD68,Female,0,No,No,41.0,Fiber optic,Yes,Yes,One year,Yes,Mailed check,89.44,3672.3,No
2418-LMNO18,Male,0,Yes,Yes,48.0,DSL,Yes,No,Two year,No,Electronic check,55.5,2668.56,No
2419-LMNO15,Female,0,Yes,Yes,57.0,Fiber optic,No,No,Two year,Yes,Credit card (automatic),70.61,4018.37,No
2420-ABCD67,Male,0,Yes,No,10.0,Fiber optic,Yes,No,Month-to-month,Yes,Electronic check,87.85,873.92,Yes
2421-ABCD25,Male,0,Yes,Yes,13.0,No,No internet service,No internet service,Month-to-month,Yes,Mailed check,18.15,229.44,No
2422-LMNO12,Male,1,No,No,8.0,Fiber optic,No,No,Month-to-month,Yes,Mailed check,74.3,594.84,Yes
2423-ABCD73,Male,0,Yes,No,20.0,Fiber optic,Yes,No,Month-to-month,Yes,Mailed check,80.72,1619.03,No
2424-WXYZ45,Female,0,No,No,9.0,DSL,No,No,Month-to-month,Yes,Credit card (automatic),52.81,480.98,No
2425-WXYZ95,Male,0,No,No,52.0,No,No internet service,No internet service,Two year,No,Credit card (automatic),18.43,954.96,No
2426-WXYZ51,Male,0,No,No,30.0,Fiber optic,No,No,Month-to-month,Yes,Credit card (automatic),67.8,2034.55,Yes
2427-WXYZ70,Female,0,No,No,7.0,Fiber optic,No,Yes,Month-to-month,No,Credit card (automatic),62.7,435.18,Yes
2428-ABCD20,Female,0,Yes,Yes,18.0,DSL,Yes,Yes,Month-to-month,Yes,Mailed check,54.4,979.32,No
2429-WXYZ25,Female,0,No,No,42.0,Fiber optic,No,No,Two year,No,Electronic check,65.94,2766.31,No
2430-LMNO66,Male,0,Yes,Yes,12.0,Fiber optic,No,No,One year,Yes,Bank transfer (automatic),64.36,769.52,No
2431-ABCD68,Female,0,No,No,22.0,No,No internet service,No internet service,Month-to-month,No,Mailed check,18.0,389.39,No
2432-WXYZ85,Female,0,No,Yes,1.0,Fiber optic,Yes,Yes,Month-to-month,Yes,Electronic check,85.22,70.19,Yes
2433-WXYZ53,Male,0,No,No,9.0,DSL,Yes,Yes,Month-to-month,Yes,Mailed check,63.01,565.18,No
2434-LMNO88,Female,0,Yes,Yes,47.0,DSL,Yes,Yes,One year,Yes,Credit card (automatic),61.4,2887.49,No
2435-ABCD11,Male,0,No,No,46.0,No,No internet service,No internet service,One year,No,Electronic check,18.0,829.02,No
2436-WXYZ21,Male,0,Yes,No,21.0,No,No internet service,No internet service,One year,No,Credit card (automatic),18.0,370.52,No
2437-LMNO32,Female,1,Yes,No,3.0,DSL,No,No,Month-to-month,Yes,Mailed check,50.69,140.79,Yes
2438-WXYZ71,Female,1,No,No,72.0,DSL,Yes,No,Two year,No,Electronic check,53.28,3835.76,No
2439-ABCD71,Male,0,Yes,Yes,33.0,DSL,No,No,One year,Yes,Credit card (automatic),44.39,1459.07,No
2440-WXYZ76,Female,0,No,No,63.0,Fiber optic,No,No,Two year,Yes,Credit card (automatic),64.52,4062.51,No
2441-WXYZ76,Female,0,Yes,No,27.0,Fiber optic,No,Yes,One year,Yes,Electronic check,76.53,2060.46,No
2442-WXYZ70,Female,0,No,No,13.0,No,No internet service,No internet service,Month-to-month,No,Electronic check,18.0,226.22,No
2443-ABCD54,Male,0,Yes,Yes,4.0,Fiber optic,Yes,No,Month-to-month,Yes,Mailed check,88.44,359.61,Yes
2444-ABCD22,Female,0,No,No,1.0,Fiber optic,No,No,Month-to-month,Yes,Credit card (automatic),66.38,68.68,No
2445-LMNO16,Male,0,No,No,21.0,No,No internet service,No internet service,One year,Yes,Electronic check,18.0,377.88,No
2446-WXYZ83,Female,0,No,No,29.0,DSL,No,Yes,One year,Yes,Electronic check,47.35,1377.59,No
2447-LMNO62,Male,0,Yes,Yes,2.0,Fiber optic,Yes,Yes,Month-to-month,Yes,Bank transfer (automatic),75.4,150.89,Yes
2448-LMNO88,Male,0,No,No,2.0,Fiber optic,Yes,Yes,Month-to-month,Yes,Mailed check,80.43,158.97,Yes
2449-LMNO79,Female,0,Yes,No,17.0,Fiber optic,No,No,Month-to-month,Yes,Electronic check,79.33,1356.9,Yes
2450-WXYZ93,Male,0,Yes,No,48.0,No,No internet service,No internet service,Two year,Yes,Credit card (automatic),35.65,1719.82,No
2451-ABCD37,Male,0,Yes,Yes,6.0,No,No internet service,No internet service,Month-to-month,Yes,Credit card (automatic),20.1,115.55,Yes
2452-ABCD46,Male,0,No,No,6.0,Fiber optic,Yes,Yes,Month-to-month,Yes,Credit card (automatic),80.54,484.6,No
2453-LMNO31,Female,0,Yes,No,40.0,No,No internet service,No internet service,Month-to-month,No,Electronic check,20.13,805.92,No
2454-WXYZ30,Male,0,No,No,7.0,DSL,Yes,Yes,Month-to-month,Yes,Credit card (automatic),53.43,378.32,No
2455-LMNO88,Female,0,No,No,33.0,DSL,Yes,Yes,One year,No,Bank transfer (automatic),57.89,,No
2456-ABCD69,Male,0,Yes,No,60.0,Fiber optic,No,No,Two year,Yes,Electronic check,78.01,4686.98,No
2457-WXYZ59,Male,0,No,Yes,6.0,DSL,Yes,No,Month-to-month,Yes,Bank transfer (automatic),61.05,361.68,No
2458-WXYZ98,Male,0,Yes,No,47.0,Fiber optic,Yes,Yes,One year,Yes,Electronic check,77.89,3660.16,No
2459-WXYZ68,Male,0,No,No,10.0,Fiber optic,Yes,Yes,Month-to-month,No,Bank transfer (automatic),87.03,864.62,Yes
2460-LMNO38,Male,0,Yes,No,33.0,Fiber optic,No,No,Two year,No,Bank transfer (automatic),61.44,2024.85,No
2461-LMNO86,Male,0,No,No,3.0,Fiber optic,No,No,Month-to-month,Yes,Bank transfer (automatic),60.62,176.69,Yes
2462-WXYZ27,Female,0,Yes,Yes,18.0,No,No internet service,No internet service,Month-to-month,Yes,Electronic check,23.83,424.17,No
2463-WXYZ17,Female,0,Yes,No,8.0,No,No internet service,No internet service,Month-to-month,No,Bank transfer (automatic),18.0,147.86,Yes
2464-LMNO63,Male,0,Yes,No,1.0,No,No internet service,No internet service,Month-to-month,Yes,Electronic check,27.87,27.65,Yes
2465-ABCD47,Male,0,Yes,No,10.0,Fiber optic,No,Yes,Month-to-month,No,Credit card (automatic),64.73,657.27,Yes
2466-LMNO29,Female,0,Yes,Yes,28.0,DSL,No,No,One year,Yes,Bank transfer (automatic),51.14,1430.83,No
2467-LMNO70,Male,0,Yes,No,45.0,Fiber optic,Yes,No,One year,No,Electronic check,93.21,4190.52,No
2468-LMNO70,Male,0,No,Yes,1.0,Fiber optic,No,No,Month-to-month,Yes,Electronic check,70.78,68.16,No
2469-WXYZ76,Female,0,No,No,42.0,Fiber optic,Yes,Yes,One year,Yes,Bank transfer (automatic),83.49,3505.81,No
2470-ABCD44,Female,0,No,No,12.0,DSL,Yes,No,Month-to-month,No,Mailed check,57.0,685.56,No
2471-LMNO24,Female,1,No,Yes,33.0,Fiber optic,No,No,One year,Yes,Bank transfer (automatic),67.31,2219.23,No
2472-ABCD22,Male,0,No,No,38.0,No,No internet service,No internet service,One year,Yes,Electronic check,18.0,677.56,No
2473-ABCD44,Male,1,No,No,39.0,DSL,No,No,One year,Yes,Bank transfer (automatic),48.2,1884.47,No
2474-LMNO68,Female,0,No,Yes,1.0,Fiber optic,Yes,No,Month-to-month,Yes,Electronic check,88.03,94.12,Yes
2475-ABCD63,Male,0,Yes,Yes,1.0,DSL,No,No,Month-to-month,Yes,Mailed check,43.85,41.72,Yes
2476-LMNO39,Female,0,No,No,8.0,Fiber optic,Yes,No,Month-to-month,No,Credit card (automatic),85.15,688.63,Yes
2477-LMNO57,Female,0,Yes,No,1.0,Fiber optic,Yes,No,Month-to-month,No,Bank transfer (automatic),82.73,80.21,No
2478-ABCD44,Male,0,No,No,62.0,Fiber optic,No,No,Two year,Yes,Electronic check,63.92,3968.25,No
2479-WXYZ47,Female,0,No,No,4.0,No,No internet service,No internet service,Month-to-month,No,Credit card (automatic),18.0,67.25,No
2480-LMNO87,Female,0,Yes,Yes,8.0,Fiber optic,No,No,Month-to-month,Yes,Electronic check,67.16,549.15,No
2481-WXYZ58,Female,0,No,No,5.0,DSL,Yes,No,Month-to-month,No,Bank transfer (automatic),58.04,281.41,Yes
2482-LMNO88,Male,0,Yes,Yes,11.0,Fiber optic,No,No,Month-to-month,Yes,Mailed check,75.78,828.08,Yes
2483-LMNO67,Male,0,Yes,Yes,35.0,Fiber optic,No,No,One year,No,Electronic check,73.34,2577.89,Yes
2484-LMNO12,Male,0,Yes,Yes,2.0,Fiber optic,No,No,Month-to-month,No,Electronic check,77.7,146.84,Yes
2485-ABCD94,Male,0,No,No,43.0,DSL,Yes,Yes,One year,Yes,Electronic check,63.45,2727.11,No
2486-ABCD19,Female,0,No,Yes,20.0,DSL,No,Yes,Month-to-month,Yes,Credit card (automatic),37.08,738.96,No
2487-LMNO34,Male,0,No,No,51.0,DSL,No,Yes,Two year,Yes,Credit card (automatic),37.58,1916.74,No
2488-ABCD38,Male,0,Yes,Yes,62.0,Fiber optic,No,No,Two year,Yes,Mailed check,64.7,4012.67,No
2489-LMNO28,Male,0,No,No,44.0,Fiber optic,No,No,One year,Yes,Electronic check,68.24,3001.37,No
2490-LMNO75,Female,0,No,No,72.0,DSL,Yes,No,Two year,Yes,Credit card (automatic),56.12,4044.34,No
2491-WXYZ70,Male,0,Yes,No,5.0,Fiber optic,No,No,Month-to-month,No,Mailed check,73.46,374.36,No
2492-LMNO34,Male,0,No,No,52.0,Fiber optic,Yes,No,Two year,No,Mailed check,90.89,4723.37,No
2493-LMNO96,Male,0,Yes,No,,Fiber optic,Yes,No,Two year,Yes,Mailed check,78.96,4175.94,No
2494-LMNO64,Female,1,Yes,No,47.0,DSL,No,No,Two year,Yes,Mailed check,36.79,1725.76,No
2495-ABCD72,Male,1,Yes,Yes,31.0,DSL,Yes,Yes,One year,No,Mailed check,68.22,2116.32,No
2496-LMNO14,Female,0,No,No,45.0,Fiber optic,Yes,No,Two year,No,Bank transfer (automatic),86.16,3878.01,No
2497-LMNO30,Female,0,Yes,Yes,4.0,DSL,No,No,Month-to-month,Yes,Mailed check,42.32,173.69,No
2498-WXYZ13,Male,0,Yes,Yes,10.0,DSL,Yes,No,Month-to-month,Yes,Credit card (automatic),67.91,688.42,Yes
2499-WXYZ51,Female,0,Yes,No,5.0,Fiber optic,No,No,Month-to-month,No,Electronic check,76.23,382.21,No
2500-WXYZ34,Male,0,Yes,No,57.0,Fiber optic,Yes,No,Two year,No,Bank transfer (automatic),82.04,4674.25,No
2501-WXYZ84,Female,0,Yes,No,30.0,DSL,No,No,Month-to-month,Yes,Electronic check,49.35,1476.87,No
2502-LMNO70,Female,0,Yes,No,58.0,DSL,No,No,One year,No,Bank transfer (automatic),50.76,2943.15,No
2503-WXYZ36,Male,0,No,Yes,1.0,Fiber optic,Yes,No,Month-to-month,Yes,Electronic check,89.19,93.45,Yes
2504-LMNO63,Male,0,Yes,No,13.0,DSL,No,Yes,Month-to-month,Yes,Electronic check,51.34,664.4,Yes
2505-WXYZ96,Male,0,No,No,59.0,DSL,Yes,No,Two year,No,Credit card (automatic),55.25,3262.73,No
2506-LMNO30,Female,0,No,No,57.0,DSL,No,Yes,Two year,Yes,Electronic check,45.13,2566.99,No
2507-ABCD96,Male,1,Yes,Yes,18.0,Fiber optic,No,No,One year,No,Bank transfer (automatic),78.23,1408.05,Yes
2508-ABCD68,Female,0,Yes,Yes,2.0,Fiber optic,Yes,No,Month-to-month,Yes,Credit card (automatic),83.05,158.35,Yes
2509-LMNO98,Male,0,No,No,3.0,DSL,No,Yes,Month-to-month,Yes,Mailed check,41.77,122.47,Yes
2510-ABCD63,Female,0,Yes,Yes,8.0,DSL,Yes,Yes,Month-to-month,No,Electronic check,60.56,491.87,No
2511-WXYZ31,Male,0,Yes,Yes,21.0,Fiber optic,Yes,No,Month-to-month,No,Electronic check,77.08,1619.98,Yes
2512-LMNO74,Female,0,Yes,Yes,4.0,DSL,No,No,Month-to-month,No,Credit card (automatic),46.63,185.85,Yes
2513-LMNO13,Male,1,No,No,2.0,DSL,No,No,Month-to-month,Yes,Mailed check,36.67,74.69,Yes
2514-ABCD24,Female,0,No,No,3.0,DSL,Yes,No,Month-to-month,Yes,Bank transfer (automatic),66.33,201.56,No
2515-WXYZ95,Male,0,No,No,24.0,Fiber optic,No,No,One year,No,Bank transfer (automatic),61.89,1486.98,No
2516-WXYZ56,Male,0,No,No,1.0,DSL,No,No,Month-to-month,No,Mailed check,49.25,50.39,No
2517-ABCD55,Male,0,Yes,No,31.0,DSL,No,No,Month-to-month,No,Bank transfer (automatic),41.35,1276.86,No
2518-WXYZ59,Female,1,Yes,No,24.0,Fiber optic,Yes,No,Month-to-month,Yes,Electronic check,79.71,1905.65,No
2519-WXYZ42,Male,1,Yes,No,45.0,Fiber optic,Yes,No,Two year,Yes,Mailed check,85.13,3834.48,No
2520-LMNO68,Female,0,Yes,No,28.0,Fiber optic,No,Yes,Month-to-month,Yes,Bank transfer (automatic),71.5,1995.46,Yes
2521-LMNO88,Male,0,Yes,Yes,1.0,DSL,No,Yes,Month-to-month,No,Electronic check,45.46,47.29,Yes
2522-WXYZ29,Female,0,Yes,Yes,11.0,Fiber optic,Yes,No,Month-to-month,No,Electronic check,86.7,958.74,Yes
2523-WXYZ47,Female,0,Yes,Yes,47.0,No,No internet service,No internet service,Two year,Yes,Bank transfer (automatic),23.46,1097.47,No
2524-LMNO37,Female,0,Yes,No,56.0,No,No internet service,No internet service,Two year,Yes,Bank transfer (automatic),18.0,1004.72,No
2525-WXYZ22,Male,0,Yes,No,46.0,No,No internet service,No internet service,One year,Yes,Mailed check,20.68,950.51,No
2526-ABCD75,Male,1,No,No,1.0,DSL,No,Yes,Month-to-month,Yes,Credit card (automatic),38.18,33.74,No
2527-ABCD58,Male,0,No,Yes,35.0,No,No internet service,No internet service,One year,Yes,Mailed check,18.0,625.49,Yes
2528-WXYZ75,Male,1,No,No,53.0,Fiber optic,No,No,Two year,No,Credit card (automatic),64.5,3415.83,No
2529-WXYZ35,Female,0,Yes,Yes,42.0,DSL,Yes,No,One year,Yes,Bank transfer (automatic),50.14,2102.03,No
2530-LMNO81,Female,0,Yes,No,60.0,Fiber optic,No,No,Two year,Yes,Electronic check,69.94,4198.83,No
2531-LMNO31,Female,1,Yes,Yes,7.0,Fiber optic,No,Yes,Month-to-month,Yes,Mailed check,61.16,428.51,No
2532-ABCD49,Male,0,Yes,No,3.0,Fiber optic,No,No,Month-to-month,No,Bank transfer (automatic),72.03,208.86,Yes
2533-WXYZ39,Female,1,Yes,No,40.0,DSL,Yes,No,Two year,Yes,Credit card (automatic),67.59,2712.24,No
2534-ABCD93,Male,0,No,No,43.0,Fiber optic,Yes,Yes,One year,No,Electronic check,92.82,3989.77,No
2535-LMNO25,Female,0,No,No,3.0,DSL,Yes,No,Month-to-month,No,Mailed check,54.54,163.27,No
2536-WXYZ71,Male,1,Yes,No,19.0,No,No internet service,No internet service,Month-to-month,Yes,Electronic check,18.0,339.38,No
2537-LMNO16,Male,0,Yes,No,54.0,Fiber optic,No,Yes,Two year,Yes,Electronic check,73.91,3991.08,No
2538-ABCD68,Male,1,Yes,No,14.0,DSL,No,Yes,Month-to-month,No,Bank transfer (automatic),45.28,629.39,No
2539-LMNO65,Female,1,Yes,No,18.0,DSL,Yes,Yes,Month-to-month,Yes,Electronic check,59.63,1066.57,Yes
2540-LMNO62,Female,0,Yes,No,13.0,Fiber optic,No,No,Month-to-month,Yes,Bank transfer (automatic),63.46,823.32,Yes
2541-LMNO97,Male,0,Yes,Yes,34.0,No,No internet service,No internet service,Two year,No,Credit card (automatic),20.6,707.57,No
2542-LMNO82,Male,0,Yes,No,70.0,No,No internet service,No internet service,Two year,No,Credit card (automatic),24.33,1705.92,No
2543-LMNO60,Male,0,Yes,No,3.0,Fiber optic,No,Yes,Month-to-month,Yes,Electronic check,66.14,204.51,Yes
2544-ABCD90,Female,0,Yes,Yes,49.0,Fiber optic,No,No,One year,Yes,Bank transfer (automatic),72.32,3540.8,No
2545-LMNO66,Male,0,Yes,Yes,5.0,No,No internet service,No internet service,Month-to-month,No,Credit card (automatic),20.8,99.92,No
2546-LMNO29,Female,0,Yes,Yes,11.0,No,No internet service,No internet service,Month-to-month,Yes,Electronic check,18.0,195.42,No
2547-LMNO62,Female,0,No,No,54.0,Fiber optic,No,Yes,Two year,Yes,Mailed check,69.74,3768.53,No
2548-LMNO21,Female,0,Yes,Yes,6.0,Fiber optic,No,Yes,Month-to-month,Yes,Credit card (automatic),64.77,393.72,No
2549-ABCD26,Male,0,No,No,9.0,DSL,No,No,Month-to-month,Yes,Electronic check,49.28,442.14,Yes
2550-WXYZ38,Female,0,No,No,31.0,Fiber optic,No,Yes,One year,No,Credit card (automatic),64.85,2003.33,Yes
2551-LMNO20,Female,1,No,No,7.0,No,No internet service,No internet service,Month-to-month,No,Mailed check,18.0,130.87,Yes
2552-WXYZ59,Male,0,No,No,15.0,No,No internet service,No internet service,Month-to-month,No,Electronic check,24.51,373.2,Yes
2553-LMNO67,Female,0,No,No,46.0,DSL,Yes,No,One year,No,Mailed check,57.38,2642.04,No
2554-WXYZ29,Female,0,No,No,,Fiber optic,No,No,One year,Yes,Electronic check,65.32,2293.34,No
2555-WXYZ97,Male,0,Yes,No,5.0,DSL,Yes,Yes,Month-to-month,Yes,Electronic check,60.92,295.02,No
2556-WXYZ41,Male,1,Yes,Yes,8.0,Fiber optic,No,No,Month-to-month,No,Mailed check,78.98,627.22,No
2557-LMNO93,Male,0,No,Yes,31.0,Fiber optic,No,No,One year,Yes,Mailed check,75.82,2350.52,No
2558-LMNO46,Female,0,No,No,64.0,DSL,No,No,Two year,Yes,Mailed check,48.05,3069.91,No
2559-WXYZ49,Male,0,No,No,3.0,DSL,Yes,No,Month-to-month,Yes,Electronic check,64.97,199.5,No
2560-LMNO20,Female,0,No,No,47.0,DSL,No,No,Two year,Yes,Credit card (automatic),47.58,2230.38,No
2561-WXYZ73,Female,0,No,Yes,37.0,No,No internet service,No internet service,One year,Yes,Mailed check,21.14,788.9,No
2562-ABCD65,Female,0,No,No,37.0,Fiber optic,Yes,Yes,Two year,Yes,Credit card (automatic),89.57,3309.85,No
2563-WXYZ48,Male,0,No,No,5.0,DSL,No,No,Month-to-month,Yes,Credit card (automatic),46.74,240.7,No
2564-ABCD45,Female,0,No,No,18.0,DSL,No,No,Month-to-month,Yes,Electronic check,44.73,801.02,Yes
2565-ABCD22,Male,1,No,No,13.0,Fiber optic,No,Yes,Month-to-month,Yes,Electronic check,70.93,910.28,Yes
2566-ABCD35,Male,0,No,No,7.0,DSL,Yes,No,Month-to-month,Yes,Credit card (automatic),61.66,432.33,No
2567-WXYZ13,Female,0,No,No,59.0,DSL,No,No,Two year,No,Bank transfer (automatic),46.53,2748.68,No
2568-LMNO91,Male,0,No,No,10.0,No,No internet service,No internet service,Month-to-month,No,Electronic check,21.82,213.01,Yes
2569-WXYZ97,Female,0,Yes,No,45.0,DSL,No,No,One year,Yes,Bank transfer (automatic),40.07,1811.08,No
2570-LMNO96,Male,1,Yes,No,2.0,Fiber optic,Yes,No,Month-to-month,No,Electronic check,83.97,174.78,Yes
2571-WXYZ11,Male,0,No,No,45.0,Fiber optic,Yes,Yes,One year,No,Electronic check,78.67,3539.27,Yes
2572-LMNO20,Male,0,No,No,4.0,Fiber optic,No,No,Month-to-month,Yes,Mailed check,71.31,286.83,No
2573-WXYZ71,Female,0,Yes,Yes,5.0,Fiber optic,No,No,Month-to-month,Yes,Electronic check,71.72,358.68,No
2574-ABCD73,Female,0,Yes,No,2.0,Fiber optic,Yes,No,Month-to-month,No,Credit card (automatic),91.59,186.46,Yes
2575-WXYZ19,Female,0,No,No,58.0,Fiber optic,Yes,Yes,Two year,No,Credit card (automatic),86.5,5021.26,No
2576-WXYZ33,Male,0,No,No,5.0,No,No internet service,No internet service,Month-to-month,Yes,Bank transfer (automatic),18.15,82.47,No
2577-LMNO53,Male,0,No,No,11.0,Fiber optic,Yes,Yes,Month-to-month,No,Electronic check,82.89,920.17,No
2578-WXYZ96,Female,0,No,No,16.0,DSL,No,Yes,Month-to-month,Yes,Electronic check,48.23,777.62,No
2579-ABCD74,Male,0,Yes,No,69.0,Fiber optic,No,No,Two year,Yes,Mailed check,66.59,4589.48,No
2580-LMNO66,Male,0,Yes,Yes,30.0,Fiber optic,No,No,One year,Yes,Mailed check,70.77,2130.36,No
2581-LMNO62,Female,1,Yes,No,10.0,Fiber optic,No,No,One year,Yes,Electronic check,74.77,757.25,No
2582-WXYZ18,Male,0,No,No,37.0,Fiber optic,No,No,One year,Yes,Bank transfer (automatic),80.12,2955.87,No
2583-WXYZ22,Female,0,Yes,No,5.0,DSL,Yes,No,Month-to-month,No,Mailed check,65.78,332.34,No
2584-ABCD57,Female,0,No,No,28.0,DSL,No,Yes,One year,Yes,Credit card (automatic),42.37,1190.95,No
2585-WXYZ85,Male,0,No,No,6.0,DSL,No,No,Month-to-month,Yes,Credit card (automatic),41.27,249.44,No
2586-ABCD24,Male,0,No,No,6.0,DSL,No,Yes,Month-to-month,Yes,Mailed check,48.15,294.75,No
2587-WXYZ24,Male,0,No,No,48.0,No,No internet service,No internet service,One year,Yes,Bank transfer (automatic),18.93,909.64,No
2588-LMNO72,Female,0,Yes,Yes,59.0,No,No internet service,No internet service,One year,No,Electronic check,18.0,1064.47,No
2589-LMNO48,Female,0,No,No,6.0,DSL,No,No,Month-to-month,Yes,Electronic check,57.96,338.26,Yes
2590-ABCD90,Male,0,Yes,No,1.0,Fiber optic,No,No,Month-to-month,Yes,Credit card (automatic),70.87,67.59,Yes
2591-ABCD49,Male,0,Yes,No,65.0,No,No internet service,No internet service,Two year,Yes,Bank transfer (automatic),26.25,1712.58,No
2592-WXYZ94,Female,0,Yes,No,39.0,No,No internet service,No internet service,One year,Yes,Electronic check,18.33,711.39,No
2593-WXYZ86,Female,0,Yes,Yes,17.0,DSL,No,Yes,Month-to-month,Yes,Bank transfer (automatic),44.84,762.0,Yes
2594-ABCD72,Male,0,No,Yes,47.0,DSL,Yes,No,Month-to-month,Yes,Credit card (automatic),60.76,2850.07,No
2595-WXYZ92,Male,0,No,No,52.0,Fiber optic,No,Yes,Two year,Yes,Mailed check,68.64,3565.96,No
2596-LMNO57,Male,0,Yes,No,51.0,DSL,No,Yes,Two year,Yes,Electronic check,41.2,2102.89,No
2597-WXYZ25,Female,0,Yes,No,40.0,No,No internet service,No internet service,Two year,No,Credit card (automatic),30.99,1238.91,No
2598-LMNO48,Female,0,No,No,1.0,DSL,No,Yes,Month-to-month,Yes,Mailed check,46.77,37.68,Yes
2599-LMNO98,Male,1,No,No,6.0,DSL,Yes,No,Month-to-month,Yes,Mailed check,52.11,308.88,No
2600-WXYZ22,Female,0,Yes,Yes,4.0,Fiber optic,No,No,Month-to-month,No,Electronic check,70.51,289.01,Yes
2601-ABCD90,Male,0,No,No,38.0,Fiber optic,No,No,One year,No,Credit card (automatic),62.81,2392.13,No
2602-ABCD15,Male,0,No,Yes,3.0,DSL,Yes,Yes,Month-to-month,Yes,Credit card (automatic),55.77,167.47,Yes
2603-LMNO86,Male,0,No,No,36.0,Fiber optic,No,No,Month-to-month,No,Mailed check,70.53,2540.76,No
2604-ABCD69,Female,1,Yes,No,3.0,DSL,No,No,Month-to-month,No,Electronic check,47.7,139.87,Yes
2605-WXYZ23,Male,1,No,No,43.0,DSL,Yes,No,One year,Yes,Mailed check,47.38,2044.27,No
2606-LMNO63,Female,0,No,No,1.0,Fiber optic,No,No,Month-to-month,Yes,Electronic check,78.58,77.27,Yes
2607-LMNO81,Male,0,No,No,46.0,Fiber optic,No,Yes,One year,Yes,Electronic check,66.71,3062.5,No
2608-ABCD86,Male,0,No,No,63.0,No,No internet service,No internet service,Two year,Yes,Mailed check,18.88,1180.93,No
2609-LMNO72,Male,0,No,No,26.0,Fiber optic,Yes,Yes,One year,Yes,Electronic check,92.67,2400.71,No
2610-WXYZ62,Female,0,Yes,No,3.0,Fiber optic,No,Yes,Month-to-month,Yes,Credit card (automatic),78.56,231.72,Yes
2611-WXYZ76,Male,0,No,Yes,56.0,DSL,No,No,Two year,No,Electronic check,41.9,2354.64,No
2612-LMNO89,Female,0,No,No,2.0,No,No internet service,No internet service,Month-to-month,Yes,Mailed check,25.32,64.01,No
2613-WXYZ47,Male,0,No,No,23.0,No,No internet service,No internet service,Month-to-month,Yes,Electronic check,20.79,483.51,No
2614-LMNO81,Male,0,Yes,No,59.0,DSL,Yes,No,Two year,Yes,Bank transfer (automatic),73.27,4314.21,No
2615-WXYZ66,Male,0,Yes,Yes,4.0,DSL,No,No,Month-to-month,No,Electronic check,41.63,160.94,Yes
2616-WXYZ87,Male,0,No,No,4.0,No,No internet service,No internet service,Month-to-month,No,Mailed check,28.25,107.45,No
2617-LMNO19,Male,0,No,No,4.0,DSL,No,No,Month-to-month,Yes,Bank transfer (automatic),42.07,166.85,Yes
2618-LMNO68,Male,0,Yes,Yes,17.0,DSL,No,Yes,Month-to-month,Yes,Credit card (automatic),39.63,669.5,No
2619-ABCD68,Female,0,No,No,31.0,Fiber optic,Yes,Yes,One year,Yes,Bank transfer (automatic),83.48,2590.99,No
2620-LMNO78,Female,1,Yes,Yes,1.0,Fiber optic,No,Yes,Month-to-month,No,Electronic check,61.8,60.37,Yes
2621-WXYZ61,Male,1,No,No,22.0,DSL,No,No,One year,Yes,Electronic check,40.34,891.85,No
2622-ABCD50,Male,0,No,No,30.0,Fiber optic,No,No,One year,Yes,Bank transfer (automatic),68.4,2054.98,No
2623-LMNO94,Male,0,Yes,No,3.0,Fiber optic,Yes,No,Month-to-month,Yes,Electronic check,83.73,257.74,Yes
2624-WXYZ93,Male,0,No,No,10.0,No,No internet service,No internet service,Month-to-month,No,Mailed check,24.58,,No
2625-LMNO31,Male,0,No,No,14.0,Fiber optic,No,Yes,Month-to-month,Yes,Credit card (automatic),74.11,1042.31,Yes
2626-ABCD54,Female,0,Yes,Yes,66.0,Fiber optic,Yes,Yes,Two year,No,Credit card (automatic),84.82,,No
2627-LMNO51,Male,1,No,No,29.0,Fiber optic,No,Yes,One year,Yes,Credit card (automatic),61.31,1777.72,No
2628-WXYZ58,Male,0,Yes,No,66.0,DSL,No,No,Two year,Yes,Credit card (automatic),34.33,2261.61,No
2629-ABCD90,Male,0,No,No,20.0,No,No internet service,No internet service,Month-to-month,Yes,Bank transfer (automatic),18.0,361.77,No
2630-WXYZ45,Male,0,Yes,Yes,7.0,No,No internet service,No internet service,Month-to-month,No,Bank transfer (automatic),18.0,132.63,No
2631-ABCD10,Female,0,Yes,No,1.0,No,No internet service,No internet service,Month-to-month,No,Mailed check,18.0,23.85,No
2632-LMNO86,Male,0,Yes,Yes,22.0,No,No internet service,No internet service,Month-to-month,No,Credit card (automatic),28.11,620.22,No
2633-ABCD33,Male,0,Yes,No,9.0,No,No internet service,No internet service,Month-to-month,No,Electronic check,18.0,161.3,No
2634-WXYZ81,Female,0,No,No,62.0,Fiber optic,Yes,No,Two year,No,Bank transfer (automatic),80.67,5001.45,No
2635-WXYZ32,Male,0,Yes,No,9.0,DSL,Yes,Yes,Month-to-month,No,Electronic check,59.98,547.46,Yes
2636-WXYZ81,Female,0,Yes,Yes,57.0,Fiber optic,Yes,No,Two year,Yes,Electronic check,82.4,4692.59,No
2637-LMNO68,Female,0,No,No,1.0,Fiber optic,No,Yes,Month-to-month,No,Mailed check,72.99,75.32,Yes
2638-ABCD48,Male,1,No,No,52.0,DSL,Yes,No,Two year,No,Mailed check,61.23,3189.58,No
2639-ABCD37,Female,0,No,No,8.0,Fiber optic,No,Yes,Month-to-month,Yes,Bank transfer (automatic),79.27,634.11,Yes
2640-ABCD70,Male,1,No,No,62.0,DSL,No,No,Two year,No,Mailed check,43.54,2704.11,No
2641-LMNO11,Female,0,No,No,2.0,Fiber optic,Yes,Yes,Month-to-month,Yes,Mailed check,94.65,200.39,Yes
2642-WXYZ91,Male,0,Yes,No,66.0,Fiber optic,Yes,No,Two year,Yes,Electronic check,88.49,5839.88,No
2643-LMNO26,Male,0,Yes,Yes,6.0,Fiber optic,Yes,No,Month-to-month,Yes,Mailed check,87.65,524.63,No
2644-WXYZ22,Female,0,No,No,11.0,No,No internet service,No internet service,Month-to-month,Yes,Credit card (automatic),18.0,199.11,No
2645-WXYZ91,Female,1,Yes,No,20.0,DSL,No,No,Month-to-month,Yes,Electronic check,34.3,688.45,No
2646-ABCD52,Female,1,Yes,Yes,5.0,No,No internet service,No internet service,Month-to-month,No,Mailed check,18.0,96.67,No
2647-ABCD30,Female,0,Yes,Yes,22.0,No,No internet service,No internet service,One year,Yes,Mailed check,21.07,469.83,No
2648-LMNO90,Male,0,Yes,No,70.0,DSL,Yes,No,Two year,Yes,Credit card (automatic),63.77,4465.55,No
2649-LMNO24,Male,0,No,Yes,40.0,Fiber optic,No,No,One year,No,Bank transfer (automatic),72.67,2896.96,No
2650-ABCD61,Male,1,No,No,,DSL,No,No,One year,Yes,Electronic check,45.19,1755.16,No
2651-WXYZ62,Male,0,No,No,5.0,DSL,No,No,Month-to-month,Yes,Credit card (automatic),49.52,252.45,No
2652-LMNO61,Male,0,No,Yes,57.0,DSL,Yes,No,One year,Yes,Credit card (automatic),65.97,3757.14,No
2653-WXYZ42,Female,0,Yes,No,6.0,Fiber optic,No,Yes,Month-to-month,Yes,Bank transfer (automatic),68.46,415.98,No
2654-ABCD61,Male,0,Yes,No,36.0,DSL,No,No,Two year,Yes,Mailed check,47.79,1724.56,No
2655-ABCD63,Male,1,No,No,14.0,Fiber optic,Yes,No,Month-to-month,No,Bank transfer (automatic),86.92,1215.95,Yes
2656-LMNO10,Male,0,Yes,No,25.0,No,No internet service,No internet service,One year,Yes,Mailed check,24.03,596.63,No
2657-LMNO84,Female,0,Yes,Yes,1.0,DSL,Yes,No,Month-to-month,Yes,Bank transfer (automatic),61.64,60.79,No
2658-WXYZ89,Female,0,No,No,41.0,Fiber optic,Yes,No,Month-to-month,No,Credit card (automatic),86.32,3540.13,No
2659-ABCD41,Female,0,No,No,18.0,Fiber optic,Yes,Yes,Month-to-month,No,Credit card (automatic),81.98,1468.72,Yes
2660-LMNO21,Male,0,Yes,Yes,4.0,DSL,Yes,No,Month-to-month,Yes,Mailed check,61.03,248.76,Yes
2661-ABCD87,Female,0,No,Yes,1.0,DSL,Yes,No,Month-to-month,Yes,Credit card (automatic),58.3,61.81,No
2662-ABCD66,Male,1,No,No,14.0,DSL,No,No,Month-to-month,No,Electronic check,39.65,556.04,Yes
2663-LMNO71,Female,0,Yes,No,52.0,DSL,No,Yes,Two year,No,Electronic check,46.5,2418.95,No
2664-ABCD51,Female,0,No,No,29.0,DSL,Yes,Yes,Month-to-month,No,Mailed check,54.89,1598.92,No
2665-WXYZ20,Male,0,Yes,No,54.0,Fiber optic,No,No,Two year,Yes,Bank transfer (automatic),69.78,3764.46,No
2666-LMNO52,Male,0,No,No,3.0,No,No internet service,No internet service,Month-to-month,Yes,Electronic check,18.17,52.73,No
2667-LMNO26,Female,1,No,No,15.0,DSL,Yes,No,Month-to-month,Yes,Mailed check,57.19,858.16,No
2668-ABCD41,Male,0,No,No,40.0,Fiber optic,Yes,Yes,One year,No,Electronic check,92.03,3678.3,No
2669-WXYZ94,Female,0,Yes,Yes,9.0,Fiber optic,No,Yes,Month-to-month,No,Bank transfer (automatic),78.19,703.07,No
2670-ABCD49,Male,0,Yes,Yes,37.0,Fiber optic,No,No,Month-to-month,Yes,Credit card (automatic),68.52,2527.36,No
2671-LMNO65,Male,0,Yes,Yes,27.0,Fiber optic,Yes,No,One year,Yes,Bank transfer (automatic),89.99,2427.83,No
2672-WXYZ95,Male,0,No,No,1.0,DSL,No,Yes,Month-to-month,No,Mailed check,37.09,36.49,No
2673-WXYZ46,Male,1,Yes,Yes,31.0,Fiber optic,Yes,Yes,One year,Yes,Credit card (automatic),79.09,2448.05,No
2674-ABCD73,Male,0,Yes,No,25.0,No,No internet service,No internet service,Month-to-month,Yes,Bank transfer (automatic),19.69,498.72,No
2675-LMNO63,Male,0,Yes,No,10.0,DSL,No,No,Month-to-month,No,Credit card (automatic),39.67,398.89,Yes
2676-ABCD58,Female,0,Yes,No,54.0,Fiber optic,No,No,Two year,Yes,Bank transfer (automatic),71.88,3880.97,No
2677-LMNO20,Male,0,Yes,No,22.0,Fiber optic,No,Yes,One year,Yes,Credit card (automatic),71.44,1568.69,Yes
2678-ABCD30,Female,0,No,No,8.0,DSL,No,Yes,Month-to-month,Yes,Credit card (automatic),44.76,350.38,Yes
2679-LMNO75,Female,1,Yes,No,57.0,Fiber optic,Yes,No,Two year,Yes,Mailed check,96.84,5516.47,No
2680-LMNO92,Female,0,Yes,Yes,39.0,Fiber optic,No,No,Two year,Yes,Mailed check,71.84,2802.09,No
2681-LMNO37,Male,0,No,No,17.0,Fiber optic,Yes,No,Month-to-month,No,Bank transfer (automatic),87.88,1493.6,Yes
2682-LMNO26,Male,0,No,No,1.0,Fiber optic,No,No,Month-to-month,Yes,Bank transfer (automatic),72.43,68.68,Yes
2683-WXYZ28,Male,1,Yes,No,47.0,Fiber optic,No,Yes,Two year,No,Bank transfer (automatic),65.5,3086.86,No
2684-WXYZ37,Female,0,Yes,No,12.0,Fiber optic,No,No,Month-to-month,Yes,Mailed check,79.75,962.48,Yes
2685-WXYZ47,Female,1,No,No,20.0,No,No internet service,No internet service,Month-to-month,Yes,Mailed check,18.0,357.81,No
2686-LMNO46,Male,0,Yes,No,28.0,Fiber optic,No,Yes,Month-to-month,No,Mailed check,71.43,2002.96,No
2687-LMNO77,Male,1,No,No,25.0,DSL,Yes,No,One year,Yes,Credit card (automatic),63.72,1599.48,No
2688-WXYZ58,Female,0,Yes,No,65.0,Fiber optic,Yes,Yes,Two year,Yes,Bank transfer (automatic),89.92,5846.54,No
2689-LMNO45,Male,0,Yes,Yes,23.0,Fiber optic,Yes,Yes,One year,Yes,Electronic check,83.44,1918.29,No
2690-WXYZ22,Female,0,Yes,No,58.0,DSL,Yes,Yes,Two year,Yes,Electronic check,63.72,3686.69,No
2691-WXYZ41,Female,0,No,No,1.0,Fiber optic,No,Yes,Month-to-month,Yes,Electronic check,64.76,64.42,Yes
2692-ABCD69,Female,0,No,No,12.0,Fiber optic,No,No,Month-to-month,No,Electronic check,78.35,936.41,Yes
2693-WXYZ92,Male,0,Yes,No,37.0,DSL,No,Yes,One year,Yes,Electronic check,44.19,1632.06,No
2694-WXYZ65,Male,0,No,No,46.0,Fiber optic,No,No,Two year,No,Credit card (automatic),67.52,3104.32,No
2695-LMNO37,Female,0,Yes,No,2.0,Fiber optic,Yes,No,Month-to-month,Yes,Credit card (automatic),81.81,162.52,No
2696-ABCD51,Female,1,Yes,Yes,11.0,Fiber optic,Yes,No,Month-to-month,Yes,Mailed check,86.49,949.51,Yes
2697-WXYZ57,Male,0,No,No,2.0,Fiber optic,No,Yes,Month-to-month,Yes,Mailed check,62.1,117.53,No
2698-ABCD72,Male,1,Yes,No,1.0,Fiber optic,No,No,Month-to-month,Yes,Bank transfer (automatic),74.42,65.68,Yes
2699-WXYZ13,Female,0,No,No,9.0,No,No internet service,No internet service,Month-to-month,Yes,Credit card (automatic),18.0,166.12,No
2700-WXYZ36,Female,0,No,No,23.0,DSL,Yes,Yes,Month-to-month,No,Credit card (automatic),66.52,1538.45,Yes
2701-ABCD25,Female,0,No,No,65.0,DSL,No,No,Two year,Yes,Electronic check,38.79,2521.87,No
2702-LMNO97,Female,0,No,No,3.0,DSL,No,No,Month-to-month,Yes,Electronic check,45.66,131.5,Yes
2703-LMNO23,Male,1,Yes,Yes,42.0,No,No internet service,No internet service,One year,No,Electronic check,22.77,961.29,No
2704-ABCD34,Male,0,Yes,Yes,26.0,DSL,No,No,Month-to-month,Yes,Bank transfer (automatic),48.31,1266.42,No
2705-LMNO43,Female,1,Yes,No,5.0,DSL,Yes,No,Month-to-month,Yes,Bank transfer (automatic),57.42,293.17,No
2706-LMNO33,Female,1,Yes,No,34.0,DSL,No,No,One year,Yes,Electronic check,38.83,1326.95,No
2707-WXYZ82,Male,0,No,No,67.0,Fiber optic,Yes,No,Two year,Yes,Credit card (automatic),82.72,5536.4,No
2708-WXYZ29,Male,1,Yes,Yes,3.0,No,No internet service,No internet service,Month-to-month,Yes,Mailed check,25.83,74.67,No
2709-WXYZ92,Female,0,No,No,60.0,No,No internet service,No internet service,Two year,Yes,Credit card (automatic),30.46,1833.64,No
2710-LMNO33,Male,1,Yes,No,39.0,Fiber optic,No,Yes,Two year,Yes,Electronic check,61.89,2407.67,No
2711-ABCD76,Male,0,No,No,1.0,DSL,No,No,Month-to-month,No,Electronic check,41.31,38.54,No
2712-WXYZ36,Female,0,No,No,31.0,DSL,No,No,Month-to-month,No,Electronic check,36.34,1127.49,No
2713-ABCD24,Female,1,No,No,25.0,Fiber optic,Yes,No,One year,No,Electronic check,82.26,2059.19,Yes
2714-LMNO85,Female,0,Yes,Yes,3.0,No,No internet service,No internet service,Month-to-month,Yes,Bank transfer (automatic),18.0,52.62,Yes
2715-ABCD62,Male,0,No,No,1.0,DSL,No,No,Month-to-month,Yes,Electronic check,39.02,39.07,No
2716-WXYZ56,Female,0,Yes,Yes,14.0,DSL,Yes,No,Month-to-month,Yes,Bank transfer (automatic),68.32,957.31,Yes
2717-WXYZ96,Female,0,Yes,No,10.0,Fiber optic,No,Yes,Month-to-month,Yes,Electronic check,75.73,756.16,Yes
2718-LMNO59,Female,0,Yes,No,43.0,Fiber optic,Yes,No,Two year,Yes,Electronic check,86.22,3704.95,No
2719-LMNO13,Female,0,No,No,19.0,Fiber optic,No,Yes,Month-to-month,Yes,Credit card (automatic),69.45,1318.94,No
2720-LMNO57,Male,0,Yes,No,1.0,Fiber optic,No,Yes,Month-to-month,Yes,Credit card (automatic),74.46,71.75,Yes
2721-LMNO10,Male,0,No,No,31.0,DSL,No,Yes,Month-to-month,No,Mailed check,39.99,1244.15,No
2722-WXYZ98,Male,0,No,No,43.0,No,No internet service,No internet service,One year,Yes,Credit card (automatic),21.19,912.7,No
2723-WXYZ39,Male,0,Yes,Yes,32.0,DSL,Yes,No,One year,No,Bank transfer (automatic),56.97,1822.67,No
2724-LMNO30,Female,0,No,No,58.0,Fiber optic,No,No,Two year,No,Mailed check,81.72,4738.57,No
2725-ABCD93,Female,0,No,No,51.0,Fiber optic,Yes,No,Two year,Yes,Credit card (automatic),78.21,3993.93,No
2726-ABCD95,Female,1,Yes,No,13.0,DSL,Yes,Yes,One year,Yes,Electronic check,58.64,760.48,No
2727-ABCD71,Female,0,No,No,1.0,Fiber optic,Yes,Yes,Month-to-month,Yes,Electronic check,78.53,82.16,Yes
2728-ABCD47,Male,0,Yes,Yes,11.0,No,No internet service,No internet service,Month-to-month,No,Bank transfer (automatic),23.76,267.29,No
2729-ABCD24,Male,1,No,No,48.0,DSL,No,Yes,One year,Yes,Mailed check,48.75,2342.46,No
2730-WXYZ61,Male,0,Yes,No,56.0,No,No internet service,No internet service,Two year,Yes,Electronic check,18.0,999.94,No
2731-LMNO55,Male,0,Yes,No,51.0,Fiber optic,No,No,Two year,Yes,Electronic check,63.79,3251.17,No
2732-ABCD30,Male,0,No,No,53.0,DSL,Yes,No,One year,Yes,Bank transfer (automatic),58.07,3073.44,No
2733-ABCD14,Female,1,Yes,No,56.0,Fiber optic,Yes,No,Month-to-month,No,Bank transfer (automatic),81.51,4558.58,No
2734-WXYZ56,Female,0,Yes,Yes,3.0,DSL,No,No,Month-to-month,Yes,Mailed check,45.32,141.42,No
2735-LMNO77,Male,0,Yes,No,4.0,DSL,No,Yes,Month-to-month,Yes,Credit card (automatic),53.1,214.29,Yes
2736-LMNO27,Male,0,Yes,No,5.0,DSL,Yes,No,Month-to-month,Yes,Mailed check,63.31,303.73,No
2737-ABCD95,Female,0,No,No,15.0,Fiber optic,Yes,No,Month-to-month,No,Bank transfer (automatic),88.8,1331.94,Yes
2738-LMNO73,Male,0,No,No,32.0,DSL,No,Yes,Month-to-month,Yes,Credit card (automatic),44.98,1436.04,Yes
2739-LMNO49,Female,0,No,Yes,43.0,Fiber optic,Yes,Yes,Month-to-month,No,Credit card (automatic),98.22,4228.09,Yes
2740-WXYZ19,Female,0,No,No,44.0,Fiber optic,No,Yes,One year,No,Mailed check,70.58,3102.22,No
2741-ABCD61,Female,0,Yes,No,34.0,DSL,No,No,Month-to-month,No,Bank transfer (automatic),48.63,1655.0,Yes
2742-ABCD81,Male,0,Yes,Yes,42.0,No,No internet service,No internet service,One year,Yes,Mailed check,25.49,1072.11,No
2743-LMNO84,Female,0,No,No,17.0,DSL,Yes,No,Month-to-month,Yes,Bank transfer (automatic),59.74,1011.48,No
2744-ABCD73,Male,0,No,No,2.0,DSL,No,No,Month-to-month,Yes,Electronic check,46.04,87.04,Yes
2745-ABCD62,Female,1,Yes,Yes,54.0,Fiber optic,No,Yes,Two year,Yes,Mailed check,67.15,3636.24,No
2746-LMNO46,Male,0,Yes,Yes,1.0,Fiber optic,No,No,Month-to-month,Yes,Electronic check,70.09,72.05,Yes
2747-LMNO78,Male,0,No,No,62.0,Fiber optic,No,No,Two year,Yes,Electronic check,77.32,4794.09,No
2748-ABCD68,Female,1,No,No,11.0,No,No internet service,No internet service,Month-to-month,Yes,Bank transfer (automatic),25.82,290.07,No
2749-WXYZ74,Female,0,No,No,3.0,Fiber optic,No,No,Month-to-month,No,Credit card (automatic),73.44,229.11,Yes
2750-LMNO39,Female,0,Yes,Yes,16.0,No,No internet service,No internet service,Month-to-month,Yes,Electronic check,24.55,400.31,No
2751-LMNO85,Female,0,No,Yes,1.0,DSL,Yes,No,Month-to-month,Yes,Electronic check,59.81,52.94,Yes
2752-LMNO86,Female,0,Yes,Yes,20.0,DSL,Yes,No,Month-to-month,No,Mailed check,64.74,1294.96,No
2753-LMNO81,Male,1,Yes,Yes,27.0,No,No internet service,No internet service,One year,Yes,Bank transfer (automatic),19.24,518.09,No
2754-LMNO73,Female,0,No,No,18.0,Fiber optic,No,No,Month-to-month,No,Electronic check,61.83,1122.42,Yes
2755-ABCD63,Female,0,Yes,Yes,32.0,DSL,No,Yes,One year,Yes,Electronic check,54.16,1736.68,No
2756-WXYZ82,Female,0,Yes,No,6.0,No,No internet service,No internet service,Month-to-month,No,Mailed check,18.98,107.4,No
2757-LMNO67,Female,0,No,No,7.0,DSL,Yes,No,Month-to-month,No,Credit card (automatic),65.27,447.68,No
2758-ABCD65,Male,0,No,No,62.0,Fiber optic,Yes,No,Two year,Yes,Electronic check,83.19,5165.89,No
2759-LMNO43,Female,0,No,No,63.0,Fiber optic,No,Yes,Two year,No,Mailed check,56.55,3562.59,No
2760-LMNO40,Male,0,Yes,No,3.0,DSL,No,No,Month-to-month,Yes,Bank transfer (automatic),44.64,133.73,No
2761-ABCD85,Male,0,Yes,Yes,6.0,Fiber optic,Yes,Yes,Month-to-month,Yes,Electronic check,75.79,453.02,Yes
2762-ABCD64,Female,1,No,No,8.0,No,No internet service,No internet service,Month-to-month,No,Electronic check,23.78,186.08,No
2763-WXYZ49,Male,0,No,No,57.0,Fiber optic,No,Yes,Two year,No,Mailed check,68.85,3924.65,No
2764-ABCD10,Female,0,No,No,4.0,DSL,No,No,Month-to-month,Yes,Credit card (automatic),51.09,208.39,No
2765-ABCD72,Male,0,Yes,No,72.0,DSL,No,Yes,Two year,Yes,Electronic check,46.17,3324.1,No
2766-WXYZ63,Male,0,Yes,No,7.0,DSL,No,No,Month-to-month,No,Mailed check,39.85,284.19,No
2767-WXYZ30,Female,0,No,No,54.0,DSL,Yes,Yes,Two year,Yes,Mailed check,63.35,3424.34,No
2768-LMNO90,Female,0,No,No,1.0,No,No internet service,No internet service,Month-to-month,No,Credit card (automatic),18.0,22.51,No
2769-WXYZ47,Female,0,Yes,No,9.0,DSL,No,No,Month-to-month,No,Electronic check,43.46,392.06,No
2770-LMNO89,Female,0,Yes,Yes,37.0,No,No internet service,No internet service,One year,Yes,Mailed check,18.0,665.18,No
2771-WXYZ56,Female,1,No,No,,Fiber optic,No,No,Two year,Yes,Credit card (automatic),71.75,4012.25,No
2772-ABCD26,Male,0,Yes,No,56.0,Fiber optic,No,Yes,Two year,Yes,Credit card (automatic),71.24,3994.37,No
2773-WXYZ22,Male,0,Yes,Yes,29.0,Fiber optic,No,Yes,One year,No,Bank transfer (automatic),70.63,2049.55,No
2774-ABCD47,Male,0,Yes,No,19.0,Fiber optic,Yes,No,One year,No,Mailed check,80.32,1524.81,Yes
2775-ABCD87,Female,0,No,No,42.0,DSL,No,No,One year,Yes,Mailed check,51.76,2168.24,No
2776-ABCD15,Female,0,Yes,Yes,37.0,DSL,Yes,No,One year,Yes,Mailed check,64.54,2394.32,No
2777-LMNO23,Male,1,No,No,72.0,DSL,No,Yes,Two year,No,Bank transfer (automatic),46.17,3324.17,No
2778-LMNO81,Female,0,Yes,No,2.0,Fiber optic,Yes,No,Month-to-month,Yes,Bank transfer (automatic),82.1,173.61,Yes
2779-ABCD24,Female,0,No,No,35.0,Fiber optic,No,No,One year,No,Credit card (automatic),68.25,2378.39,No
2780-WXYZ36,Male,0,Yes,Yes,23.0,No,No internet service,No internet service,Month-to-month,Yes,Mailed check,19.92,459.72,Yes
2781-ABCD40,Male,1,No,No,35.0,No,No internet service,No internet service,One year,No,Bank transfer (automatic),18.0,623.21,No
2782-ABCD44,Female,0,No,No,59.0,No,No internet service,No internet service,Two year,No,Credit card (automatic),24.27,1428.27,No
2783-WXYZ78,Female,0,No,No,23.0,No,No internet service,No internet service,Month-to-month,Yes,Credit card (automatic),26.3,603.52,No
2784-WXYZ67,Female,0,No,No,3.0,DSL,No,No,Month-to-month,No,Bank transfer (automatic),53.55,163.77,Yes
2785-ABCD32,Male,0,No,No,2.0,No,No internet service,No internet service,Month-to-month,Yes,Bank transfer (automatic),18.28,37.92,Yes
2786-ABCD43,Female,0,No,No,11.0,DSL,No,Yes,Month-to-month,Yes,Mailed check,51.89,568.05,No
2787-WXYZ56,Male,0,No,Yes,20.0,No,No internet service,No internet service,Month-to-month,Yes,Electronic check,27.19,540.46,Yes
2788-ABCD29,Male,0,No,No,56.0,Fiber optic,No,Yes,Two year,No,Electronic check,66.84,3734.46,No
2789-WXYZ79,Female,0,Yes,No,24.0,No,No internet service,No internet service,One year,No,Mailed check,18.0,428.94,No
2790-LMNO73,Male,1,No,Yes,36.0,DSL,Yes,No,Two year,No,Electronic check,65.43,2351.76,No
2791-WXYZ27,Female,0,Yes,No,1.0,Fiber optic,Yes,Yes,Month-to-month,No,Bank transfer (automatic),82.26,88.21,Yes
2792-ABCD23,Male,1,Yes,No,58.0,Fiber optic,Yes,Yes,Two year,Yes,Bank transfer (automatic),81.33,4715.15,No
2793-WXYZ22,Female,0,Yes,No,22.0,No,No internet service,No internet service,One year,Yes,Mailed check,24.08,527.81,No
2794-LMNO53,Female,0,Yes,Yes,1.0,DSL,No,No,Month-to-month,Yes,Electronic check,38.07,39.12,Yes
2795-LMNO24,Male,0,No,No,28.0,No,No internet service,No internet service,One year,No,Electronic check,18.0,510.83,No
2796-LMNO72,Female,0,No,No,48.0,Fiber optic,No,No,Two year,No,Electronic check,60.68,2919.37,No
2797-LMNO44,Male,0,No,No,7.0,Fiber optic,Yes,Yes,Month-to-month,Yes,Electronic check,80.8,577.56,Yes
2798-ABCD44,Female,0,No,No,35.0,Fiber optic,Yes,No,One year,No,Credit card (automatic),81.71,2852.85,No
2799-LMNO29,Male,0,No,No,49.0,DSL,No,No,Two year,Yes,Mailed check,41.25,2022.07,No
2800-LMNO41,Male,0,No,No,31.0,DSL,No,Yes,Month-to-month,Yes,Electronic check,42.85,1327.83,Yes
2801-WXYZ57,Male,0,Yes,No,36.0,DSL,Yes,No,One year,Yes,Electronic check,49.73,1781.16,No
2802-ABCD26,Male,0,No,Yes,21.0,Fiber optic,No,Yes,Month-to-month,No,Bank transfer (automatic),64.97,1358.54,No
2803-LMNO59,Female,0,No,Yes,4.0,Fiber optic,No,No,Month-to-month,Yes,Bank transfer (automatic),76.72,311.43,No
2804-ABCD41,Male,0,No,No,33.0,Fiber optic,No,No,One year,No,Electronic check,71.49,2361.8,No
2805-ABCD79,Male,0,No,No,1.0,No,No internet service,No internet service,Month-to-month,Yes,Credit card (automatic),18.0,20.6,Yes
2806-WXYZ23,Male,1,No,Yes,37.0,Fiber optic,No,Yes,One year,Yes,Credit card (automatic),66.72,2470.88,No
2807-ABCD88,Male,1,Yes,Yes,9.0,Fiber optic,Yes,Yes,Month-to-month,Yes,Electronic check,88.83,791.05,Yes
2808-LMNO77,Female,0,Yes,Yes,3.0,DSL,Yes,No,Month-to-month,No,Mailed check,60.43,175.8,No
2809-LMNO89,Female,0,No,No,21.0,No,No internet service,No internet service,Month-to-month,Yes,Mailed check,18.0,375.32,No
2810-WXYZ13,Male,0,No,No,15.0,Fiber optic,Yes,No,Month-to-month,No,Mailed check,82.33,1239.1,Yes
2811-ABCD37,Female,0,No,No,3.0,Fiber optic,No,No,Month-to-month,Yes,Credit card (automatic),63.82,192.12,Yes
2812-ABCD75,Female,0,Yes,Yes,52.0,DSL,No,No,Two year,Yes,Electronic check,41.54,2164.6,No
2813-LMNO12,Male,0,Yes,No,47.0,No,No internet service,No internet service,Two year,No,Mailed check,23.43,1110.99,No
2814-WXYZ17,Female,0,No,No,64.0,DSL,No,No,Two year,Yes,Mailed check,47.92,3058.94,No
2815-LMNO52,Female,0,Yes,No,13.0,Fiber optic,Yes,Yes,Month-to-month,No,Mailed check,90.15,1171.35,Yes
2816-LMNO82,Female,0,No,No,59.0,DSL,No,Yes,Two year,Yes,Credit card (automatic),45.71,2696.32,No
2817-LMNO54,Female,0,Yes,No,48.0,No,No internet service,No internet service,Two year,No,Electronic check,18.0,859.86,No
2818-WXYZ17,Male,0,Yes,No,3.0,DSL,No,No,Month-to-month,No,Electronic check,38.77,118.51,No
2819-LMNO66,Female,0,No,No,10.0,Fiber optic,No,No,Month-to-month,No,Bank transfer (automatic),72.37,737.98,Yes
2820-LMNO39,Female,1,Yes,No,2.0,Fiber optic,Yes,Yes,Month-to-month,Yes,Electronic check,85.51,166.28,Yes
2821-WXYZ27,Male,0,No,No,15.0,No,No internet service,No internet service,Month-to-month,No,Electronic check,18.0,273.01,No
2822-WXYZ78,Female,0,No,No,60.0,DSL,No,No,Two year,Yes,Mailed check,43.29,2592.17,No
2823-ABCD48,Male,0,Yes,No,40.0,DSL,No,No,One year,Yes,Electronic check,54.5,2170.97,No
2824-WXYZ52,Female,0,No,No,40.0,Fiber optic,No,No,One year,Yes,Mailed check,74.66,2983.33,No
2825-WXYZ54,Female,0,No,No,12.0,DSL,Yes,No,Month-to-month,Yes,Electronic check,67.49,811.24,Yes
2826-LMNO78,Male,0,Yes,Yes,5.0,Fiber optic,No,Yes,Month-to-month,No,Electronic check,64.1,322.5,No
2827-WXYZ15,Male,0,Yes,Yes,1.0,Fiber optic,No,No,Month-to-month,No,Mailed check,78.35,87.24,Yes
2828-WXYZ13,Female,1,Yes,Yes,56.0,No,No internet service,No internet service,Two year,Yes,Electronic check,18.0,1009.39,No
2829-ABCD32,Male,0,No,No,1.0,Fiber optic,Yes,No,Month-to-month,No,Credit card (automatic),92.86,92.93,Yes
2830-WXYZ41,Male,1,No,No,69.0,Fiber optic,Yes,No,Two year,Yes,Mailed check,86.79,5992.67,No
2831-WXYZ27,Male,0,No,No,1.0,No,No internet service,No internet service,Month-to-month,No,Bank transfer (automatic),23.14,24.38,No
2832-LMNO49,Male,1,No,No,25.0,Fiber optic,No,No,One year,No,Credit card (automatic),73.47,1836.63,No
2833-WXYZ82,Male,0,No,No,47.0,DSL,Yes,Yes,One year,No,Electronic check,60.49,2842.13,No
2834-ABCD83,Male,0,No,No,52.0,DSL,No,No,Two year,Yes,Bank transfer (automatic),47.92,2495.02,No
2835-WXYZ72,Male,0,No,Yes,2.0,No,No internet service,No internet service,Month-to-month,No,Credit card (automatic),18.0,38.64,Yes
2836-LMNO20,Female,0,Yes,No,7.0,No,No internet service,No internet service,Month-to-month,Yes,Electronic check,19.36,134.2,No
2837-LMNO26,Female,0,No,No,1.0,DSL,Yes,Yes,Month-to-month,No,Credit card (automatic),63.9,71.11,No
2838-LMNO77,Male,0,No,No,57.0,Fiber optic,No,Yes,Two year,Yes,Electronic check,70.54,4024.99,No
2839-ABCD50,Male,1,No,No,8.0,DSL,No,No,Month-to-month,No,Electronic check,43.25,350.81,No
2840-LMNO14,Female,1,No,No,16.0,No,No internet service,No internet service,Month-to-month,Yes,Bank transfer (automatic),21.17,334.15,Yes
2841-WXYZ79,Male,0,Yes,Yes,5.0,Fiber optic,No,No,Month-to-month,No,Electronic check,63.18,313.33,Yes
2842-LMNO31,Male,0,No,No,17.0,No,No internet service,No internet service,Month-to-month,Yes,Bank transfer (automatic),25.23,436.49,No
2843-ABCD93,Male,0,Yes,No,69.0,Fiber optic,Yes,No,Two year,No,Credit card (automatic),74.61,5153.29,No
2844-WXYZ20,Female,0,No,No,72.0,Fiber optic,Yes,No,Two year,No,Credit card (automatic),84.88,6104.29,No
2845-ABCD12,Female,0,Yes,No,40.0,Fiber optic,No,No,Month-to-month,No,Mailed check,73.8,2953.68,No
2846-ABCD69,Female,0,No,No,53.0,Fiber optic,Yes,Yes,Two year,No,Credit card (automatic),85.41,4531.52,No
2847-LMNO23,Female,1,No,No,6.0,No,No internet service,No internet service,One year,Yes,Mailed check,18.0,102.87,No
2848-ABCD27,Female,0,No,Yes,28.0,No,No internet service,No internet service,Month-to-month,No,Electronic check,25.5,719.05,Yes
2849-ABCD82,Male,0,Yes,No,47.0,DSL,No,No,Two year,Yes,Mailed check,41.56,1953.58,No
2850-LMNO83,Female,0,No,No,11.0,DSL,No,Yes,One year,No,Bank transfer (automatic),53.42,595.15,No
2851-LMNO56,Male,0,No,No,3.0,DSL,No,No,Month-to-month,No,Mailed check,43.95,131.21,No
2852-ABCD56,Female,0,No,No,43.0,No,No internet service,No internet service,One year,Yes,Mailed check,18.77,799.88,No
2853-LMNO39,Female,0,Yes,Yes,1.0,No,No internet service,No internet service,Month-to-month,No,Mailed check,23.64,26.28,Yes
2854-ABCD37,Female,0,No,No,15.0,Fiber optic,No,No,Month-to-month,No,Mailed check,68.45,1021.13,No
2855-WXYZ34,Male,0,Yes,Yes,42.0,DSL,Yes,No,One year,Yes,Credit card (automatic),60.48,2537.3,No
2856-WXYZ87,Male,0,No,No,42.0,DSL,Yes,No,Two year,Yes,Mailed check,62.86,2631.03,No
2857-WXYZ67,Female,0,Yes,No,37.0,No,No internet service,No internet service,One year,Yes,Electronic check,18.0,661.96,No
2858-WXYZ50,Female,0,No,No,19.0,DSL,No,Yes,Month-to-month,No,Bank transfer (automatic),48.06,919.86,No
2859-ABCD87,Female,0,No,No,68.0,No,No internet service,No internet service,Two year,Yes,Electronic check,18.0,1224.74,No
2860-LMNO57,Male,0,Yes,Yes,23.0,No,No internet service,No internet service,Month-to-month,Yes,Credit card (automatic),19.94,457.46,No
2861-WXYZ19,Female,1,No,No,7.0,DSL,No,No,Month-to-month,Yes,Electronic check,43.22,298.16,No
2862-LMNO84,Female,0,No,No,5.0,No,No internet service,No internet service,Month-to-month,Yes,Electronic check,18.0,91.04,No
2863-LMNO94,Female,1,Yes,No,7.0,Fiber optic,Yes,Yes,Month-to-month,No,Electronic check,93.46,653.11,Yes
2864-ABCD95,Female,0,No,Yes,12.0,Fiber optic,No,No,Month-to-month,Yes,Electronic check,70.84,862.03,Yes
2865-ABCD16,Female,1,Yes,Yes,51.0,No,No internet service,No internet service,One year,No,Bank transfer (automatic),18.0,918.11,No
2866-LMNO90,Female,0,Yes,No,49.0,Fiber optic,No,No,Two year,Yes,Mailed check,70.71,3467.06,No
2867-WXYZ73,Female,0,Yes,Yes,53.0,Fiber optic,No,No,Two year,Yes,Credit card (automatic),82.43,4365.62,No
2868-WXYZ85,Female,1,No,No,61.0,DSL,No,No,Two year,Yes,Mailed check,40.02,2441.13,No
2869-ABCD51,Male,0,Yes,No,40.0,Fiber optic,No,No,Month-to-month,No,Electronic check,73.29,2933.91,No
2870-WXYZ63,Male,0,No,No,46.0,No,No internet service,No internet service,One year,Yes,Bank transfer (automatic),18.0,823.39,No
2871-LMNO84,Female,0,No,No,58.0,No,No internet service,No internet service,Two year,Yes,Bank transfer (automatic),22.41,1302.75,No
2872-ABCD27,Female,1,Yes,No,1.0,DSL,No,No,Month-to-month,Yes,Credit card (automatic),41.7,42.35,Yes
2873-LMNO68,Female,0,No,Yes,47.0,DSL,No,Yes,Two year,Yes,Bank transfer (automatic),44.18,2065.08,No
2874-WXYZ25,Male,0,Yes,Yes,4.0,DSL,No,No,Month-to-month,No,Electronic check,45.79,187.28,Yes
2875-WXYZ66,Male,0,No,No,2.0,DSL,Yes,No,Month-to-month,No,Bank transfer (automatic),66.6,135.64,No
2876-LMNO56,Female,1,Yes,Yes,24.0,Fiber optic,Yes,Yes,Month-to-month,Yes,Mailed check,77.63,1864.31,Yes
2877-LMNO57,Female,0,Yes,Yes,22.0,DSL,Yes,Yes,One year,Yes,Mailed check,68.5,1503.83,No
2878-WXYZ85,Male,0,No,No,41.0,DSL,Yes,No,One year,No,Credit card (automatic),50.41,2079.14,No
2879-ABCD13,Male,0,No,No,10.0,Fiber optic,No,No,Month-to-month,Yes,Mailed check,71.64,713.46,Yes
2880-LMNO11,Female,0,Yes,Yes,34.0,No,No internet service,No internet service,One year,Yes,Bank transfer (automatic),20.3,675.25,Yes
2881-WXYZ68,Male,0,No,No,57.0,DSL,No,No,Two year,Yes,Mailed check,44.34,2529.97,No
2882-LMNO36,Female,0,Yes,No,44.0,Fiber optic,Yes,No,Two year,Yes,Electronic check,85.18,3747.24,No
2883-LMNO81,Male,0,No,No,60.0,DSL,Yes,No,Month-to-month,Yes,Mailed check,62.61,3749.39,No
2884-LMNO72,Female,0,No,No,9.0,Fiber optic,Yes,No,Month-to-month,Yes,Bank transfer (automatic),87.31,784.53,No
2885-LMNO55,Female,0,Yes,Yes,45.0,Fiber optic,Yes,No,One year,Yes,Mailed check,84.1,3784.16,No
2886-LMNO21,Female,0,Yes,No,8.0,No,No internet service,No internet service,Month-to-month,Yes,Mailed check,23.52,184.38,No
2887-ABCD52,Male,0,Yes,No,4.0,No,No internet service,No internet service,Month-to-month,No,Credit card (automatic),18.85,75.95,Yes
2888-ABCD72,Female,0,Yes,No,3.0,Fiber optic,Yes,No,Month-to-month,No,Electronic check,85.47,258.19,Yes
2889-ABCD90,Male,0,Yes,Yes,45.0,No,No internet service,No internet service,Two year,No,Electronic check,25.79,1160.32,No
2890-ABCD17,Male,1,No,No,38.0,Fiber optic,No,Yes,Two year,No,Credit card (automatic),75.93,2880.73,No
2891-ABCD89,Female,0,No,No,1.0,Fiber optic,Yes,Yes,Month-to-month,Yes,Credit card (automatic),90.24,92.58,No
2892-WXYZ56,Female,0,Yes,No,2.0,Fiber optic,No,Yes,Month-to-month,Yes,Mailed check,64.87,121.65,Yes
2893-ABCD39,Female,0,No,No,37.0,Fiber optic,No,No,One year,No,Credit card (automatic),72.13,2670.84,No
2894-LMNO25,Male,0,No,No,8.0,Fiber optic,Yes,Yes,Month-to-month,Yes,Electronic check,87.31,700.02,No
2895-WXYZ83,Male,1,No,Yes,4.0,No,No internet service,No internet service,Month-to-month,Yes,Electronic check,28.84,114.28,No
2896-LMNO61,Male,1,No,No,1.0,Fiber optic,No,No,Month-to-month,Yes,Credit card (automatic),73.96,71.41,Yes
2897-ABCD46,Female,0,No,No,7.0,Fiber optic,Yes,No,Month-to-month,Yes,Credit card (automatic),81.86,566.88,Yes
2898-ABCD76,Female,0,Yes,Yes,16.0,DSL,No,Yes,Month-to-month,No,Electronic check,43.09,686.78,No
2899-LMNO56,Female,0,Yes,No,38.0,Fiber optic,No,Yes,One year,No,Electronic check,57.29,2172.95,Yes
2900-WXYZ61,Female,0,Yes,No,47.0,DSL,Yes,No,One year,No,Electronic check,59.61,2796.63,No
2901-LMNO86,Male,0,Yes,No,15.0,Fiber optic,No,No,Month-to-month,No,Electronic check,68.15,1016.23,Yes
2902-WXYZ30,Male,0,Yes,Yes,5.0,Fiber optic,No,Yes,Month-to-month,Yes,Bank transfer (automatic),67.38,343.47,Yes
2903-ABCD36,Male,0,No,Yes,8.0,DSL,No,Yes,Month-to-month,No,Mailed check,41.1,332.62,No
2904-LMNO38,Male,0,Yes,Yes,47.0,Fiber optic,No,Yes,One year,Yes,Mailed check,77.69,3663.64,No
2905-ABCD79,Male,0,No,No,6.0,Fiber optic,No,Yes,Month-to-month,No,Bank transfer (automatic),56.56,340.54,No
2906-LMNO45,Female,0,Yes,Yes,9.0,Fiber optic,No,No,Month-to-month,Yes,Credit card (automatic),63.66,576.54,No
2907-WXYZ31,Male,0,No,No,47.0,DSL,No,No,One year,No,Electronic check,56.93,2675.35,No
2908-WXYZ78,Female,0,No,Yes,38.0,DSL,Yes,No,One year,No,Bank transfer (automatic),64.92,2474.52,No
2909-WXYZ39,Male,0,Yes,Yes,12.0,DSL,Yes,Yes,Month-to-month,Yes,Credit card (automatic),61.53,,Yes
2910-ABCD28,Female,0,Yes,No,18.0,DSL,No,Yes,Month-to-month,Yes,Electronic check,44.98,814.51,No
2911-LMNO43,Female,0,No,No,62.0,DSL,Yes,Yes,Two year,Yes,Credit card (automatic),57.07,3539.27,No
2912-ABCD52,Female,0,Yes,Yes,56.0,Fiber optic,No,No,Two year,Yes,Bank transfer (automatic),63.62,3571.92,Yes
2913-WXYZ31,Male,0,Yes,Yes,38.0,No,No internet service,No internet service,Month-to-month,Yes,Electronic check,21.84,827.51,No
2914-LMNO45,Female,1,Yes,No,45.0,No,No internet service,No internet service,Two year,No,Electronic check,24.0,1085.74,No
2915-ABCD28,Female,0,No,No,19.0,DSL,Yes,No,One year,Yes,Bank transfer (automatic),56.53,1073.53,No
2916-WXYZ79,Male,0,No,No,46.0,Fiber optic,No,Yes,Two year,Yes,Mailed check,60.92,2798.14,No
2917-LMNO88,Male,0,No,No,11.0,DSL,No,No,Month-to-month,No,Mailed check,48.32,531.26,Yes
2918-ABCD29,Male,1,No,No,58.0,Fiber optic,Yes,No,Two year,Yes,Electronic check,88.88,5143.8,No
2919-ABCD41,Female,0,No,No,41.0,DSL,Yes,Yes,Two year,Yes,Bank transfer (automatic),64.16,2635.23,No
2920-WXYZ91,Female,0,No,No,2.0,Fiber optic,No,No,Month-to-month,No,Electronic check,69.21,141.75,Yes
2921-ABCD29,Female,0,No,No,72.0,DSL,No,No,Two year,No,Mailed check,34.21,2472.61,No
2922-LMNO84,Male,0,Yes,No,6.0,Fiber optic,No,No,Month-to-month,Yes,Mailed check,63.87,378.41,Yes
2923-ABCD31,Male,0,Yes,No,5.0,No,No internet service,No internet service,Month-to-month,Yes,Bank transfer (automatic),26.43,128.43,No
2924-WXYZ77,Female,0,No,No,3.0,Fiber optic,Yes,No,Month-to-month,Yes,Electronic check,78.25,228.43,Yes
2925-ABCD53,Male,0,No,No,70.0,DSL,No,No,Two year,Yes,Electronic check,48.5,3396.83,No
2926-WXYZ86,Female,0,Yes,No,4.0,No,No internet service,No internet service,Month-to-month,Yes,Electronic check,18.0,69.92,No
2927-WXYZ18,Female,0,Yes,Yes,16.0,Fiber optic,No,Yes,One year,No,Electronic check,64.39,1026.11,No
2928-WXYZ16,Male,1,No,No,35.0,No,No internet service,No internet service,One year,No,Electronic check,29.13,1021.55,No
2929-LMNO40,Female,0,No,No,18.0,Fiber optic,No,Yes,Month-to-month,Yes,Bank transfer (automatic),79.31,1433.09,Yes
2930-LMNO66,Male,0,Yes,Yes,14.0,No,No internet service,No internet service,Month-to-month,Yes,Bank transfer (automatic),20.82,292.01,No
2931-ABCD70,Female,0,No,No,30.0,No,No internet service,No internet service,One year,Yes,Bank transfer (automatic),18.0,537.61,No
2932-LMNO92,Male,1,No,No,53.0,Fiber optic,No,No,Two year,Yes,Mailed check,75.16,3989.34,No
2933-LMNO62,Female,0,No,Yes,1.0,No,No internet service,No internet service,Month-to-month,No,Electronic check,18.0,16.73,No
2934-WXYZ68,Male,0,Yes,No,10.0,Fiber optic,Yes,No,Month-to-month,No,Credit card (automatic),91.06,909.26,Yes
2935-WXYZ11,Male,0,Yes,Yes,2.0,Fiber optic,No,No,Month-to-month,Yes,Electronic check,80.1,162.76,Yes
2936-WXYZ69,Female,0,Yes,No,1.0,Fiber optic,Yes,No,Month-to-month,Yes,Bank transfer (automatic),87.9,84.47,No
2937-ABCD25,Male,0,Yes,Yes,5.0,Fiber optic,No,No,Month-to-month,No,Credit card (automatic),64.19,326.07,No
2938-WXYZ48,Female,0,No,No,39.0,DSL,Yes,No,Month-to-month,Yes,Bank transfer (automatic),67.62,2632.59,No
2939-ABCD40,Male,0,Yes,Yes,14.0,DSL,No,No,Month-to-month,Yes,Electronic check,46.56,648.79,No
2940-LMNO97,Female,1,No,No,23.0,No,No internet service,No internet service,Month-to-month,Yes,Electronic check,19.3,438.14,Yes
2941-ABCD20,Male,0,Yes,Yes,,Fiber optic,Yes,Yes,Two year,Yes,Electronic check,80.15,4172.12,No
2942-LMNO94,Female,0,Yes,No,37.0,No,No internet service,No internet service,Two year,Yes,Bank transfer (automatic),18.0,672.78,No
2943-LMNO35,Male,1,No,No,6.0,Fiber optic,No,No,Month-to-month,No,Bank transfer (automatic),75.77,453.86,No
2944-LMNO59,Male,1,No,No,25.0,Fiber optic,No,Yes,One year,Yes,Bank transfer (automatic),69.62,1742.73,No
2945-LMNO90,Male,0,Yes,Yes,9.0,DSL,Yes,Yes,Month-to-month,Yes,Electronic check,59.57,537.96,No
2946-ABCD84,Female,1,No,Yes,67.0,No,No internet service,No internet service,Two year,No,Credit card (automatic),20.63,1383.69,No
2947-ABCD56,Male,0,No,No,35.0,No,No internet service,No internet service,One year,Yes,Bank transfer (automatic),18.0,624.21,No
2948-ABCD80,Female,0,No,No,57.0,DSL,Yes,No,Two year,Yes,Electronic check,59.89,3410.46,No
2949-WXYZ33,Female,1,No,No,9.0,Fiber optic,Yes,No,Month-to-month,Yes,Mailed check,84.97,768.53,No
2950-LMNO35,Male,0,Yes,Yes,52.0,Fiber optic,No,Yes,One year,Yes,Bank transfer (automatic),77.48,4035.04,No
2951-LMNO49,Female,0,No,No,3.0,DSL,No,No,Month-to-month,No,Mailed check,49.14,152.17,Yes
2952-WXYZ52,Male,0,No,No,2.0,DSL,No,No,Month-to-month,Yes,Electronic check,38.93,77.94,No
2953-LMNO76,Male,0,Yes,No,16.0,Fiber optic,Yes,No,Month-to-month,No,Electronic check,83.03,1332.49,Yes
2954-LMNO36,Female,0,Yes,Yes,36.0,DSL,Yes,No,One year,No,Bank transfer (automatic),65.23,2340.59,No
2955-ABCD63,Female,0,No,No,45.0,DSL,No,No,One year,Yes,Electronic check,38.49,1721.95,No
2956-WXYZ58,Female,1,Yes,No,12.0,DSL,Yes,Yes,Month-to-month,Yes,Electronic check,68.48,814.88,Yes
2957-WXYZ69,Male,0,Yes,No,34.0,Fiber optic,No,Yes,One year,Yes,Credit card (automatic),69.8,2387.31,No
2958-WXYZ39,Male,0,No,No,9.0,DSL,No,No,Month-to-month,Yes,Bank transfer (automatic),47.68,439.51,No
2959-WXYZ37,Male,1,Yes,Yes,1.0,Fiber optic,Yes,Yes,Month-to-month,Yes,Bank transfer (automatic),82.79,74.8,No
2960-ABCD19,Female,0,Yes,No,46.0,Fiber optic,Yes,No,One year,Yes,Mailed check,82.72,3804.01,No
2961-WXYZ49,Female,0,No,No,12.0,No,No internet service,No internet service,Month-to-month,No,Mailed check,18.0,213.84,No
2962-ABCD86,Female,0,No,No,3.0,DSL,No,Yes,Month-to-month,Yes,Bank transfer (automatic),52.68,164.51,No
2963-ABCD51,Male,0,Yes,No,35.0,DSL,No,No,Month-to-month,Yes,Credit card (automatic),47.96,1681.87,Yes
2964-LMNO46,Male,0,No,No,49.0,Fiber optic,Yes,No,One year,Yes,Electronic check,80.17,3926.44,No
2965-WXYZ89,Male,0,No,No,4.0,No,No internet service,No internet service,Month-to-month,Yes,Electronic check,23.53,96.93,Yes
2966-ABCD31,Male,0,No,No,50.0,Fiber optic,No,No,Two year,No,Electronic check,74.7,3738.87,No
2967-ABCD93,Male,0,Yes,No,32.0,No,No internet service,No internet service,Month-to-month,No,Bank transfer (automatic),25.41,803.81,No
2968-WXYZ36,Female,0,Yes,No,54.0,Fiber optic,No,Yes,One year,Yes,Mailed check,71.41,3858.8,No
2969-ABCD89,Female,0,Yes,Yes,1.0,Fiber optic,No,Yes,Month-to-month,No,Electronic check,70.85,70.75,Yes
2970-WXYZ41,Female,0,No,No,1.0,Fiber optic,No,Yes,Month-to-month,No,Mailed check,65.34,59.61,No
2971-WXYZ98,Male,0,No,No,24.0,Fiber optic,No,No,One year,No,Electronic check,76.66,1836.88,No
2972-WXYZ21,Male,0,No,No,29.0,DSL,No,Yes,Month-to-month,No,Electronic check,48.33,1402.99,Yes
2973-ABCD85,Female,1,No,Yes,22.0,No,No internet service,No internet service,Month-to-month,No,Credit card (automatic),24.94,549.3,No
2974-WXYZ82,Male,0,No,No,4.0,Fiber optic,No,No,Month-to-month,Yes,Bank transfer (automatic),60.59,241.41,No
2975-WXYZ57,Female,1,Yes,No,26.0,DSL,No,Yes,Month-to-month,Yes,Electronic check,49.78,1292.77,Yes
2976-LMNO69,Male,0,No,No,1.0,No,No internet service,No internet service,Month-to-month,Yes,Electronic check,20.13,20.41,Yes
2977-WXYZ74,Male,1,No,Yes,42.0,DSL,No,No,One year,Yes,Electronic check,49.14,2055.85,No
2978-LMNO45,Female,0,No,No,63.0,Fiber optic,Yes,No,Two year,No,Bank transfer (automatic),79.01,4986.21,No
2979-WXYZ36,Male,0,Yes,No,23.0,No,No internet service,No internet service,Month-to-month,No,Mailed check,29.07,666.8,No
2980-WXYZ40,Female,0,No,No,5.0,Fiber optic,Yes,No,Month-to-month,No,Credit card (automatic),81.74,411.23,No
2981-ABCD87,Female,0,Yes,No,2.0,DSL,No,Yes,Month-to-month,Yes,Bank transfer (automatic),50.76,109.61,Yes
2982-WXYZ38,Male,0,Yes,Yes,2.0,No,No internet service,No internet service,Month-to-month,No,Mailed check,18.98,43.63,No
2983-LMNO21,Male,0,No,No,56.0,Fiber optic,No,No,Two year,No,Credit card (automatic),79.25,4439.51,No
2984-ABCD37,Female,0,No,No,66.0,DSL,No,Yes,One year,No,Bank transfer (automatic),46.49,3067.79,No
2985-ABCD33,Female,0,Yes,No,1.0,Fiber optic,Yes,No,Month-to-month,No,Electronic check,94.42,94.3,Yes
2986-ABCD19,Male,0,No,No,6.0,Fiber optic,Yes,No,Month-to-month,Yes,Mailed check,84.65,499.76,Yes
2987-WXYZ87,Female,0,Yes,Yes,59.0,Fiber optic,No,No,Two year,Yes,Mailed check,64.44,3795.86,No
2988-ABCD27,Male,0,Yes,No,21.0,No,No internet service,No internet service,Month-to-month,No,Mailed check,21.48,452.28,No
2989-WXYZ43,Male,0,Yes,No,7.0,No,No internet service,No internet service,Month-to-month,Yes,Electronic check,19.33,133.42,Yes
2990-WXYZ85,Male,0,No,No,45.0,Fiber optic,No,No,One year,Yes,Electronic check,66.98,3006.61,No
2991-WXYZ79,Male,0,No,No,28.0,Fiber optic,No,No,One year,Yes,Electronic check,76.22,2135.61,No
2992-ABCD45,Male,0,No,No,2.0,Fiber optic,Yes,No,Month-to-month,Yes,Electronic check,78.23,160.24,No
2993-WXYZ87,Female,0,No,No,52.0,DSL,No,No,Two year,No,Credit card (automatic),54.56,2842.95,No
2994-LMNO89,Male,0,Yes,No,8.0,No,No internet service,No internet service,Month-to-month,No,Bank transfer (automatic),19.07,155.22,No
2995-ABCD65,Male,0,Yes,Yes,3.0,No,No internet service,No internet service,One year,No,Bank transfer (automatic),18.0,50.84,No
2996-ABCD42,Male,0,No,No,8.0,DSL,No,No,Month-to-month,Yes,Bank transfer (automatic),46.95,379.02,No
2997-ABCD45,Female,1,Yes,Yes,37.0,DSL,Yes,No,One year,Yes,Bank transfer (automatic),60.91,2255.08,No
2998-WXYZ47,Female,0,No,No,40.0,Fiber optic,No,No,Two year,No,Credit card (automatic),69.23,2764.57,No
2999-LMNO32,Male,0,No,No,7.0,Fiber optic,No,Yes,Month-to-month,No,Mailed check,66.85,463.16,No
3000-ABCD25,Male,0,No,No,25.0,DSL,No,Yes,One year,No,Bank transfer (automatic),51.57,1293.5,No
3001-LMNO78,Male,0,Yes,Yes,60.0,DSL,Yes,Yes,Two year,No,Mailed check,62.7,3763.57,No
3002-ABCD87,Male,0,No,No,10.0,No,No internet service,No internet service,Month-to-month,Yes,Credit card (automatic),18.0,181.29,No
3003-LMNO87,Male,0,No,No,5.0,Fiber optic,Yes,No,One year,Yes,Credit card (automatic),86.99,435.27,No
3004-WXYZ21,Male,1,Yes,Yes,54.0,Fiber optic,Yes,Yes,Two year,No,Credit card (automatic),81.1,4382.41,No
3005-ABCD96,Male,1,No,No,29.0,Fiber optic,Yes,No,One year,No,Electronic check,89.89,2604.25,No
3006-WXYZ70,Female,0,Yes,No,49.0,No,No internet service,No internet service,Month-to-month,No,Electronic check,30.48,1492.88,No
3007-LMNO55,Male,0,Yes,Yes,15.0,No,No internet service,No internet service,Month-to-month,Yes,Electronic check,25.54,386.83,Yes
3008-LMNO53,Female,0,Yes,No,4.0,Fiber optic,Yes,No,Month-to-month,No,Mailed check,81.7,326.98,No
3009-ABCD50,Female,0,Yes,No,11.0,No,No internet service,No internet service,Month-to-month,Yes,Mailed check,18.0,194.25,No
3010-WXYZ53,Female,1,No,No,3.0,DSL,Yes,No,Month-to-month,Yes,Electronic check,60.49,178.03,No
3011-WXYZ14,Male,0,Yes,Yes,11.0,Fiber optic,Yes,Yes,Month-to-month,Yes,Bank transfer (automatic),76.95,846.67,No
3012-ABCD36,Male,0,Yes,No,27.0,Fiber optic,No,No,Month-to-month,No,Electronic check,74.57,2000.46,Yes
3013-LMNO87,Male,0,Yes,Yes,,DSL,Yes,Yes,Month-to-month,Yes,Credit card (automatic),63.33,578.72,No
3014-LMNO52,Female,0,Yes,Yes,15.0,DSL,No,Yes,Month-to-month,Yes,Electronic check,44.23,662.58,No
3015-ABCD40,Male,1,Yes,Yes,20.0,DSL,Yes,No,One year,Yes,Mailed check,58.55,1173.43,No
3016-LMNO26,Female,0,Yes,Yes,52.0,DSL,No,Yes,One year,No,Bank transfer (automatic),44.45,2314.59,No
3017-LMNO63,Female,0,No,No,14.0,Fiber optic,No,No,Month-to-month,Yes,Bank transfer (automatic),77.81,1090.6,Yes
3018-WXYZ96,Male,0,No,No,20.0,Fiber optic,Yes,No,Month-to-month,No,Electronic check,82.97,1652.57,Yes
3019-ABCD93,Female,0,No,No,12.0,No,No internet service,No internet service,Month-to-month,Yes,Credit card (automatic),18.0,,No
3020-LMNO14,Male,0,No,No,45.0,DSL,No,No,Month-to-month,Yes,Bank transfer (automatic),41.09,1841.6,No
3021-ABCD38,Male,0,Yes,Yes,20.0,DSL,No,Yes,Month-to-month,No,Credit card (automatic),49.95,1004.47,Yes
3022-WXYZ34,Male,0,No,No,3.0,Fiber optic,No,No,One year,Yes,Credit card (automatic),65.2,187.89,No
3023-LMNO31,Male,1,No,No,18.0,Fiber optic,Yes,No,Month-to-month,Yes,Mailed check,90.99,1634.5,Yes
3024-WXYZ54,Female,0,Yes,No,51.0,Fiber optic,No,No,Two year,Yes,Credit card (automatic),68.99,3525.02,No
3025-ABCD98,Male,0,No,No,6.0,Fiber optic,No,No,Month-to-month,No,Credit card (automatic),61.03,360.53,Yes
3026-LMNO10,Male,0,Yes,No,9.0,DSL,Yes,No,Month-to-month,Yes,Credit card (automatic),63.74,574.41,Yes
3027-LMNO84,Female,0,Yes,No,63.0,No,No internet service,No internet service,Two year,Yes,Credit card (automatic),18.64,1178.12,No
3028-LMNO63,Female,0,No,No,50.0,Fiber optic,Yes,Yes,One year,No,Credit card (automatic),86.86,4342.71,No
3029-LMNO38,Male,1,Yes,Yes,34.0,No,No internet service,No internet service,One year,Yes,Mailed check,18.0,612.78,No
3030-WXYZ25,Female,0,Yes,No,49.0,DSL,No,No,Two year,Yes,Electronic check,51.15,2509.02,No
3031-LMNO29,Female,0,Yes,Yes,16.0,Fiber optic,No,No,Month-to-month,Yes,Credit card (automatic),72.23,,No
3032-WXYZ76,Male,0,Yes,No,43.0,DSL,Yes,No,Two year,No,Bank transfer (automatic),70.83,3041.02,No
3033-ABCD67,Male,0,Yes,No,9.0,Fiber optic,No,No,Month-to-month,Yes,Electronic check,73.55,659.75,Yes
3034-ABCD10,Male,1,No,No,52.0,DSL,Yes,Yes,Two year,No,Mailed check,58.84,3062.84,No
3035-ABCD75,Female,0,No,No,3.0,Fiber optic,Yes,No,Month-to-month,No,Bank transfer (automatic),80.68,241.06,Yes
3036-ABCD93,Female,1,No,No,8.0,Fiber optic,No,Yes,Month-to-month,Yes,Mailed check,62.91,500.48,No
3037-WXYZ17,Female,1,Yes,Yes,44.0,DSL,Yes,Yes,One year,No,Electronic check,59.36,2617.0,No
3038-ABCD60,Male,0,No,No,1.0,Fiber optic,Yes,Yes,Month-to-month,Yes,Electronic check,84.55,73.42,Yes
3039-ABCD12,Male,0,No,No,5.0,Fiber optic,Yes,No,Month-to-month,Yes,Bank transfer (automatic),92.95,470.39,Yes
3040-LMNO78,Male,1,Yes,No,5.0,Fiber optic,Yes,No,Month-to-month,No,Electronic check,82.94,422.64,No
3041-LMNO85,Male,0,No,No,37.0,DSL,Yes,No,One year,Yes,Mailed check,65.07,2406.56,No
3042-ABCD29,Female,0,No,No,54.0,No,No internet service,No internet service,Two year,Yes,Bank transfer (automatic),19.47,1044.8,No
3043-ABCD48,Female,0,No,No,38.0,Fiber optic,No,No,One year,Yes,Bank transfer (automatic),79.46,3020.37,Yes
3044-LMNO28,Male,0,Yes,Yes,55.0,Fiber optic,Yes,Yes,Two year,Yes,Electronic check,77.17,,No
3045-WXYZ54,Male,0,Yes,No,27.0,DSL,Yes,Yes,Month-to-month,Yes,Electronic check,66.76,1794.32,Yes
3046-LMNO22,Male,0,No,No,2.0,Fiber optic,No,No,Month-to-month,No,Bank transfer (automatic),67.5,135.41,Yes
3047-ABCD69,Male,0,No,No,8.0,DSL,Yes,No,Month-to-month,No,Bank transfer (automatic),64.46,525.43,Yes
3048-ABCD95,Male,1,No,No,50.0,Fiber optic,Yes,Yes,One year,Yes,Electronic check,92.86,4649.31,No
3049-LMNO62,Male,0,No,No,,DSL,No,Yes,Month-to-month,Yes,Mailed check,43.24,1126.86,No
3050-ABCD95,Male,0,No,No,11.0,DSL,No,No,Month-to-month,Yes,Credit card (automatic),39.52,436.76,Yes
3051-LMNO92,Male,0,Yes,No,1.0,Fiber optic,No,Yes,Month-to-month,Yes,Credit card (automatic),64.03,64.22,Yes
3052-WXYZ35,Male,0,No,No,40.0,DSL,No,No,One year,Yes,Mailed check,40.73,1629.95,No
3053-LMNO52,Male,0,Yes,No,7.0,DSL,No,No,Month-to-month,Yes,Electronic check,32.85,229.48,Yes
3054-ABCD37,Female,0,No,No,59.0,Fiber optic,Yes,No,Two year,Yes,Electronic check,83.86,4948.76,No
3055-ABCD29,Male,0,No,No,43.0,Fiber optic,Yes,Yes,One year,Yes,Electronic check,88.25,3786.59,No
3056-LMNO48,Female,0,Yes,No,40.0,Fiber optic,Yes,Yes,One year,No,Electronic check,86.23,3438.38,No
3057-LMNO21,Male,0,No,No,64.0,Fiber optic,No,Yes,Two year,Yes,Mailed check,68.11,4355.29,No
3058-LMNO64,Male,1,Yes,Yes,1.0,Fiber optic,No,No,Month-to-month,No,Bank transfer (automatic),65.57,70.73,Yes
3059-WXYZ20,Male,0,Yes,No,55.0,DSL,No,Yes,One year,No,Electronic check,42.15,2321.22,No
3060-WXYZ51,Male,1,Yes,Yes,58.0,DSL,No,No,Two year,No,Credit card (automatic),46.42,2696.59,No
3061-LMNO20,Female,1,Yes,No,24.0,No,No internet service,No internet service,One year,No,Bank transfer (automatic),24.13,579.6,No
3062-WXYZ52,Male,0,Yes,No,52.0,DSL,No,Yes,Two year,No,Bank transfer (automatic),37.52,1957.11,No
3063-LMNO73,Female,0,Yes,No,8.0,DSL,No,No,Month-to-month,No,Credit card (automatic),45.79,372.98,No
3064-WXYZ55,Female,0,No,No,21.0,DSL,No,No,One year,Yes,Bank transfer (automatic),46.33,978.9,No
3065-WXYZ51,Female,1,No,No,12.0,No,No internet service,No internet service,Month-to-month,No,Credit card (automatic),18.0,212.59,No
3066-ABCD81,Female,0,No,No,42.0,Fiber optic,Yes,Yes,Two year,No,Electronic check,87.73,3684.94,No
3067-LMNO61,Female,0,Yes,No,57.0,Fiber optic,No,Yes,Two year,Yes,Electronic check,74.67,4253.87,No
3068-WXYZ56,Male,0,No,No,65.0,Fiber optic,Yes,Yes,Two year,No,Mailed check,82.15,5347.13,No
3069-LMNO20,Female,0,No,No,49.0,DSL,No,No,One year,Yes,Mailed check,40.67,1998.44,No
3070-LMNO70,Male,0,Yes,Yes,9.0,Fiber optic,Yes,Yes,Month-to-month,Yes,Electronic check,95.78,864.31,No
3071-ABCD21,Male,0,No,Yes,4.0,Fiber optic,Yes,No,Month-to-month,Yes,Bank transfer (automatic),89.0,359.45,Yes
3072-WXYZ21,Male,0,Yes,No,68.0,DSL,No,Yes,Two year,No,Electronic check,45.9,3122.66,No
3073-LMNO60,Female,0,No,No,5.0,No,No internet service,No internet service,Month-to-month,No,Bank transfer (automatic),18.0,85.34,No
3074-ABCD46,Female,0,Yes,No,4.0,No,No internet service,No internet service,Month-to-month,No,Mailed check,18.0,77.36,No
3075-WXYZ62,Male,0,Yes,Yes,45.0,DSL,No,Yes,One year,No,Bank transfer (automatic),47.87,2164.24,No
3076-ABCD22,Female,0,No,No,26.0,Fiber optic,No,No,Month-to-month,Yes,Mailed check,65.89,1715.67,Yes
3077-ABCD63,Male,0,Yes,No,37.0,No,No internet service,No internet service,One year,No,Credit card (automatic),18.0,665.4,No
3078-ABCD13,Male,0,Yes,No,31.0,No,No internet service,No internet service,Month-to-month,Yes,Electronic check,19.33,595.6,Yes
3079-LMNO58,Male,1,No,No,44.0,No,No internet service,No internet service,One year,No,Credit card (automatic),23.19,1019.08,No
3080-LMNO20,Male,0,No,No,46.0,DSL,No,Yes,Two year,Yes,Electronic check,53.82,2469.35,Yes
3081-WXYZ96,Male,0,No,No,11.0,Fiber optic,No,Yes,Month-to-month,Yes,Bank transfer (automatic),71.2,778.63,No
3082-ABCD32,Female,0,Yes,Yes,15.0,Fiber optic,No,Yes,Month-to-month,No,Mailed check,65.89,987.51,No
3083-WXYZ37,Female,0,Yes,No,3.0,No,No internet service,No internet service,Month-to-month,No,Credit card (automatic),18.66,57.56,No
3084-LMNO66,Male,0,No,No,48.0,Fiber optic,No,No,Two year,Yes,Bank transfer (automatic),76.52,3665.58,No
3085-WXYZ34,Male,0,Yes,No,21.0,Fiber optic,No,No,Month-to-month,No,Credit card (automatic),76.02,1597.38,No
3086-WXYZ38,Female,0,Yes,No,19.0,DSL,No,Yes,Month-to-month,Yes,Electronic check,51.24,981.47,No
3087-LMNO45,Female,0,No,No,56.0,Fiber optic,No,No,One year,Yes,Credit card (automatic),75.07,4206.1,No
3088-WXYZ87,Male,0,Yes,Yes,2.0,No,No internet service,No internet service,Month-to-month,No,Electronic check,29.57,61.62,No
3089-LMNO39,Male,0,Yes,Yes,61.0,Fiber optic,No,No,Two year,Yes,Electronic check,71.04,4335.47,No
3090-ABCD76,Female,0,Yes,Yes,47.0,Fiber optic,No,No,Two year,No,Electronic check,73.76,3458.72,No
3091-WXYZ39,Female,0,Yes,No,9.0,No,No internet service,No internet service,Month-to-month,Yes,Mailed check,18.0,154.44,No
3092-ABCD54,Male,0,Yes,Yes,54.0,Fiber optic,No,Yes,One year,Yes,Bank transfer (automatic),71.16,3845.63,No
3093-LMNO98,Male,1,Yes,No,23.0,No,No internet service,No internet service,Month-to-month,Yes,Electronic check,21.36,494.83,No
3094-LMNO56,Female,0,Yes,Yes,40.0,DSL,No,Yes,One year,Yes,Electronic check,48.94,1962.82,No
3095-ABCD73,Male,0,No,Yes,39.0,DSL,No,Yes,One year,Yes,Bank transfer (automatic),41.87,1639.68,No
3096-WXYZ47,Female,0,No,Yes,21.0,Fiber optic,Yes,Yes,Month-to-month,No,Credit card (automatic),77.17,1617.99,No
3097-LMNO98,Male,0,Yes,Yes,24.0,DSL,Yes,Yes,Month-to-month,No,Bank transfer (automatic),57.1,1375.25,Yes
3098-WXYZ16,Female,0,No,No,40.0,Fiber optic,No,Yes,Two year,No,Bank transfer (automatic),75.31,3017.18,No
3099-WXYZ90,Male,0,Yes,Yes,4.0,No,No internet service,No internet service,Month-to-month,No,Mailed check,18.94,83.44,No
3100-WXYZ50,Male,0,Yes,No,33.0,Fiber optic,No,Yes,One year,Yes,Bank transfer (automatic),72.35,2395.57,Yes
3101-WXYZ19,Female,0,Yes,No,34.0,Fiber optic,Yes,No,Month-to-month,Yes,Credit card (automatic),82.01,2786.39,No
3102-ABCD16,Male,0,No,No,7.0,No,No internet service,No internet service,Month-to-month,Yes,Mailed check,25.2,176.0,No
3103-ABCD59,Female,0,No,No,52.0,DSL,No,No,Two year,Yes,Mailed check,44.47,2313.48,No
3104-WXYZ61,Male,0,No,No,6.0,DSL,No,Yes,Month-to-month,No,Credit card (automatic),44.4,262.26,Yes
3105-ABCD10,Male,0,Yes,No,47.0,DSL,Yes,No,One year,Yes,Credit card (automatic),66.64,3137.62,No
3106-ABCD69,Male,0,Yes,Yes,10.0,Fiber optic,No,No,Month-to-month,Yes,Electronic check,77.88,777.74,Yes
3107-WXYZ13,Female,1,No,No,1.0,Fiber optic,Yes,Yes,Month-to-month,Yes,Bank transfer (automatic),91.74,97.59,No
3108-ABCD13,Male,0,Yes,No,72.0,No,No internet service,No internet service,Two year,Yes,Credit card (automatic),18.36,1329.48,No
3109-LMNO13,Male,0,No,No,49.0,Fiber optic,Yes,No,One year,Yes,Mailed check,82.03,4018.06,No
3110-ABCD80,Male,0,No,No,50.0,Fiber optic,Yes,No,Two year,No,Mailed check,80.44,4013.27,No
3111-WXYZ59,Female,0,No,No,62.0,DSL,No,No,Two year,Yes,Bank transfer (automatic),37.56,2328.58,No
3112-ABCD70,Female,0,No,Yes,55.0,Fiber optic,Yes,Yes,Two year,No,Electronic check,80.34,4425.39,Yes
3113-LMNO17,Male,1,No,No,67.0,DSL,No,No,Two year,Yes,Mailed check,40.76,2737.54,No
3114-ABCD33,Male,0,No,No,10.0,DSL,No,Yes,Month-to-month,No,Credit card (automatic),38.69,386.4,Yes
3115-LMNO45,Female,0,No,No,43.0,No,No internet service,No internet service,Two year,No,Bank transfer (automatic),18.0,774.61,No
3116-WXYZ52,Male,0,Yes,Yes,1.0,Fiber optic,No,No,Month-to-month,No,Credit card (automatic),63.48,62.72,Yes
3117-LMNO41,Female,0,No,No,3.0,Fiber optic,No,Yes,Month-to-month,Yes,Credit card (automatic),69.74,206.25,Yes
3118-WXYZ27,Female,0,Yes,No,31.0,No,No internet service,No internet service,Month-to-month,Yes,Bank transfer (automatic),22.2,679.62,No
3119-ABCD25,Female,0,Yes,No,2.0,Fiber optic,Yes,Yes,Month-to-month,No,Credit card (automatic),86.76,176.12,No
3120-LMNO56,Male,0,Yes,Yes,32.0,Fiber optic,No,Yes,One year,Yes,Electronic check,67.39,2154.06,No
3121-LMNO68,Female,0,Yes,No,3.0,No,No internet service,No internet service,Month-to-month,Yes,Bank transfer (automatic),18.26,55.85,No
3122-LMNO13,Female,0,No,No,3.0,DSL,Yes,Yes,Month-to-month,Yes,Bank transfer (automatic),61.84,188.91,No
3123-ABCD26,Female,1,No,Yes,1.0,DSL,No,No,Month-to-month,No,Bank transfer (automatic),45.96,50.48,No
3124-LMNO57,Male,0,Yes,No,12.0,Fiber optic,No,No,Month-to-month,Yes,Electronic check,72.81,870.28,No
3125-WXYZ57,Male,0,Yes,No,24.0,DSL,No,Yes,One year,No,Electronic check,40.19,959.68,No
3126-LMNO13,Male,0,No,Yes,16.0,Fiber optic,No,No,Month-to-month,Yes,Electronic check,78.67,1261.66,Yes
3127-WXYZ39,Female,0,No,No,13.0,No,No internet service,No internet service,Month-to-month,Yes,Bank transfer (automatic),23.16,304.39,No
3128-WXYZ84,Female,1,No,No,31.0,Fiber optic,No,Yes,Month-to-month,Yes,Credit card (automatic),73.71,2282.19,No
3129-WXYZ21,Male,1,Yes,No,1.0,No,No internet service,No internet service,Month-to-month,Yes,Credit card (automatic),18.0,22.97,No
3130-WXYZ45,Male,0,No,No,22.0,Fiber optic,Yes,Yes,One year,Yes,Electronic check,79.58,1750.57,No
3131-WXYZ62,Male,0,No,No,3.0,Fiber optic,Yes,No,Month-to-month,Yes,Electronic check,81.51,240.81,Yes
3132-LMNO80,Female,0,Yes,No,1.0,Fiber optic,Yes,Yes,Month-to-month,Yes,Electronic check,88.68,83.76,Yes
3133-ABCD10,Female,0,Yes,No,8.0,Fiber optic,No,No,Month-to-month,No,Mailed check,64.21,516.12,Yes
3134-LMNO67,Male,0,Yes,Yes,21.0,Fiber optic,No,No,Month-to-month,Yes,Credit card (automatic),72.23,1518.03,No
3135-WXYZ96,Male,0,Yes,No,42.0,Fiber optic,No,No,Two year,Yes,Credit card (automatic),77.29,3248.08,No
3136-WXYZ15,Male,0,No,No,37.0,No,No internet service,No internet service,Month-to-month,Yes,Electronic check,18.0,660.47,Yes
3137-WXYZ53,Female,1,Yes,No,57.0,Fiber optic,No,Yes,Two year,Yes,Electronic check,65.32,3712.11,No
3138-WXYZ28,Female,0,Yes,No,33.0,No,No internet service,No internet service,One year,Yes,Electronic check,18.0,,No
3139-ABCD27,Female,0,Yes,No,20.0,Fiber optic,Yes,Yes,Month-to-month,Yes,Mailed check,84.18,1689.6,No
3140-LMNO39,Male,1,Yes,No,47.0,DSL,No,No,Two year,No,Credit card (automatic),49.75,2330.15,No
3141-ABCD51,Female,0,No,No,32.0,No,No internet service,No internet service,One year,No,Bank transfer (automatic),25.06,799.82,No
3142-ABCD83,Male,0,Yes,No,35.0,No,No internet service,No internet service,One year,No,Bank transfer (automatic),23.99,852.85,No
3143-ABCD21,Female,0,No,No,6.0,Fiber optic,No,Yes,Month-to-month,Yes,Bank transfer (automatic),60.28,364.5,No
3144-WXYZ36,Male,0,Yes,No,40.0,DSL,Yes,No,One year,No,Electronic check,59.06,2368.94,No
3145-LMNO18,Female,1,No,No,3.0,Fiber optic,No,No,Month-to-month,Yes,Electronic check,65.59,204.92,Yes
3146-WXYZ30,Female,0,No,No,49.0,Fiber optic,Yes,No,Month-to-month,Yes,Electronic check,87.02,4261.56,No
3147-LMNO38,Female,0,No,No,32.0,DSL,No,No,Two year,No,Bank transfer (automatic),49.5,1595.71,No
3148-ABCD71,Female,0,No,No,58.0,Fiber optic,Yes,No,Two year,Yes,Credit card (automatic),82.5,4776.31,No
3149-ABCD24,Male,1,No,No,3.0,Fiber optic,Yes,No,Month-to-month,Yes,Bank transfer (automatic),94.61,286.37,Yes
3150-WXYZ61,Male,1,Yes,No,42.0,Fiber optic,No,Yes,Two year,Yes,Electronic check,65.47,2751.47,No
3151-LMNO53,Female,0,No,No,52.0,Fiber optic,No,No,One year,No,Bank transfer (automatic),72.66,3772.8,No
3152-WXYZ27,Male,0,No,No,6.0,Fiber optic,No,Yes,Month-to-month,No,Electronic check,80.72,480.61,Yes
3153-LMNO16,Male,0,No,No,1.0,No,No internet service,No internet service,Month-to-month,No,Electronic check,24.59,21.52,Yes
3154-LMNO91,Male,0,Yes,No,10.0,Fiber optic,Yes,No,Month-to-month,No,Mailed check,87.97,872.47,Yes
3155-WXYZ46,Female,0,Yes,No,32.0,DSL,No,No,One year,Yes,Mailed check,44.15,1405.73,No
3156-WXYZ42,Male,0,No,No,52.0,DSL,No,No,Two year,Yes,Credit card (automatic),48.06,2497.51,No
3157-LMNO20,Male,0,Yes,No,15.0,DSL,No,No,Month-to-month,No,Bank transfer (automatic),42.24,631.17,Yes
3158-LMNO91,Male,0,Yes,No,25.0,DSL,No,Yes,One year,No,Electronic check,50.64,1262.72,No
3159-ABCD97,Male,0,Yes,No,51.0,DSL,No,No,Two year,Yes,Electronic check,41.38,2114.54,No
3160-WXYZ75,Female,1,No,No,41.0,DSL,Yes,Yes,Two year,No,Electronic check,58.76,2405.41,No
3161-LMNO15,Female,0,No,No,3.0,Fiber optic,No,Yes,Month-to-month,Yes,Electronic check,65.8,198.74,No
3162-WXYZ34,Female,0,No,No,11.0,No,No internet service,No internet service,Month-to-month,No,Electronic check,18.28,201.07,No
3163-LMNO66,Male,1,Yes,No,59.0,No,No internet service,No internet service,Two year,No,Bank transfer (automatic),18.0,1060.42,No
3164-ABCD64,Female,0,Yes,No,16.0,DSL,No,Yes,Month-to-month,No,Electronic check,34.92,551.88,Yes
3165-LMNO25,Female,0,Yes,No,16.0,Fiber optic,Yes,No,Month-to-month,Yes,Credit card (automatic),85.17,1361.87,No
3166-LMNO23,Male,0,No,No,27.0,DSL,No,No,Two year,Yes,Mailed check,42.58,1146.45,No
3167-LMNO37,Female,0,No,No,18.0,DSL,Yes,No,Month-to-month,Yes,Electronic check,53.45,966.91,No
3168-LMNO58,Female,0,Yes,Yes,44.0,DSL,No,No,Two year,No,Mailed check,41.58,1832.71,No
3169-ABCD67,Female,0,No,No,2.0,DSL,No,Yes,Month-to-month,No,Bank transfer (automatic),46.81,90.68,Yes
3170-ABCD31,Female,0,No,No,1.0,DSL,No,No,Month-to-month,No,Mailed check,36.13,31.66,No
3171-ABCD96,Male,0,Yes,Yes,13.0,DSL,No,Yes,Month-to-month,Yes,Electronic check,44.2,,Yes
3172-ABCD51,Male,0,Yes,Yes,6.0,Fiber optic,No,No,Month-to-month,Yes,Credit card (automatic),75.73,453.15,No
3173-ABCD68,Female,0,No,No,14.0,DSL,No,No,Month-to-month,Yes,Electronic check,42.84,605.0,Yes
3174-WXYZ48,Male,0,Yes,No,25.0,Fiber optic,No,No,One year,Yes,Credit card (automatic),77.31,1938.65,No
3175-WXYZ24,Male,0,No,No,27.0,DSL,No,No,Month-to-month,No,Electronic check,50.38,1346.93,No
3176-LMNO38,Female,0,Yes,No,44.0,Fiber optic,Yes,Yes,Two year,No,Bank transfer (automatic),86.82,3827.67,No
3177-LMNO12,Female,0,No,No,6.0,Fiber optic,No,Yes,Month-to-month,No,Mailed check,69.88,418.69,No
3178-LMNO19,Male,0,No,No,10.0,Fiber optic,No,No,Month-to-month,Yes,Mailed check,70.03,693.42,Yes
3179-ABCD88,Female,0,No,No,1.0,No,No internet service,No internet service,Month-to-month,Yes,Electronic check,22.45,22.19,Yes
3180-LMNO15,Female,0,No,No,38.0,DSL,No,Yes,One year,Yes,Electronic check,54.99,2085.49,No
3181-LMNO47,Female,1,No,No,,Fiber optic,No,No,Month-to-month,Yes,Bank transfer (automatic),72.5,1748.26,Yes
3182-ABCD28,Male,0,No,No,12.0,No,No internet service,No internet service,Month-to-month,No,Credit card (automatic),27.44,326.38,No
3183-LMNO17,Male,0,Yes,Yes,55.0,DSL,No,No,Two year,Yes,Mailed check,39.2,2151.22,No
3184-LMNO93,Male,0,Yes,Yes,23.0,DSL,Yes,No,Month-to-month,Yes,Mailed check,57.3,1328.4,No
3185-LMNO13,Male,0,No,No,10.0,DSL,No,Yes,Month-to-month,No,Electronic check,45.08,452.8,No
3186-LMNO94,Male,0,No,No,5.0,Fiber optic,No,No,Month-to-month,No,Bank transfer (automatic),76.72,381.05,Yes
3187-LMNO54,Male,0,Yes,No,41.0,Fiber optic,Yes,No,One year,Yes,Electronic check,76.04,3126.9,No
3188-LMNO25,Male,0,Yes,No,2.0,Fiber optic,No,No,Month-to-month,No,Electronic check,85.09,176.72,No
3189-ABCD76,Female,0,No,No,45.0,DSL,Yes,No,Two year,Yes,Bank transfer (automatic),60.0,2696.93,No
3190-ABCD69,Male,1,Yes,Yes,50.0,Fiber optic,No,Yes,One year,No,Mailed check,75.89,3790.47,Yes
3191-WXYZ86,Female,0,No,No,32.0,DSL,No,No,One year,Yes,Electronic check,44.92,1437.93,No
3192-ABCD80,Female,1,No,No,1.0,Fiber optic,No,Yes,Month-to-month,Yes,Electronic check,65.92,65.11,Yes
3193-LMNO80,Male,0,No,No,52.0,Fiber optic,No,Yes,Two year,Yes,Bank transfer (automatic),78.57,4082.08,No
3194-WXYZ50,Female,0,Yes,No,9.0,No,No internet service,No internet service,Month-to-month,Yes,Electronic check,19.03,171.17,No
3195-WXYZ33,Female,0,Yes,No,30.0,No,No internet service,No internet service,One year,Yes,Credit card (automatic),18.0,548.74,No
3196-ABCD53,Male,1,Yes,No,3.0,Fiber optic,No,No,Month-to-month,No,Electronic check,71.92,220.99,Yes
3197-ABCD19,Female,1,Yes,No,12.0,No,No internet service,No internet service,One year,Yes,Electronic check,22.98,277.7,No
3198-LMNO89,Male,0,No,No,8.0,DSL,Yes,Yes,Month-to-month,No,Bank transfer (automatic),61.67,491.66,No
3199-WXYZ81,Female,0,No,Yes,3.0,DSL,No,No,Month-to-month,Yes,Mailed check,47.08,140.6,No
3200-ABCD98,Male,0,Yes,No,56.0,Fiber optic,No,No,Two year,Yes,Electronic check,71.9,4029.82,No
3201-WXYZ21,Female,0,Yes,No,46.0,Fiber optic,Yes,No,Month-to-month,No,Mailed check,91.17,4196.84,No
3202-ABCD90,Male,0,Yes,No,8.0,No,No internet service,No internet service,Month-to-month,No,Electronic check,20.28,162.57,Yes
3203-WXYZ87,Female,1,No,No,46.0,No,No internet service,No internet service,One year,Yes,Bank transfer (automatic),18.0,833.43,No
3204-ABCD45,Male,0,Yes,Yes,48.0,DSL,Yes,No,One year,Yes,Mailed check,63.61,3047.46,No
3205-ABCD32,Female,0,No,No,8.0,No,No internet service,No internet service,Month-to-month,No,Bank transfer (automatic),18.0,148.92,No
3206-LMNO15,Female,0,No,No,3.0,DSL,Yes,No,Month-to-month,Yes,Bank transfer (automatic),63.01,192.13,Yes
3207-LMNO78,Male,0,No,No,72.0,Fiber optic,No,No,Two year,Yes,Bank transfer (automatic),77.54,5575.75,No
3208-LMNO34,Female,0,No,No,37.0,Fiber optic,Yes,Yes,One year,Yes,Credit card (automatic),88.81,3282.69,No
3209-WXYZ71,Male,0,Yes,No,7.0,Fiber optic,No,Yes,Month-to-month,Yes,Bank transfer (automatic),62.06,441.91,Yes
3210-ABCD52,Female,1,No,No,47.0,DSL,No,Yes,Two year,Yes,Mailed check,52.21,2456.5,No
3211-WXYZ37,Male,0,Yes,No,28.0,No,No internet service,No internet service,Month-to-month,No,Mailed check,18.0,503.42,No
3212-WXYZ68,Female,0,No,No,2.0,DSL,No,No,Month-to-month,Yes,Electronic check,46.0,93.64,Yes
3213-LMNO66,Female,0,Yes,No,6.0,DSL,Yes,No,Month-to-month,Yes,Bank transfer (automatic),66.45,398.76,Yes
3214-LMNO65,Male,0,No,No,14.0,DSL,No,No,Month-to-month,No,Bank transfer (automatic),41.91,588.54,No
3215-LMNO41,Male,0,Yes,Yes,51.0,Fiber optic,No,Yes,Two year,No,Electronic check,70.69,3609.87,No
3216-LMNO18,Male,0,No,No,20.0,Fiber optic,Yes,Yes,Month-to-month,Yes,Credit card (automatic),78.48,1578.65,No
3217-ABCD77,Female,0,Yes,No,7.0,Fiber optic,No,No,Month-to-month,No,Bank transfer (automatic),69.07,478.61,Yes
3218-WXYZ76,Male,0,No,No,50.0,DSL,No,No,Two year,No,Mailed check,39.17,1964.32,No
3219-WXYZ17,Female,0,No,No,6.0,No,No internet service,No internet service,Month-to-month,Yes,Electronic check,22.42,132.66,No
3220-WXYZ89,Female,0,Yes,No,26.0,Fiber optic,Yes,No,One year,Yes,Mailed check,77.75,2015.36,No
3221-LMNO54,Male,1,No,Yes,5.0,DSL,No,No,Month-to-month,No,Bank transfer (automatic),44.55,229.3,Yes
3222-ABCD78,Female,0,No,No,25.0,DSL,No,Yes,One year,Yes,Electronic check,42.16,1050.55,No
3223-ABCD29,Male,1,Yes,No,29.0,Fiber optic,Yes,No,Month-to-month,Yes,Mailed check,81.42,2366.17,No
3224-WXYZ91,Male,0,No,No,1.0,DSL,Yes,No,Month-to-month,No,Credit card (automatic),65.5,70.89,Yes
3225-LMNO91,Female,0,No,No,31.0,Fiber optic,Yes,No,One year,Yes,Bank transfer (automatic),79.63,2478.25,No
3226-WXYZ83,Male,1,No,No,40.0,DSL,No,No,One year,No,Mailed check,42.29,1697.78,No
3227-LMNO54,Male,1,Yes,No,35.0,DSL,No,No,One year,Yes,Mailed check,45.96,1615.12,No
3228-WXYZ56,Female,0,Yes,Yes,21.0,Fiber optic,No,No,One year,Yes,Electronic check,73.21,1543.31,No
3229-LMNO85,Male,0,No,No,1.0,No,No internet service,No internet service,Month-to-month,Yes,Credit card (automatic),18.0,19.13,Yes
3230-LMNO86,Female,0,Yes,No,39.0,Fiber optic,No,No,Month-to-month,Yes,Credit card (automatic),69.11,2702.07,No
3231-WXYZ64,Female,0,No,No,52.0,Fiber optic,Yes,No,One year,No,Bank transfer (automatic),88.78,4615.25,No
3232-LMNO28,Male,0,Yes,No,22.0,DSL,No,No,One year,No,Electronic check,53.32,1169.92,No
3233-LMNO62,Male,0,Yes,No,57.0,No,No internet service,No internet service,One year,Yes,Electronic check,20.16,1152.09,No
3234-WXYZ23,Female,0,No,No,37.0,Fiber optic,Yes,No,One year,No,Electronic check,78.0,2892.2,No
3235-WXYZ54,Male,0,No,No,16.0,Fiber optic,No,No,Month-to-month,Yes,Mailed check,69.94,1118.18,No
3236-ABCD74,Male,0,No,No,10.0,DSL,No,Yes,Month-to-month,Yes,Electronic check,42.59,423.93,No
3237-LMNO52,Female,0,Yes,Yes,1.0,Fiber optic,No,No,Month-to-month,Yes,Bank transfer (automatic),71.7,64.52,Yes
3238-LMNO95,Male,1,Yes,Yes,66.0,Fiber optic,Yes,No,Two year,Yes,Mailed check,94.2,6213.09,No
3239-LMNO65,Female,0,Yes,No,21.0,Fiber optic,Yes,Yes,One year,No,Electronic check,79.14,1658.46,No
3240-WXYZ28,Male,1,No,Yes,32.0,No,No internet service,No internet service,One year,Yes,Bank transfer (automatic),25.48,821.49,No
3241-WXYZ85,Male,0,No,No,23.0,No,No internet service,No internet service,Month-to-month,Yes,Electronic check,24.52,561.94,No
3242-LMNO69,Male,0,No,No,16.0,Fiber optic,No,No,Month-to-month,Yes,Credit card (automatic),73.27,1174.73,No
3243-LMNO42,Female,0,Yes,No,51.0,DSL,No,Yes,Two year,No,Mailed check,46.31,2354.31,No
3244-LMNO37,Female,0,No,No,72.0,Fiber optic,Yes,No,Two year,No,Electronic check,95.37,6873.14,No
3245-LMNO61,Female,0,Yes,No,3.0,DSL,No,No,Month-to-month,No,Electronic check,51.45,155.53,Yes
3246-ABCD58,Male,0,No,No,72.0,Fiber optic,Yes,Yes,Two year,Yes,Credit card (automatic),82.08,5903.0,No
3247-ABCD35,Male,1,Yes,Yes,18.0,Fiber optic,No,Yes,Month-to-month,Yes,Bank transfer (automatic),70.25,1261.91,No
3248-LMNO49,Male,0,No,No,1.0,DSL,No,No,Month-to-month,Yes,Mailed check,39.57,35.69,No
3249-WXYZ86,Male,0,Yes,Yes,31.0,Fiber optic,Yes,Yes,One year,Yes,Electronic check,91.94,2851.3,Yes
3250-WXYZ96,Female,1,Yes,No,48.0,Fiber optic,Yes,No,One year,No,Bank transfer (automatic),85.24,4089.73,No
3251-WXYZ31,Female,0,Yes,No,64.0,No,No internet service,No internet service,Two year,Yes,Electronic check,18.0,1150.51,No
3252-LMNO69,Male,0,Yes,Yes,9.0,No,No internet service,No internet service,Month-to-month,Yes,Credit card (automatic),18.0,157.81,No
3253-ABCD55,Female,1,Yes,Yes,2.0,Fiber optic,No,No,Month-to-month,Yes,Credit card (automatic),67.21,128.28,Yes
3254-LMNO95,Male,0,Yes,No,9.0,DSL,Yes,No,Month-to-month,Yes,Bank transfer (automatic),55.79,506.21,Yes
3255-ABCD35,Female,0,Yes,No,8.0,DSL,Yes,Yes,Month-to-month,Yes,Credit card (automatic),57.78,467.22,Yes
3256-ABCD34,Male,0,No,No,7.0,DSL,No,No,Month-to-month,Yes,Electronic check,43.97,304.46,No
3257-ABCD74,Male,0,Yes,No,7.0,No,No internet service,No internet service,Month-to-month,Yes,Electronic check,26.48,187.85,No
3258-WXYZ32,Male,0,No,No,1.0,DSL,No,No,Month-to-month,No,Electronic check,52.12,47.65,Yes
3259-LMNO73,Male,0,Yes,No,2.0,DSL,No,No,Month-to-month,Yes,Electronic check,56.16,116.25,Yes
3260-LMNO52,Female,0,No,No,33.0,Fiber optic,No,No,One year,No,Credit card (automatic),78.54,2591.14,Yes
3261-LMNO32,Male,0,No,No,31.0,Fiber optic,Yes,Yes,One year,No,Electronic check,88.15,2728.95,No
3262-WXYZ86,Male,0,Yes,No,25.0,DSL,No,No,One year,No,Credit card (automatic),37.99,944.64,No
3263-LMNO27,Female,0,No,No,2.0,Fiber optic,No,Yes,Month-to-month,Yes,Bank transfer (automatic),74.01,153.48,Yes
3264-LMNO88,Female,0,Yes,Yes,15.0,Fiber optic,No,No,Month-to-month,Yes,Mailed check,62.11,924.7,No
3265-ABCD30,Female,0,No,No,20.0,Fiber optic,No,Yes,Month-to-month,No,Electronic check,71.66,1432.81,Yes
3266-ABCD32,Male,0,No,No,4.0,Fiber optic,No,No,Month-to-month,Yes,Electronic check,62.56,240.64,Yes
3267-LMNO54,Female,0,Yes,Yes,4.0,Fiber optic,No,No,Month-to-month,Yes,Electronic check,79.71,314.02,Yes
3268-WXYZ97,Female,1,Yes,Yes,22.0,Fiber optic,No,Yes,Month-to-month,Yes,Mailed check,71.92,1575.88,Yes
3269-LMNO56,Male,0,Yes,No,26.0,Fiber optic,Yes,Yes,One year,No,Mailed check,83.97,2170.97,No
3270-LMNO51,Male,0,Yes,Yes,41.0,DSL,No,No,Two year,No,Bank transfer (automatic),42.74,1749.66,No
3271-LMNO59,Male,0,No,No,15.0,DSL,Yes,No,Month-to-month,Yes,Bank transfer (automatic),59.82,895.63,No
3272-LMNO15,Male,0,Yes,No,64.0,Fiber optic,No,No,Two year,Yes,Mailed check,66.36,4241.18,No
3273-LMNO18,Male,1,Yes,No,5.0,No,No internet service,No internet service,Month-to-month,No,Electronic check,18.36,88.75,No
3274-ABCD66,Male,0,Yes,Yes,41.0,DSL,Yes,No,One year,Yes,Credit card (automatic),49.98,2048.02,No
3275-LMNO30,Female,0,Yes,Yes,33.0,No,No internet service,No internet service,One year,Yes,Electronic check,18.0,584.53,No
3276-WXYZ49,Female,0,Yes,No,60.0,No,No internet service,No internet service,Two year,Yes,Electronic check,18.0,1080.16,No
3277-ABCD86,Female,0,No,No,7.0,Fiber optic,No,Yes,Month-to-month,No,Bank transfer (automatic),72.6,511.22,Yes
3278-ABCD96,Female,0,Yes,No,18.0,Fiber optic,No,Yes,Month-to-month,Yes,Credit card (automatic),70.17,1264.53,No
3279-ABCD26,Male,0,No,No,1.0,Fiber optic,No,Yes,Month-to-month,Yes,Credit card (automatic),74.33,75.9,Yes
3280-ABCD75,Female,0,Yes,No,11.0,Fiber optic,No,No,Month-to-month,Yes,Electronic check,67.9,746.13,No
3281-ABCD67,Female,0,Yes,Yes,36.0,Fiber optic,Yes,Yes,Two year,No,Mailed check,85.57,3082.26,No
3282-WXYZ50,Male,1,No,No,54.0,No,No internet service,No internet service,Two year,No,Electronic check,18.0,977.34,No
3283-WXYZ84,Female,0,Yes,Yes,55.0,Fiber optic,Yes,No,One year,Yes,Credit card (automatic),89.55,4937.82,No
3284-ABCD47,Female,0,Yes,Yes,1.0,No,No internet service,No internet service,Month-to-month,No,Electronic check,26.33,21.16,Yes
3285-WXYZ54,Female,1,No,No,63.0,DSL,Yes,No,Two year,Yes,Electronic check,63.25,3980.6,No
3286-LMNO23,Female,0,No,No,27.0,DSL,No,No,Month-to-month,Yes,Credit card (automatic),40.6,1091.35,No
3287-WXYZ49,Male,0,Yes,No,6.0,Fiber optic,No,No,Month-to-month,No,Credit card (automatic),72.77,442.99,Yes
3288-LMNO33,Male,0,No,Yes,44.0,DSL,Yes,No,Two year,Yes,Bank transfer (automatic),60.88,2686.49,No
3289-LMNO27,Male,0,No,No,9.0,Fiber optic,No,No,Month-to-month,Yes,Electronic check,60.2,545.61,Yes
3290-ABCD97,Female,0,Yes,Yes,3.0,Fiber optic,No,Yes,Month-to-month,Yes,Mailed check,76.21,221.99,No
3291-ABCD44,Female,0,Yes,Yes,6.0,No,No internet service,No internet service,Month-to-month,No,Credit card (automatic),18.0,106.49,No
3292-WXYZ10,Female,0,Yes,No,50.0,Fiber optic,No,No,One year,No,Bank transfer (automatic),72.88,3645.74,No
3293-ABCD54,Male,1,Yes,Yes,20.0,DSL,Yes,No,One year,No,Electronic check,60.14,1204.51,Yes
3294-ABCD98,Male,0,No,No,50.0,No,No internet service,No internet service,Month-to-month,Yes,Electronic check,26.74,1346.68,No
3295-WXYZ28,Female,0,No,No,29.0,Fiber optic,Yes,No,One year,No,Credit card (automatic),80.68,2345.03,No
3296-LMNO92,Female,0,No,No,61.0,DSL,No,No,Two year,Yes,Mailed check,42.47,2595.74,No
3297-ABCD25,Male,0,Yes,Yes,48.0,DSL,Yes,Yes,Two year,No,Bank transfer (automatic),63.45,3043.49,No
3298-WXYZ82,Male,0,Yes,No,37.0,Fiber optic,No,Yes,One year,No,Mailed check,67.01,2481.45,No
3299-ABCD51,Female,0,No,No,49.0,No,No internet service,No internet service,Two year,Yes,Mailed check,27.12,1320.66,No
3300-LMNO43,Female,0,Yes,Yes,29.0,No,No internet service,No internet service,One year,Yes,Credit card (automatic),18.0,522.42,No
3301-LMNO27,Male,1,No,No,4.0,DSL,Yes,No,Month-to-month,Yes,Electronic check,62.94,252.65,Yes
3302-WXYZ98,Male,0,No,No,13.0,DSL,Yes,No,Month-to-month,No,Bank transfer (automatic),59.98,773.48,No
3303-ABCD54,Female,0,No,No,8.0,DSL,Yes,No,Month-to-month,Yes,Electronic check,56.71,452.18,No
3304-WXYZ30,Female,1,Yes,No,32.0,DSL,Yes,No,Month-to-month,Yes,Electronic check,66.59,2138.22,No
3305-WXYZ79,Male,0,Yes,No,2.0,DSL,No,No,Month-to-month,Yes,Bank transfer (automatic),39.74,79.29,Yes
3306-ABCD57,Male,0,No,No,5.0,Fiber optic,No,Yes,Month-to-month,Yes,Credit card (automatic),72.66,366.42,Yes
3307-LMNO48,Female,0,No,No,4.0,Fiber optic,Yes,No,Month-to-month,No,Bank transfer (automatic),72.52,302.03,Yes
3308-LMNO19,Male,0,No,No,3.0,No,No internet service,No internet service,Month-to-month,Yes,Electronic check,21.61,62.56,Yes
3309-WXYZ27,Male,1,Yes,No,59.0,Fiber optic,No,No,Month-to-month,Yes,Electronic check,76.11,4494.74,Yes
3310-ABCD82,Female,0,No,No,43.0,DSL,No,Yes,One year,No,Credit card (automatic),44.26,1902.25,No
3311-LMNO24,Male,0,No,No,54.0,No,No internet service,No internet service,Two year,No,Electronic check,21.06,1142.77,No
3312-LMNO49,Female,0,Yes,Yes,5.0,Fiber optic,No,Yes,Month-to-month,Yes,Credit card (automatic),78.53,392.43,No
3313-ABCD18,Male,0,No,No,2.0,DSL,Yes,Yes,Month-to-month,Yes,Electronic check,65.29,135.86,Yes
3314-WXYZ13,Female,0,No,No,1.0,Fiber optic,No,No,Month-to-month,No,Credit card (automatic),58.87,65.74,No
3315-ABCD25,Male,0,Yes,No,23.0,No,No internet service,No internet service,Month-to-month,Yes,Credit card (automatic),18.0,412.98,No
3316-LMNO61,Male,0,Yes,Yes,1.0,Fiber optic,Yes,Yes,Month-to-month,No,Electronic check,83.57,88.84,Yes
3317-ABCD14,Male,0,No,No,55.0,Fiber optic,Yes,No,Two year,Yes,Bank transfer (automatic),86.56,4752.21,No
3318-LMNO27,Female,0,Yes,No,3.0,DSL,No,No,Month-to-month,Yes,Electronic check,44.68,134.69,No
3319-LMNO11,Female,0,No,No,60.0,No,No internet service,No internet service,Two year,Yes,Electronic check,18.0,1086.54,No
3320-ABCD22,Male,0,Yes,Yes,24.0,Fiber optic,No,No,One year,Yes,Mailed check,67.05,1621.1,No
3321-WXYZ83,Female,1,Yes,No,1.0,DSL,Yes,Yes,Month-to-month,No,Bank transfer (automatic),52.8,46.49,Yes
3322-ABCD17,Female,1,No,No,21.0,Fiber optic,No,No,Month-to-month,No,Electronic check,64.96,1358.52,No
3323-LMNO72,Female,0,No,No,6.0,Fiber optic,No,Yes,Month-to-month,No,Bank transfer (automatic),74.2,442.58,Yes
3324-WXYZ18,Male,1,Yes,Yes,8.0,DSL,No,Yes,Month-to-month,No,Electronic check,39.76,318.9,Yes
3325-WXYZ20,Female,0,No,No,2.0,Fiber optic,Yes,No,Month-to-month,No,Electronic check,80.99,158.74,Yes
3326-LMNO51,Male,0,Yes,Yes,59.0,DSL,Yes,Yes,Two year,No,Bank transfer (automatic),52.71,3114.35,No
3327-ABCD45,Male,0,Yes,Yes,54.0,No,No internet service,No internet service,Two year,No,Mailed check,21.92,1182.27,No
3328-ABCD21,Female,0,Yes,Yes,50.0,No,No internet service,No internet service,Two year,Yes,Bank transfer (automatic),24.8,1236.44,No
3329-ABCD83,Female,0,Yes,No,8.0,DSL,Yes,Yes,Month-to-month,Yes,Bank transfer (automatic),65.81,521.27,No
3330-ABCD61,Male,0,No,No,17.0,Fiber optic,Yes,Yes,Month-to-month,No,Credit card (automatic),83.05,1412.13,Yes
3331-LMNO11,Male,1,No,No,8.0,Fiber optic,No,No,Month-to-month,No,Mailed check,69.68,559.74,Yes
3332-WXYZ65,Female,0,No,No,18.0,No,No internet service,No internet service,Month-to-month,No,Electronic check,20.14,367.06,No
3333-LMNO49,Female,0,No,No,1.0,No,No internet service,No internet service,Month-to-month,No,Bank transfer (automatic),18.0,16.07,No
3334-LMNO94,Male,0,Yes,No,44.0,DSL,No,No,One year,Yes,Bank transfer (automatic),46.65,2054.97,No
3335-LMNO38,Female,0,No,No,1.0,No,No internet service,No internet service,Month-to-month,No,Mailed check,25.66,33.54,No
3336-WXYZ60,Male,0,No,No,63.0,No,No internet service,No internet service,Two year,No,Bank transfer (automatic),24.98,1579.89,No
3337-ABCD98,Male,0,No,No,60.0,No,No internet service,No internet service,Two year,Yes,Electronic check,19.16,1147.51,No
3338-LMNO59,Female,0,No,No,2.0,DSL,Yes,Yes,Month-to-month,No,Electronic check,57.33,118.06,No
3339-LMNO90,Male,0,No,No,61.0,No,No internet service,No internet service,Two year,Yes,Bank transfer (automatic),18.0,1097.09,No
3340-ABCD11,Male,0,Yes,No,10.0,No,No internet service,No internet service,Month-to-month,No,Electronic check,18.0,177.81,Yes
3341-ABCD22,Female,0,No,No,16.0,Fiber optic,No,No,Month-to-month,No,Mailed check,72.72,1158.87,Yes
3342-WXYZ79,Female,0,No,No,57.0,No,No internet service,No internet service,Two year,Yes,Mailed check,20.0,1148.87,No
3343-LMNO67,Male,0,No,No,4.0,Fiber optic,Yes,No,Month-to-month,Yes,Mailed check,85.04,336.64,No
3344-LMNO91,Female,0,Yes,Yes,39.0,Fiber optic,No,Yes,Two year,Yes,Bank transfer (automatic),82.23,3206.18,No
3345-LMNO93,Female,1,No,No,34.0,No,No internet service,No internet service,One year,Yes,Electronic check,27.94,940.43,No
3346-ABCD92,Male,0,No,No,64.0,DSL,No,Yes,Two year,Yes,Credit card (automatic),45.22,2899.58,No
3347-WXYZ68,Female,1,Yes,No,60.0,No,No internet service,No internet service,Two year,Yes,Bank transfer (automatic),21.04,1262.23,No
3348-LMNO71,Male,1,No,No,,Fiber optic,No,Yes,Month-to-month,No,Mailed check,64.45,199.29,Yes
3349-ABCD77,Male,0,Yes,No,2.0,Fiber optic,Yes,No,Month-to-month,Yes,Electronic check,88.23,178.23,Yes
3350-LMNO98,Female,0,Yes,No,5.0,Fiber optic,Yes,Yes,Month-to-month,Yes,Electronic check,86.15,431.42,Yes
3351-LMNO44,Female,1,Yes,Yes,9.0,DSL,No,Yes,Month-to-month,No,Bank transfer (automatic),40.59,369.51,No
3352-LMNO23,Male,1,No,No,1.0,DSL,No,No,Month-to-month,No,Electronic check,46.25,46.19,Yes
3353-ABCD92,Male,0,Yes,No,49.0,Fiber optic,No,No,Two year,No,Electronic check,75.21,3676.09,No
3354-WXYZ16,Male,0,No,No,10.0,DSL,No,Yes,Month-to-month,Yes,Mailed check,55.34,554.72,Yes
3355-WXYZ92,Male,0,Yes,Yes,57.0,Fiber optic,No,Yes,Two year,Yes,Bank transfer (automatic),62.44,3564.64,No
3356-ABCD98,Male,0,Yes,No,40.0,DSL,Yes,Yes,One year,Yes,Bank transfer (automatic),54.28,2166.88,No
3357-LMNO60,Male,0,Yes,Yes,7.0,Fiber optic,Yes,Yes,Month-to-month,Yes,Bank transfer (automatic),84.5,580.97,Yes
3358-WXYZ89,Female,0,Yes,Yes,3.0,DSL,No,Yes,Month-to-month,No,Credit card (automatic),46.15,134.86,Yes
3359-LMNO51,Male,0,No,No,16.0,Fiber optic,Yes,No,Month-to-month,Yes,Electronic check,93.41,1496.2,Yes
3360-ABCD72,Male,0,No,No,32.0,Fiber optic,No,No,Month-to-month,No,Bank transfer (automatic),76.14,2430.59,Yes
3361-ABCD86,Female,0,Yes,Yes,2.0,No,No internet service,No internet service,Month-to-month,Yes,Electronic check,18.0,35.42,Yes
3362-LMNO36,Female,0,Yes,No,7.0,DSL,No,Yes,Month-to-month,Yes,Mailed check,42.89,302.28,Yes
3363-WXYZ43,Male,0,No,No,23.0,DSL,No,Yes,One year,Yes,Bank transfer (automatic),37.41,856.04,No
3364-ABCD15,Male,1,Yes,Yes,6.0,DSL,No,No,Month-to-month,No,Electronic check,38.47,237.28,Yes
3365-WXYZ96,Female,0,No,No,42.0,DSL,No,No,Two year,Yes,Mailed check,47.92,2016.03,No
3366-WXYZ38,Male,0,No,No,62.0,DSL,No,No,Two year,Yes,Credit card (automatic),45.7,2828.37,No
3367-WXYZ34,Male,0,Yes,Yes,7.0,DSL,No,Yes,Month-to-month,Yes,Electronic check,53.3,376.58,Yes
3368-LMNO90,Female,0,Yes,Yes,23.0,DSL,No,Yes,Month-to-month,Yes,Mailed check,37.96,868.95,No
3369-WXYZ33,Male,0,No,No,35.0,Fiber optic,No,No,One year,No,Credit card (automatic),69.87,2442.87,No
3370-LMNO35,Male,0,Yes,Yes,53.0,Fiber optic,No,No,Two year,Yes,Mailed check,67.3,3567.11,No
3371-LMNO37,Male,0,Yes,No,4.0,No,No internet service,No internet service,Month-to-month,Yes,Bank transfer (automatic),27.87,115.6,No
3372-LMNO84,Male,0,Yes,No,6.0,No,No internet service,No internet service,Month-to-month,No,Credit card (automatic),18.0,107.78,No
3373-WXYZ70,Male,0,No,No,3.0,Fiber optic,No,No,Month-to-month,Yes,Electronic check,71.08,215.31,Yes
3374-WXYZ60,Female,0,No,Yes,40.0,Fiber optic,Yes,No,Month-to-month,Yes,Electronic check,78.04,3128.77,Yes
3375-WXYZ57,Male,1,Yes,No,4.0,Fiber optic,No,No,Month-to-month,Yes,Bank transfer (automatic),77.24,310.27,Yes
3376-ABCD63,Male,0,No,No,12.0,DSL,No,No,Month-to-month,Yes,Bank transfer (automatic),54.19,647.12,No
3377-LMNO68,Male,0,Yes,Yes,20.0,Fiber optic,Yes,No,One year,Yes,Electronic check,81.51,1633.69,No
3378-LMNO29,Female,0,No,No,1.0,No,No internet service,No internet service,Month-to-month,No,Electronic check,18.0,15.27,Yes
3379-WXYZ68,Female,0,Yes,No,20.0,No,No internet service,No internet service,Month-to-month,No,Mailed check,21.32,424.96,No
3380-LMNO18,Male,0,No,No,9.0,No,No internet service,No internet service,Month-to-month,Yes,Credit card (automatic),18.0,164.82,No
3381-ABCD10,Female,0,No,No,55.0,Fiber optic,No,No,Two year,No,Mailed check,75.73,4168.08,No
3382-ABCD72,Male,0,Yes,Yes,2.0,No,No internet service,No internet service,Month-to-month,Yes,Credit card (automatic),22.28,43.65,No
3383-WXYZ77,Male,0,Yes,Yes,59.0,DSL,No,No,Two year,Yes,Credit card (automatic),51.34,3027.5,No
3384-LMNO12,Male,1,Yes,Yes,5.0,Fiber optic,No,Yes,Month-to-month,No,Bank transfer (automatic),64.6,332.14,Yes
3385-WXYZ16,Male,0,Yes,Yes,16.0,Fiber optic,Yes,No,Month-to-month,Yes,Bank transfer (automatic),78.12,1238.96,Yes
3386-LMNO10,Male,0,Yes,No,12.0,DSL,Yes,Yes,Month-to-month,Yes,Mailed check,61.83,743.78,No
3387-LMNO89,Female,0,No,No,44.0,No,No internet service,No internet service,One year,No,Electronic check,28.45,1251.89,No
3388-WXYZ80,Male,1,No,No,1.0,Fiber optic,No,No,Month-to-month,Yes,Bank transfer (automatic),65.32,63.21,Yes
3389-LMNO50,Female,1,Yes,No,37.0,Fiber optic,No,No,One year,Yes,Mailed check,72.31,2676.91,No
3390-LMNO84,Male,0,No,No,39.0,DSL,Yes,Yes,One year,No,Mailed check,56.69,2206.03,No
3391-WXYZ42,Male,0,No,No,29.0,No,No internet service,No internet service,One year,No,Bank transfer (automatic),25.29,726.9,No
3392-WXYZ72,Male,0,No,No,4.0,No,No internet service,No internet service,Month-to-month,No,Mailed check,18.0,77.21,No
3393-ABCD68,Female,0,Yes,Yes,61.0,Fiber optic,No,No,Two year,Yes,Bank transfer (automatic),71.38,4350.81,No
3394-LMNO90,Male,0,Yes,No,51.0,Fiber optic,No,Yes,Month-to-month,Yes,Mailed check,75.6,3854.99,No
3395-LMNO57,Female,0,No,Yes,26.0,No,No internet service,No internet service,Month-to-month,Yes,Electronic check,18.0,456.72,No
3396-ABCD57,Male,0,Yes,Yes,13.0,DSL,No,No,Month-to-month,Yes,Mailed check,48.01,615.46,No
3397-LMNO56,Male,1,No,No,60.0,No,No internet service,No internet service,One year,Yes,Credit card (automatic),18.21,1093.86,No
3398-WXYZ23,Male,1,No,No,3.0,No,No internet service,No internet service,Month-to-month,No,Credit card (automatic),24.24,78.14,Yes
3399-LMNO70,Male,0,Yes,No,3.0,Fiber optic,Yes,Yes,Month-to-month,Yes,Electronic check,86.84,257.09,Yes
3400-LMNO26,Male,0,Yes,No,25.0,DSL,No,Yes,Month-to-month,Yes,Mailed check,42.91,1080.91,No
3401-LMNO91,Male,1,No,No,10.0,Fiber optic,No,Yes,Month-to-month,Yes,Credit card (automatic),69.53,701.73,Yes
3402-WXYZ87,Female,0,No,No,18.0,No,No internet service,No internet service,Month-to-month,No,Electronic check,18.0,328.43,No
3403-WXYZ88,Male,0,No,No,7.0,DSL,Yes,No,Month-to-month,No,Electronic check,64.35,,No
3404-LMNO79,Female,0,Yes,No,1.0,No,No internet service,No internet service,Month-to-month,No,Electronic check,29.5,36.07,No
3405-LMNO24,Male,0,No,Yes,4.0,No,No internet service,No internet service,Month-to-month,Yes,Bank transfer (automatic),18.0,69.4,Yes
3406-WXYZ45,Female,0,No,No,60.0,Fiber optic,Yes,Yes,Two year,Yes,Mailed check,84.81,5086.24,No
3407-LMNO17,Female,0,No,No,14.0,Fiber optic,No,Yes,Month-to-month,Yes,Electronic check,77.86,1093.52,Yes
3408-LMNO12,Male,0,Yes,No,1.0,DSL,No,No,Month-to-month,No,Bank transfer (automatic),36.03,29.81,No
3409-WXYZ56,Male,0,Yes,No,11.0,No,No internet service,No internet service,Month-to-month,Yes,Electronic check,22.52,,No
3410-ABCD97,Female,0,Yes,No,50.0,No,No internet service,No internet service,Two year,Yes,Bank transfer (automatic),28.37,1420.8,No
3411-ABCD41,Female,0,No,No,24.0,No,No internet service,No internet service,Month-to-month,Yes,Mailed check,18.0,435.5,No
3412-WXYZ22,Male,1,No,No,14.0,DSL,Yes,Yes,Month-to-month,Yes,Mailed check,57.29,804.93,No
3413-ABCD43,Male,0,No,No,8.0,Fiber optic,No,Yes,Month-to-month,Yes,Electronic check,76.64,606.68,Yes
3414-WXYZ88,Female,0,No,No,62.0,Fiber optic,No,No,Two year,Yes,Bank transfer (automatic),64.54,3992.95,No
3415-WXYZ91,Male,0,Yes,Yes,31.0,Fiber optic,Yes,No,One year,Yes,Mailed check,89.31,2768.94,No
3416-WXYZ80,Female,0,Yes,No,6.0,DSL,No,Yes,Month-to-month,Yes,Mailed check,46.88,293.51,Yes
3417-ABCD40,Male,0,Yes,No,23.0,No,No internet service,No internet service,Month-to-month,Yes,Bank transfer (automatic),25.68,585.83,No
3418-ABCD34,Male,0,Yes,Yes,18.0,Fiber optic,Yes,No,Month-to-month,No,Bank transfer (automatic),84.36,1516.87,Yes
3419-WXYZ23,Female,0,No,No,20.0,No,No internet service,No internet service,Month-to-month,Yes,Electronic check,27.68,555.09,No
3420-LMNO63,Female,0,No,No,56.0,Fiber optic,No,Yes,Two year,No,Electronic check,68.08,3809.79,No
3421-WXYZ90,Male,0,Yes,Yes,1.0,Fiber optic,Yes,Yes,Month-to-month,Yes,Electronic check,77.63,80.91,No
3422-ABCD87,Male,0,No,No,27.0,DSL,Yes,Yes,One year,Yes,Bank transfer (automatic),52.3,1415.65,No
3423-ABCD65,Female,0,No,No,7.0,DSL,No,No,Month-to-month,Yes,Bank transfer (automatic),39.54,284.49,Yes
3424-WXYZ93,Female,0,Yes,No,39.0,No,No internet service,No internet service,One year,No,Bank transfer (automatic),23.38,914.57,No
3425-ABCD70,Male,0,Yes,Yes,34.0,DSL,No,No,Month-to-month,Yes,Bank transfer (automatic),41.24,1400.51,No
3426-ABCD31,Female,0,Yes,No,3.0,Fiber optic,No,Yes,Month-to-month,Yes,Credit card (automatic),69.91,214.07,Yes
3427-LMNO25,Female,0,Yes,No,41.0,No,No internet service,No internet service,One year,Yes,Mailed check,20.45,838.25,No
3428-WXYZ52,Female,0,No,No,9.0,No,No internet service,No internet service,Month-to-month,Yes,Mailed check,18.0,160.11,No
3429-ABCD89,Female,0,Yes,No,35.0,DSL,Yes,No,One year,Yes,Credit card (automatic),60.78,2125.23,No
3430-WXYZ11,Male,0,Yes,Yes,35.0,Fiber optic,No,No,Two year,Yes,Electronic check,74.7,2612.03,No
3431-ABCD48,Female,0,No,No,9.0,Fiber optic,Yes,No,Month-to-month,Yes,Mailed check,85.18,772.07,Yes
3432-WXYZ15,Female,0,No,No,65.0,Fiber optic,Yes,No,Two year,Yes,Electronic check,89.59,5828.72,No
3433-ABCD98,Male,0,Yes,No,10.0,Fiber optic,Yes,No,Month-to-month,No,Credit card (automatic),83.11,832.51,Yes
3434-ABCD78,Male,1,No,No,3.0,No,No internet service,No internet service,Month-to-month,No,Mailed check,21.33,61.76,Yes
3435-LMNO46,Male,0,Yes,No,44.0,Fiber optic,Yes,No,One year,Yes,Electronic check,85.49,3762.5,No
3436-ABCD78,Female,0,Yes,Yes,25.0,DSL,No,No,One year,No,Bank transfer (automatic),50.37,1255.57,No
3437-WXYZ66,Male,0,No,Yes,36.0,DSL,No,Yes,Month-to-month,No,Electronic check,47.12,1695.86,No
3438-WXYZ18,Female,0,Yes,No,54.0,No,No internet service,No internet service,Two year,Yes,Credit card (automatic),18.0,964.44,No
3439-LMNO95,Female,0,No,No,58.0,Fiber optic,No,No,Two year,Yes,Mailed check,72.44,4200.95,No
3440-WXYZ31,Female,0,Yes,Yes,3.0,Fiber optic,Yes,No,Month-to-month,No,Bank transfer (automatic),80.22,245.02,Yes
3441-WXYZ64,Female,0,Yes,No,44.0,Fiber optic,No,No,Two year,Yes,Mailed check,72.02,3166.22,No
3442-ABCD47,Female,1,No,No,31.0,Fiber optic,No,No,One year,No,Credit card (automatic),69.85,2170.5,No
3443-LMNO27,Male,0,Yes,No,69.0,Fiber optic,Yes,No,Two year,Yes,Credit card (automatic),85.75,5919.82,No
3444-LMNO74,Female,0,No,No,12.0,DSL,Yes,No,Month-to-month,Yes,Bank transfer (automatic),59.8,719.78,Yes
3445-LMNO10,Male,0,No,No,48.0,Fiber optic,No,No,Two year,No,Credit card (automatic),66.96,3211.27,No
3446-ABCD91,Female,0,No,No,13.0,Fiber optic,No,No,Month-to-month,No,Electronic check,66.34,857.87,Yes
3447-LMNO52,Male,0,No,No,51.0,Fiber optic,No,No,Two year,Yes,Credit card (automatic),75.4,3850.42,No
3448-LMNO41,Female,0,Yes,Yes,17.0,No,No internet service,No internet service,One year,No,Bank transfer (automatic),29.41,494.09,No
3449-ABCD37,Female,1,No,No,1.0,DSL,Yes,Yes,Month-to-month,Yes,Credit card (automatic),61.35,59.4,Yes
3450-WXYZ64,Female,0,No,No,10.0,No,No internet service,No internet service,Month-to-month,No,Bank transfer (automatic),20.16,202.83,No
3451-WXYZ71,Male,0,No,Yes,53.0,Fiber optic,No,No,Two year,No,Electronic check,63.86,3396.65,No
3452-WXYZ96,Male,0,No,No,24.0,No,No internet service,No internet service,One year,Yes,Bank transfer (automatic),18.0,435.59,No
3453-WXYZ97,Female,0,No,No,15.0,Fiber optic,No,No,Month-to-month,Yes,Electronic check,61.96,926.09,Yes
3454-ABCD22,Male,0,Yes,Yes,2.0,Fiber optic,No,No,Month-to-month,Yes,Bank transfer (automatic),72.65,145.21,No
3455-WXYZ63,Female,0,No,No,65.0,DSL,Yes,Yes,Two year,Yes,Mailed check,51.12,3321.63,No
3456-ABCD52,Male,0,Yes,No,4.0,DSL,Yes,No,Month-to-month,Yes,Electronic check,63.29,254.8,No
3457-LMNO70,Female,0,Yes,No,16.0,No,No internet service,No internet service,Month-to-month,No,Credit card (automatic),18.0,292.99,No
3458-WXYZ90,Male,0,No,No,43.0,No,No internet service,No internet service,Two year,Yes,Credit card (automatic),20.8,891.31,No
3459-LMNO27,Female,0,Yes,Yes,1.0,Fiber optic,Yes,No,Month-to-month,Yes,Credit card (automatic),82.96,83.93,Yes
3460-LMNO63,Female,0,Yes,Yes,1.0,Fiber optic,Yes,Yes,Month-to-month,No,Bank transfer (automatic),79.7,84.58,Yes
3461-LMNO39,Male,0,Yes,No,21.0,DSL,No,Yes,Month-to-month,Yes,Bank transfer (automatic),38.08,793.69,No
3462-WXYZ67,Male,0,No,No,64.0,Fiber optic,No,No,Two year,Yes,Bank transfer (automatic),61.38,3927.63,No
3463-LMNO80,Male,0,Yes,No,1.0,No,No internet service,No internet service,Month-to-month,Yes,Electronic check,18.0,16.16,Yes
3464-WXYZ16,Female,0,No,No,32.0,DSL,No,No,One year,Yes,Credit card (automatic),56.12,1795.74,No
3465-WXYZ95,Female,1,Yes,No,51.0,No,No internet service,No internet service,Two year,Yes,Credit card (automatic),26.52,1341.43,No
3466-WXYZ74,Female,0,No,No,7.0,DSL,No,Yes,Month-to-month,No,Bank transfer (automatic),45.91,317.85,No
3467-WXYZ58,Female,0,Yes,Yes,49.0,DSL,No,Yes,Two year,Yes,Credit card (automatic),43.17,2104.78,No
3468-WXYZ38,Male,0,No,No,9.0,Fiber optic,Yes,Yes,Month-to-month,No,Mailed check,82.07,733.3,Yes
3469-ABCD87,Male,1,Yes,No,45.0,Fiber optic,No,No,One year,No,Mailed check,70.55,3175.42,No
3470-ABCD56,Male,0,No,No,1.0,No,No internet service,No internet service,Month-to-month,No,Credit card (automatic),18.0,20.05,Yes
3471-WXYZ60,Male,0,No,No,20.0,No,No internet service,No internet service,One year,Yes,Mailed check,18.0,358.03,No
3472-LMNO79,Female,0,No,No,2.0,Fiber optic,No,No,Month-to-month,Yes,Bank transfer (automatic),72.43,134.3,Yes
3473-LMNO47,Female,0,No,Yes,5.0,No,No internet service,No internet service,Month-to-month,No,Mailed check,18.0,87.07,No
3474-ABCD63,Male,0,Yes,No,54.0,DSL,Yes,No,Two year,Yes,Bank transfer (automatic),47.6,2564.13,No
3475-ABCD33,Female,0,No,No,17.0,No,No internet service,No internet service,Month-to-month,Yes,Bank transfer (automatic),18.0,304.72,No
3476-LMNO80,Female,1,No,No,50.0,Fiber optic,No,Yes,Two year,No,Bank transfer (automatic),77.26,3863.48,No
3477-LMNO95,Male,1,No,No,1.0,DSL,Yes,No,Month-to-month,No,Mailed check,51.86,43.8,No
3478-LMNO66,Male,0,No,No,3.0,Fiber optic,No,No,Month-to-month,Yes,Electronic check,63.81,189.51,Yes
3479-LMNO69,Male,0,No,No,71.0,DSL,No,Yes,Two year,No,Bank transfer (automatic),41.82,2958.2,No
3480-LMNO71,Female,0,No,No,8.0,Fiber optic,Yes,No,Month-to-month,Yes,Credit card (automatic),77.01,615.12,Yes
3481-WXYZ31,Female,0,Yes,Yes,42.0,DSL,Yes,Yes,Two year,Yes,Electronic check,67.52,2834.86,No
3482-LMNO93,Female,0,No,No,14.0,DSL,No,No,Month-to-month,No,Electronic check,45.49,629.31,Yes
3483-WXYZ38,Male,1,No,No,4.0,Fiber optic,No,No,Month-to-month,No,Electronic check,61.11,237.21,Yes
3484-LMNO50,Male,0,No,No,51.0,DSL,No,Yes,One year,No,Credit card (automatic),44.36,2271.19,No
3485-WXYZ74,Female,0,Yes,Yes,11.0,DSL,No,No,Month-to-month,Yes,Bank transfer (automatic),44.8,494.5,Yes
3486-LMNO39,Female,1,No,No,3.0,No,No internet service,No internet service,Month-to-month,No,Credit card (automatic),18.79,52.88,Yes
3487-WXYZ26,Female,0,No,No,32.0,Fiber optic,Yes,No,One year,Yes,Bank transfer (automatic),84.17,2691.78,No
3488-WXYZ23,Female,0,Yes,No,6.0,Fiber optic,No,No,Month-to-month,Yes,Mailed check,69.35,410.15,No
3489-LMNO98,Male,0,No,No,11.0,DSL,No,No,Month-to-month,No,Credit card (automatic),46.55,513.17,No
3490-LMNO65,Female,0,Yes,No,54.0,Fiber optic,No,No,Two year,Yes,Electronic check,71.87,3880.4,No
3491-WXYZ76,Female,0,No,No,61.0,DSL,No,No,Two year,Yes,Mailed check,37.51,2291.76,No
3492-LMNO28,Male,0,Yes,No,58.0,Fiber optic,No,No,Month-to-month,Yes,Mailed check,70.3,4082.53,No
3493-ABCD53,Female,0,Yes,No,1.0,Fiber optic,No,Yes,Month-to-month,Yes,Electronic check,70.91,77.66,Yes
3494-WXYZ44,Male,1,Yes,No,42.0,Fiber optic,No,Yes,One year,Yes,Mailed check,66.95,2816.2,Yes
3495-WXYZ10,Male,1,No,No,8.0,Fiber optic,No,Yes,Month-to-month,Yes,Electronic check,78.53,627.16,Yes
3496-ABCD79,Male,0,Yes,Yes,8.0,No,No internet service,No internet service,Month-to-month,Yes,Electronic check,19.58,149.85,Yes
3497-ABCD74,Male,0,No,No,49.0,No,No internet service,No internet service,Two year,Yes,Electronic check,22.52,1102.01,No
3498-LMNO10,Male,0,No,No,1.0,DSL,No,No,Month-to-month,No,Credit card (automatic),42.75,42.51,No
3499-LMNO30,Male,0,No,Yes,45.0,Fiber optic,No,No,One year,No,Electronic check,68.48,3083.58,Yes
